sku,slug,handle,common,group,family,origin,care,temperament,swim,tank,adult,tempC,ph,hard,diet,social,life,psize,desc,tips,aqa_staple,aqa_treat,feeding_note,hub_url,care_url,shop_url,title
RA-FSH-0001,spotted-blue-eye-rainbowfish,spotted-blue-eye-rainbowfish-xxl-male-only,Spotted Blue Eye Rainbowfish,Rainbowfish,Melanotaeniidae,Australia / New Guinea,Beginner-Intermediate,Peaceful,Middle-Top,50 L,1-1.5 in (2.5-3.75 cm),23-28°C,7.0-8.0,Medium-Hard (8-20 dGH),Omnivore,Shoal of 6 or more,5-8 years,,"Spotted Blue Eye Rainbowfish is an active, peaceful schooling fish whose colours intensify with age and in a group. It prefers neutral-to-hard water and plenty of open swimming space.","Keep 6+ — colour and confidence build in a shoal (and with mature males). | Neutral to slightly alkaline, harder water suits them well. | Give long open swimming lanes; they're fast, active swimmers.",aqa-micro-pellet-colour-enhancing,aqa-brineshrimp-flakes,,https://care.best4pets.in/fish/spotted-blue-eye-rainbowfish,https://care.best4pets.in/fish/spotted-blue-eye-rainbowfish/care/,https://best4pets.in/products/spotted-blue-eye-rainbowfish-xxl-male-only,Spotted Blue Eye Rainbowfish XXL (Male Only)
RA-FSH-0002,lavender-white-ranchu,lavender-white-ranchu-4inch-import,Lavender White Ranchu,Goldfish,Cyprinidae (coldwater),Selectively bred (China),Beginner-Intermediate,Peaceful,All levels,75-115 L per fish,6-8 in fancy (15-20 cm),18-24°C,7.0-8.4,Medium-Hard (8-20 dGH),Omnivore,Groups,10-15+ years,4 in,"Lavender White Ranchu is a hardy coldwater fish that needs no heater but produces a heavy bioload, so strong filtration and space are essential. A long-lived, personable pet.",Coldwater fish — no heater needed; keep below ~24°C. | Big bioload: over-filter and do generous water changes. | Feed sinking foods to fancy types to reduce swim-bladder/buoyancy issues.,aqa-micro-pellet-economy,,Feed a sinking staple plus vegetable matter; avoid overfeeding.,https://care.best4pets.in/fish/lavender-white-ranchu,https://care.best4pets.in/fish/lavender-white-ranchu/care/,https://best4pets.in/products/lavender-white-ranchu-4inch-import,Lavender White Ranchu 4inch (Import)
RA-FSH-0003,tancho-ranchu,tancho-ranchu-3inch-import,Tancho Ranchu,Goldfish,Cyprinidae (coldwater),Selectively bred (China),Beginner-Intermediate,Peaceful,All levels,75-115 L per fish,6-8 in fancy (15-20 cm),18-24°C,7.0-8.4,Medium-Hard (8-20 dGH),Omnivore,Groups,10-15+ years,3 in,"Tancho Ranchu is a hardy coldwater fish that needs no heater but produces a heavy bioload, so strong filtration and space are essential. A long-lived, personable pet.",Coldwater fish — no heater needed; keep below ~24°C. | Big bioload: over-filter and do generous water changes. | Feed sinking foods to fancy types to reduce swim-bladder/buoyancy issues.,aqa-micro-pellet-economy,,Feed a sinking staple plus vegetable matter; avoid overfeeding.,https://care.best4pets.in/fish/tancho-ranchu,https://care.best4pets.in/fish/tancho-ranchu/care/,https://best4pets.in/products/tancho-ranchu-3inch-import,Tancho Ranchu 3inch (Import)
RA-FSH-0004,red-tail-penguin-tetra,red-tail-penguin-tetra-pair,Red Tail Penguin Tetra,Tetra/Characin,Characidae,South America,Beginner,Peaceful,Middle,75 L,1.5-2.5 in (4-6 cm),22-27°C,5.5-7.5,Soft-Medium (2-15 dGH),Omnivore,Shoal of 6 or more,3-5 years,,"Red Tail Penguin Tetra is a small, active schooling characin that shows its best colour and behaviour in a group. Peaceful and undemanding, it's ideal for planted community aquariums.","Keep in a shoal of at least 6 — lone specimens are shy and washed-out. | Offer a varied diet of quality micro-pellets, flakes and frozen foods. | Best in a planted tank with open swimming space and gentle flow.",aqa-micro-pellet-colour-enhancing,aqa-brineshrimp-flakes,,https://care.best4pets.in/fish/red-tail-penguin-tetra,https://care.best4pets.in/fish/red-tail-penguin-tetra/care/,https://best4pets.in/products/red-tail-penguin-tetra-pair,Red Tail Penguin Tetra (Pair)
RA-FSH-0005,calico-pingpong-pearlscale,calico-pingpong-pearlscale-import-4,Calico PingPong Pearlscale,Goldfish,Cyprinidae (coldwater),Selectively bred (China),Beginner-Intermediate,Peaceful,All levels,75-115 L per fish,6-8 in fancy (15-20 cm),18-24°C,7.0-8.4,Medium-Hard (8-20 dGH),Omnivore,Groups,10-15+ years,4 in,"Calico PingPong Pearlscale is a hardy coldwater fish that needs no heater but produces a heavy bioload, so strong filtration and space are essential. A long-lived, personable pet.",Coldwater fish — no heater needed; keep below ~24°C. | Big bioload: over-filter and do generous water changes. | Feed sinking foods to fancy types to reduce swim-bladder/buoyancy issues.,aqa-micro-pellet-economy,,Feed a sinking staple plus vegetable matter; avoid overfeeding.,https://care.best4pets.in/fish/calico-pingpong-pearlscale,https://care.best4pets.in/fish/calico-pingpong-pearlscale/care/,https://best4pets.in/products/calico-pingpong-pearlscale-import-4,"Calico PingPong Pearlscale (Import) 4""+"
RA-FSH-0006,red-white-pingpong-pearlscale,red-white-pingpong-pearlscale-import-4,Red White PingPong Pearlscale,Goldfish,Cyprinidae (coldwater),Selectively bred (China),Beginner-Intermediate,Peaceful,All levels,75-115 L per fish,6-8 in fancy (15-20 cm),18-24°C,7.0-8.4,Medium-Hard (8-20 dGH),Omnivore,Groups,10-15+ years,4 in,"Red White PingPong Pearlscale is a hardy coldwater fish that needs no heater but produces a heavy bioload, so strong filtration and space are essential. A long-lived, personable pet.",Coldwater fish — no heater needed; keep below ~24°C. | Big bioload: over-filter and do generous water changes. | Feed sinking foods to fancy types to reduce swim-bladder/buoyancy issues.,aqa-micro-pellet-economy,,Feed a sinking staple plus vegetable matter; avoid overfeeding.,https://care.best4pets.in/fish/red-white-pingpong-pearlscale,https://care.best4pets.in/fish/red-white-pingpong-pearlscale/care/,https://best4pets.in/products/red-white-pingpong-pearlscale-import-4,"Red White PingPong Pearlscale (Import) 4""+"
RA-FSH-0007,red-cap-oranda-goldfish,red-cap-oranda-goldfish-small-pair,Red Cap Oranda Goldfish,Goldfish,Cyprinidae (coldwater),Selectively bred (China),Beginner-Intermediate,Peaceful,All levels,75-115 L per fish,6-8 in fancy (15-20 cm),18-24°C,7.0-8.4,Medium-Hard (8-20 dGH),Omnivore,Groups,10-15+ years,,"Red Cap Oranda Goldfish is a hardy coldwater fish that needs no heater but produces a heavy bioload, so strong filtration and space are essential. A long-lived, personable pet.",Coldwater fish — no heater needed; keep below ~24°C. | Big bioload: over-filter and do generous water changes. | Feed sinking foods to fancy types to reduce swim-bladder/buoyancy issues.,aqa-micro-pellet-economy,,Feed a sinking staple plus vegetable matter; avoid overfeeding.,https://care.best4pets.in/fish/red-cap-oranda-goldfish,https://care.best4pets.in/fish/red-cap-oranda-goldfish/care/,https://best4pets.in/products/red-cap-oranda-goldfish-small-pair,Red Cap Oranda Goldfish small (Pair)
RA-FSH-0008,apistogramma-macmasteri,apistogramma-macmasteri-pair,Apistogramma Macmasteri,Dwarf Cichlid (Apisto/Ram),Cichlidae,South America,Intermediate,Peaceful (with care),Bottom-Middle,75-115 L,2-3.5 in (5-9 cm),26-29°C,5.5-7.0,Soft (2-10 dGH),Carnivore/Omnivore,Pairs,2-4 years,,"Apistogramma Macmasteri is a colourful dwarf cichlid best kept as a pair in warm, soft water with caves and territory. Peaceful in a community, but defends a small breeding territory.","Warm, soft, slightly acidic water suits dwarf cichlids best. | Provide caves and broken sight-lines so a pair can hold territory. | Rams (Mikrogeophagus) want the warm end (28-30°C) and stable water.",aqa-cichlid-colour-enhancer,aqa-brineshrimp-flakes,,https://care.best4pets.in/fish/apistogramma-macmasteri,https://care.best4pets.in/fish/apistogramma-macmasteri/care/,https://best4pets.in/products/apistogramma-macmasteri-pair,Apistogramma Macmasteri (Pair)
RA-FSH-0009,bi-colour-mbuna,bi-colour-mbuna-2,Bi Colour Mbuna,African Rift Cichlid (Malawi),Cichlidae,"Lake Malawi, East Africa",Intermediate,Aggressive,All levels,200 L,4-6 in (10-15 cm),24-28°C,7.8-8.6,Hard / Alkaline (10-20 dGH),Omnivore,Groups (species-appropriate),8-10 years,2 in,"Bi Colour Mbuna is a colourful, boldly territorial Lake Malawi cichlid. It needs hard, alkaline water and a rocky, cave-filled aquascape, with stocking planned to spread aggression.","Hard, alkaline water is essential — not for soft-water community tanks. | Build rockwork with many caves; keep them appropriately stocked to diffuse aggression. | Mbuna need veg-based food (avoid excess protein → Malawi bloat); peacocks/haps take more protein.",aqa-cichlid-colour-enhancer,aqa-brineshrimp-flakes,Mbuna are veg-leaning — keep protein moderate to avoid bloat.,https://care.best4pets.in/fish/bi-colour-mbuna,https://care.best4pets.in/fish/bi-colour-mbuna/care/,https://best4pets.in/products/bi-colour-mbuna-2,"Bi Colour Mbuna 2"""
RA-FSH-0010,albino-oscar-cichlid,albino-oscar-cichlid-4-5,Albino Oscar Cichlid,SA/CA Cichlid (large),Cichlidae,Central/South America,Intermediate,Aggressive,All levels,280 L,12-14 in (30-36 cm),23-28°C,6.5-7.5,Medium (5-20 dGH),Carnivore/Omnivore,Solitary or bonded pair,10-15 years,4.5 in,"Albino Oscar Cichlid is a large, characterful New World cichlid. These fish are intelligent and territorial, needing a big tank, strong filtration and robust decor. Adult size varies widely by species.",Provide a large tank with powerful filtration and secure hardscape. | Territorial and often aggressive — choose tankmates carefully and confirm the species' temperament. | Confirm the exact species' adult size before stocking — some exceed 30 cm.,aqa-cichlid-colour-enhancer,aqa-brineshrimp-flakes,Larger specimens need bigger meaty/pellet foods.,https://care.best4pets.in/fish/albino-oscar-cichlid,https://care.best4pets.in/fish/albino-oscar-cichlid/care/,https://best4pets.in/products/albino-oscar-cichlid-4-5,"Albino Oscar Cichlid 4.5"""
RA-FSH-0011,red-tail-botia,red-tail-botia-4inch,Red Tail Botia,Loach,Cobitidae / Botiidae,Asia,Beginner-Intermediate,Peaceful (with care),Bottom,115-280 L (species-dependent),2-12 in — varies by species,24-28°C,6.0-7.5,Soft-Medium (3-15 dGH),Omnivore,Groups of 5 or more,10-15 years,5 in,Red Tail Botia is a social bottom-dwelling loach that does best in groups and appreciates smooth substrate and hiding spots. Some stay small; clown loaches grow large and long-lived.,Keep in groups of 5+ — loaches are social and pine when kept singly. | Use smooth substrate and provide caves/tunnels for security. | Many relish snails; confirm adult size (clown loach reaches ~30 cm).,aqa-micro-pellet-economy,aqa-brineshrimp-flakes,Use a sinking food; many also relish snails.,https://care.best4pets.in/fish/red-tail-botia,https://care.best4pets.in/fish/red-tail-botia/care/,https://best4pets.in/products/red-tail-botia-4inch,Red Tail Botia 5inch
RA-FSH-0012,black-diamond-barb,black-diamond-barb-pair,Black Diamond Barb,Barb,Cyprinidae,Asia,Beginner-Intermediate,Semi-aggressive,Middle,115 L,2-3 in (5-8 cm),22-26°C,6.0-7.5,Soft-Medium (4-15 dGH),Omnivore,Shoal of 6 or more,5 years,,"Black Diamond Barb is an active, hardy barb. Kept in good numbers it's a lively community fish, but small groups can turn nippy toward long-finned tankmates.","Keep a shoal of 6+ to spread out natural nipping behaviour. | Avoid slow, long-finned tankmates (e.g. bettas, angelfish, guppies). | Provide open swimming space for this fast, energetic fish.",aqa-micro-pellet-colour-enhancing,aqa-brineshrimp-flakes,,https://care.best4pets.in/fish/black-diamond-barb,https://care.best4pets.in/fish/black-diamond-barb/care/,https://best4pets.in/products/black-diamond-barb-pair,Black Diamond Barb (Pair)
RA-FSH-0013,northern-thailand-tiger-fish,northern-thailand-tiger-fish,Northern Thailand Tiger Fish,Oddball/Predator,Various,Varies,Intermediate-Advanced,Aggressive,All levels,280-1140+ L (species-dependent),6-48 in — varies hugely by species,24-28°C,6.5-7.5,Soft-Medium (5-15 dGH),Carnivore,Solitary or species-dependent,10-20 years,,"Northern Thailand Tiger Fish is a specialist 'oddball' predator (such as bichirs, arowana, gar, knifefish or eels). Most grow large and hunt, so the exact species dictates tank size and tankmates.","Use a tight, weighted lid — most oddball predators jump or climb. | Predatory: never house with fish small enough to be swallowed. | Research the exact species — many outgrow standard aquariums dramatically.",aqa-brineshrimp-flakes,,Predatory — feed meaty foods sized to the fish; large species need large prey items.,https://care.best4pets.in/fish/northern-thailand-tiger-fish,https://care.best4pets.in/fish/northern-thailand-tiger-fish/care/,https://best4pets.in/products/northern-thailand-tiger-fish,Northern Thailand Tiger Fish
RA-FSH-0014,clown-loach,clown-loach-4inch,Clown Loach,Loach,Cobitidae / Botiidae,Asia,Beginner-Intermediate,Peaceful (with care),Bottom,280 L,10-12 in (25-30 cm),24-28°C,6.0-7.5,Soft-Medium (3-15 dGH),Omnivore,Groups of 5+,10-15 years,4 in,Clown Loach is a social bottom-dwelling loach that does best in groups and appreciates smooth substrate and hiding spots. Some stay small; clown loaches grow large and long-lived.,Keep in groups of 5+ — loaches are social and pine when kept singly. | Use smooth substrate and provide caves/tunnels for security. | Many relish snails; confirm adult size (clown loach reaches ~30 cm).,aqa-micro-pellet-economy,aqa-brineshrimp-flakes,Use a sinking food; many also relish snails.,https://care.best4pets.in/fish/clown-loach,https://care.best4pets.in/fish/clown-loach/care/,https://best4pets.in/products/clown-loach-4inch,Clown Loach 4inch
RA-FSH-0015,leopard-danio,leopard-danio-pair,Leopard danio,Danio/Minnow,Cyprinidae,Asia,Beginner,Peaceful,Top-Middle,75 L,1-2.5 in (2.5-6 cm),18-25°C,6.5-7.5,Soft-Medium (5-15 dGH),Omnivore,Shoal of 6 or more,3-5 years,,"Leopard danio is a hardy, extremely active schooling fish that tolerates cooler water than most tropicals. A great, forgiving choice for community and coldwater-leaning tanks.",Keep a tight-fitting lid — these are energetic jumpers. | Happiest in a shoal of 6+ with long open swimming lanes. | Tolerates cooler room-temperature water; avoid overheating.,aqa-micro-pellet-colour-enhancing,aqa-brineshrimp-flakes,,https://care.best4pets.in/fish/leopard-danio,https://care.best4pets.in/fish/leopard-danio/care/,https://best4pets.in/products/leopard-danio-pair,Leopard danio (Pair)
RA-FSH-0016,threadfin-rainbow-male,threadfin-rainbow-male-xxl,Threadfin Rainbow Male,Rainbowfish,Melanotaeniidae,Australia / New Guinea,Beginner-Intermediate,Peaceful,Middle-Top,115 L,2-5 in (5-13 cm),23-28°C,7.0-8.0,Medium-Hard (8-20 dGH),Omnivore,Shoal of 6 or more,5-8 years,,"Threadfin Rainbow Male is an active, peaceful schooling fish whose colours intensify with age and in a group. It prefers neutral-to-hard water and plenty of open swimming space.","Keep 6+ — colour and confidence build in a shoal (and with mature males). | Neutral to slightly alkaline, harder water suits them well. | Give long open swimming lanes; they're fast, active swimmers.",aqa-micro-pellet-colour-enhancing,aqa-brineshrimp-flakes,,https://care.best4pets.in/fish/threadfin-rainbow-male,https://care.best4pets.in/fish/threadfin-rainbow-male/care/,https://best4pets.in/products/threadfin-rainbow-male-xxl,Threadfin Rainbow Male XXL
RA-FSH-0017,channa-pulchra,channa-pulchra-3-4inch,Channa Pulchra,Snakehead,Channidae,Asia / Africa,Intermediate-Advanced,Aggressive,All levels,200-475 L (species-dependent),6-40 in — varies hugely by species,22-28°C,6.0-7.5,Soft-Medium (5-15 dGH),Carnivore,Solitary or bonded pair,10-15 years,3-4 in,"Channa Pulchra is a predatory air-breathing snakehead. Species range from ~15 cm dwarves to metre-long giants, so the exact species dictates tank size. All are escape artists and hunters.","A tight, weighted lid is essential — snakeheads are determined jumpers. | Predatory: do not house with fish small enough to be eaten. | Confirm the species' adult size before buying — it ranges from 15 cm to over 1 m.",aqa-brineshrimp-flakes,,Predatory — feed meaty foods sized to the fish.,https://care.best4pets.in/fish/channa-pulchra,https://care.best4pets.in/fish/channa-pulchra/care/,https://best4pets.in/products/channa-pulchra-3-4inch,Channa Pulchra 3-4inch
RA-FSH-0018,albino-heckelii,albino-heckelii-3,Albino Heckelii,SA/CA Cichlid (large),Cichlidae,Central/South America,Intermediate-Advanced,Aggressive,All levels,200-475 L (species-dependent),6-16 in — varies by species,23-28°C,6.5-7.5,Medium (5-20 dGH),Carnivore/Omnivore,Solitary or bonded pair,10-15 years,3 in,"Albino Heckelii is a large, characterful New World cichlid. These fish are intelligent and territorial, needing a big tank, strong filtration and robust decor. Adult size varies widely by species.",Provide a large tank with powerful filtration and secure hardscape. | Territorial and often aggressive — choose tankmates carefully and confirm the species' temperament. | Confirm the exact species' adult size before stocking — some exceed 30 cm.,aqa-cichlid-colour-enhancer,aqa-brineshrimp-flakes,Larger specimens need bigger meaty/pellet foods.,https://care.best4pets.in/fish/albino-heckelii,https://care.best4pets.in/fish/albino-heckelii/care/,https://best4pets.in/products/albino-heckelii-3,"Albino Heckelii 3"" (Pair)"
RA-FSH-0019,blue-neon-cichlid,blue-neon-cichlid-2-5-3inch,Blue Neon Cichlid,Tetra/Characin,Characidae,South America,Beginner,Peaceful,Middle,75 L,1.5-2.5 in (4-6 cm),22-27°C,5.5-7.5,Soft-Medium (2-15 dGH),Omnivore,Shoal of 6 or more,3-5 years,2-2.5 in,"Blue Neon Cichlid is a small, active schooling characin that shows its best colour and behaviour in a group. Peaceful and undemanding, it's ideal for planted community aquariums.","Keep in a shoal of at least 6 — lone specimens are shy and washed-out. | Offer a varied diet of quality micro-pellets, flakes and frozen foods. | Best in a planted tank with open swimming space and gentle flow.",aqa-micro-pellet-colour-enhancing,aqa-brineshrimp-flakes,,https://care.best4pets.in/fish/blue-neon-cichlid,https://care.best4pets.in/fish/blue-neon-cichlid/care/,https://best4pets.in/products/blue-neon-cichlid-2-5-3inch,Blue Neon Cichlid 2-2.5inch
RA-FSH-0020,macaw-cichlid,macaw-cichlid-5inch-copy,Macaw Cichlid,SA/CA Cichlid (large),Cichlidae,Central/South America,Intermediate-Advanced,Aggressive,All levels,200-475 L (species-dependent),6-16 in — varies by species,23-28°C,6.5-7.5,Medium (5-20 dGH),Carnivore/Omnivore,Solitary or bonded pair,10-15 years,5 in,"Macaw Cichlid is a large, characterful New World cichlid. These fish are intelligent and territorial, needing a big tank, strong filtration and robust decor. Adult size varies widely by species.",Provide a large tank with powerful filtration and secure hardscape. | Territorial and often aggressive — choose tankmates carefully and confirm the species' temperament. | Confirm the exact species' adult size before stocking — some exceed 30 cm.,aqa-cichlid-colour-enhancer,aqa-brineshrimp-flakes,Larger specimens need bigger meaty/pellet foods.,https://care.best4pets.in/fish/macaw-cichlid,https://care.best4pets.in/fish/macaw-cichlid/care/,https://best4pets.in/products/macaw-cichlid-5inch-copy,Macaw Cichlid 5inch
RA-FSH-0021,placidochromis-phenochilus-3-3-5,placidochromis-phenochilus-3-3-5,Placidochromis phenochilus 3-3.5,African Rift Cichlid (Malawi),Cichlidae,"Lake Malawi, East Africa",Intermediate,Aggressive,All levels,200 L,4-6 in (10-15 cm),24-28°C,7.8-8.6,Hard / Alkaline (10-20 dGH),Omnivore,Groups (species-appropriate),8-10 years,,"Placidochromis phenochilus 3-3.5 is a colourful, boldly territorial Lake Malawi cichlid. It needs hard, alkaline water and a rocky, cave-filled aquascape, with stocking planned to spread aggression.","Hard, alkaline water is essential — not for soft-water community tanks. | Build rockwork with many caves; keep them appropriately stocked to diffuse aggression. | Mbuna need veg-based food (avoid excess protein → Malawi bloat); peacocks/haps take more protein.",aqa-cichlid-colour-enhancer,aqa-brineshrimp-flakes,Mbuna are veg-leaning — keep protein moderate to avoid bloat.,https://care.best4pets.in/fish/placidochromis-phenochilus-3-3-5,https://care.best4pets.in/fish/placidochromis-phenochilus-3-3-5/care/,https://best4pets.in/products/placidochromis-phenochilus-3-3-5,Placidochromis phenochilus 3-3.5
RA-FSH-0022,pundamilia-nyererei-cichlid,pundamilia-nyererei-cichlid-2inch,Pundamilia Nyererei Cichlid,African Rift Cichlid (Malawi),Cichlidae,"Lake Malawi, East Africa",Intermediate,Aggressive,All levels,200 L,4-6 in (10-15 cm),24-28°C,7.8-8.6,Hard / Alkaline (10-20 dGH),Omnivore,Groups (species-appropriate),8-10 years,2 in,"Pundamilia Nyererei Cichlid is a colourful, boldly territorial Lake Malawi cichlid. It needs hard, alkaline water and a rocky, cave-filled aquascape, with stocking planned to spread aggression.","Hard, alkaline water is essential — not for soft-water community tanks. | Build rockwork with many caves; keep them appropriately stocked to diffuse aggression. | Mbuna need veg-based food (avoid excess protein → Malawi bloat); peacocks/haps take more protein.",aqa-cichlid-colour-enhancer,aqa-brineshrimp-flakes,Mbuna are veg-leaning — keep protein moderate to avoid bloat.,https://care.best4pets.in/fish/pundamilia-nyererei-cichlid,https://care.best4pets.in/fish/pundamilia-nyererei-cichlid/care/,https://best4pets.in/products/pundamilia-nyererei-cichlid-2inch,Pundamilia Nyererei Cichlid 2inch
RA-FSH-0023,yellow-sunshine-peacock,yellow-sunshine-peacock-2-5,Yellow Sunshine Peacock,African Rift Cichlid (Malawi),Cichlidae,"Lake Malawi, East Africa",Intermediate,Aggressive,All levels,200 L,4-6 in (10-15 cm),24-28°C,7.8-8.6,Hard / Alkaline (10-20 dGH),Omnivore,Groups (species-appropriate),8-10 years,2 in,"Yellow Sunshine Peacock is a colourful, boldly territorial Lake Malawi cichlid. It needs hard, alkaline water and a rocky, cave-filled aquascape, with stocking planned to spread aggression.","Hard, alkaline water is essential — not for soft-water community tanks. | Build rockwork with many caves; keep them appropriately stocked to diffuse aggression. | Mbuna need veg-based food (avoid excess protein → Malawi bloat); peacocks/haps take more protein.",aqa-cichlid-colour-enhancer,aqa-brineshrimp-flakes,Mbuna are veg-leaning — keep protein moderate to avoid bloat.,https://care.best4pets.in/fish/yellow-sunshine-peacock,https://care.best4pets.in/fish/yellow-sunshine-peacock/care/,https://best4pets.in/products/yellow-sunshine-peacock-2-5,Yellow Sunshine Peacock 2inch
RA-FSH-0024,livingstonii-cichlid,livingstonii-cichlid-2-5,Livingstonii Cichlid,African Rift Cichlid (Malawi),Cichlidae,"Lake Malawi, East Africa",Intermediate,Aggressive,All levels,200 L,4-6 in (10-15 cm),24-28°C,7.8-8.6,Hard / Alkaline (10-20 dGH),Omnivore,Groups (species-appropriate),8-10 years,2.5 in,"Livingstonii Cichlid is a colourful, boldly territorial Lake Malawi cichlid. It needs hard, alkaline water and a rocky, cave-filled aquascape, with stocking planned to spread aggression.","Hard, alkaline water is essential — not for soft-water community tanks. | Build rockwork with many caves; keep them appropriately stocked to diffuse aggression. | Mbuna need veg-based food (avoid excess protein → Malawi bloat); peacocks/haps take more protein.",aqa-cichlid-colour-enhancer,aqa-brineshrimp-flakes,Mbuna are veg-leaning — keep protein moderate to avoid bloat.,https://care.best4pets.in/fish/livingstonii-cichlid,https://care.best4pets.in/fish/livingstonii-cichlid/care/,https://best4pets.in/products/livingstonii-cichlid-2-5,"Livingstonii Cichlid 2.5"""
RA-FSH-0025,t-bar-cichlid,t-bar-cichlid-2-pair,T Bar Cichlid,Cichlid (other),Cichlidae,Varies,Intermediate,Semi-aggressive,All levels,150-200 L,4-8 in — varies by species,23-28°C,6.5-8.0,Medium (5-20 dGH),Omnivore,Species-dependent,8-12 years,2 in,T Bar Cichlid is a cichlid whose exact requirements depend on its species and region. As a group these fish are territorial and appreciate structured decor and defined territories.,Confirm the species' origin (African rift vs. New World) to set the right water hardness. | Provide territory and broken sight-lines to reduce aggression. | Match tankmates to the species' adult size and temperament.,aqa-cichlid-colour-enhancer,aqa-brineshrimp-flakes,,https://care.best4pets.in/fish/t-bar-cichlid,https://care.best4pets.in/fish/t-bar-cichlid/care/,https://best4pets.in/products/t-bar-cichlid-2-pair,"T Bar Cichlid 2"" (Pair)"
RA-FSH-0026,channa-andrao,channa-andrao-4-5inch-pairs,Channa andrao,Snakehead,Channidae,Asia / Africa,Intermediate-Advanced,Aggressive,All levels,100-150 L ,4-6 in,18-26°C,6.0-7.5,Soft-Medium (5-15 dGH),Carnivore,Solitary or bonded pair,10-15 years,4.5 in,Channa andrao is a predatory air-breathing snakehead. One of the smallest snakeheads from India. All are escape artists and hunters.,"A tight, weighted lid is essential — snakeheads are determined jumpers. | Predatory: do not house with fish small enough to be eaten. | Confirm the species' adult size before buying.",aqa-brineshrimp-flakes,,Predatory — feed meaty foods sized to the fish.,https://care.best4pets.in/fish/channa-andrao,https://care.best4pets.in/fish/channa-andrao/care/,https://best4pets.in/products/channa-andrao-4-5inch-pairs,Channa andrao 4.5inch (Pairs)
RA-FSH-0027,cynotilapia-zebroides-jalo-reef,cynotilapia-zebroides-jalo-reef-4inch,Cynotilapia zebroides Jalo Reef,African Rift Cichlid (Malawi),Cichlidae,"Lake Malawi, East Africa",Intermediate,Aggressive,All levels,200 L,4-6 in (10-15 cm),24-28°C,7.8-8.6,Hard / Alkaline (10-20 dGH),Omnivore,Groups (species-appropriate),8-10 years,4 in,"Cynotilapia zebroides Jalo Reef is a colourful, boldly territorial Lake Malawi cichlid. It needs hard, alkaline water and a rocky, cave-filled aquascape, with stocking planned to spread aggression.","Hard, alkaline water is essential — not for soft-water community tanks. | Build rockwork with many caves; keep them appropriately stocked to diffuse aggression. | Mbuna need veg-based food (avoid excess protein → Malawi bloat); peacocks/haps take more protein.",aqa-cichlid-colour-enhancer,aqa-brineshrimp-flakes,Mbuna are veg-leaning — keep protein moderate to avoid bloat.,https://care.best4pets.in/fish/cynotilapia-zebroides-jalo-reef,https://care.best4pets.in/fish/cynotilapia-zebroides-jalo-reef/care/,https://best4pets.in/products/cynotilapia-zebroides-jalo-reef-4inch,Cynotilapia zebroides 'Jalo Reef' 4inch
RA-FSH-0028,blue-rainbow,blue-rainbow-xl-pair,Blue Rainbow,Rainbowfish,Melanotaeniidae,Australia / New Guinea,Beginner-Intermediate,Peaceful,Middle-Top,115 L,2-5 in (5-13 cm),23-28°C,7.0-8.0,Medium-Hard (8-20 dGH),Omnivore,Shoal of 6 or more,5-8 years,,"Blue Rainbow is an active, peaceful schooling fish whose colours intensify with age and in a group. It prefers neutral-to-hard water and plenty of open swimming space.","Keep 6+ — colour and confidence build in a shoal (and with mature males). | Neutral to slightly alkaline, harder water suits them well. | Give long open swimming lanes; they're fast, active swimmers.",aqa-micro-pellet-colour-enhancing,aqa-brineshrimp-flakes,,https://care.best4pets.in/fish/blue-rainbow,https://care.best4pets.in/fish/blue-rainbow/care/,https://best4pets.in/products/blue-rainbow-xl-pair,Blue Rainbow XL (Pair)
RA-FSH-0029,baloon-texas-cichlid,baloon-texas-cichlid-2-5inch,Baloon Texas Cichlid,SA/CA Cichlid (large),Cichlidae,Central/South America,Intermediate-Advanced,Aggressive,All levels,280 L,8-12 in (20-30 cm),23-28°C,6.5-7.5,Medium (5-20 dGH),Carnivore/Omnivore,Solitary or bonded pair,10-15 years,3 in,"Baloon Texas Cichlid is a large, characterful New World cichlid. These fish are intelligent and territorial, needing a big tank, strong filtration and robust decor. Adult size varies widely by species.",Provide a large tank with powerful filtration and secure hardscape. | Territorial and often aggressive — choose tankmates carefully and confirm the species' temperament. | Confirm the exact species' adult size before stocking — some exceed 30 cm.,aqa-cichlid-colour-enhancer,aqa-brineshrimp-flakes,Larger specimens need bigger meaty/pellet foods.,https://care.best4pets.in/fish/baloon-texas-cichlid,https://care.best4pets.in/fish/baloon-texas-cichlid/care/,https://best4pets.in/products/baloon-texas-cichlid-2-5inch,Baloon Texas Cichlid 3inch
RA-FSH-0030,tropheus-red-cheek,tropheus-red-bishop-1-25-copy,Tropheus Red Cheek,Tanganyikan Cichlid,Cichlidae,"Lake Tanganyika, East Africa",Intermediate,Territorial,All levels,115-200 L (species-dependent),2-14 in — varies by species,24-28°C,7.8-9.0,Hard / Alkaline (10-20 dGH),Carnivore/Omnivore,Colony or pair (species-dependent),8-15 years,2 in,"Tropheus Red Cheek is a Lake Tanganyika cichlid needing hard, alkaline water. This group ranges from tiny shell-dwellers to large Frontosa, so check the specific species' adult size and setup.","Hard, alkaline water with the right decor — shells for shell-dwellers, rock for others. | Adult size varies enormously across this group — confirm the species before stocking. | Feed appropriately: many are micro-predators; avoid excess for the smaller species.",aqa-cichlid-colour-enhancer,aqa-brineshrimp-flakes,,https://care.best4pets.in/fish/tropheus-red-cheek,https://care.best4pets.in/fish/tropheus-red-cheek/care/,https://best4pets.in/products/tropheus-red-bishop-1-25-copy,"Tropheus ""Red Cheek"" 2inch"
RA-FSH-0031,red-shoulder-angelfish-ml,red-shoulder-angelfish-ml-pair,Red Shoulder Angelfish ML,Angelfish,Cichlidae,"Amazon, South America",Intermediate,Semi-aggressive,Middle,115 L (tall),"6 in tall, to 8 in (15-20 cm)",25-29°C,6.0-7.5,Soft-Medium (3-15 dGH),Omnivore,Pairs / small groups,8-10 years,,"Red Shoulder Angelfish ML is a graceful South American cichlid with a tall body that needs a deep tank. Peaceful for a cichlid, but pairs get territorial when breeding and may eat very small fish.","Use a tall tank to accommodate the fins and body shape. | May eat very small fish (e.g. neon tetras) — choose tankmates by size. | Warm, soft-to-neutral water; pairs become territorial when spawning.",aqa-cichlid-colour-enhancer,aqa-brineshrimp-flakes,,https://care.best4pets.in/fish/red-shoulder-angelfish-ml,https://care.best4pets.in/fish/red-shoulder-angelfish-ml/care/,https://best4pets.in/products/red-shoulder-angelfish-ml-pair,Red Shoulder Angelfish ML (Pair)
RA-FSH-0032,black-tiger-badis,black-tiger-badis-pair,Black Tiger Badis,Badis/Dario,Badidae,Asia,Intermediate,Peaceful (with care),Bottom-Middle,40-75 L,0.8-3 in (2-8 cm),22-26°C,6.5-7.5,Soft-Medium (5-15 dGH),Carnivore (micro),Pairs / harem,3-5 years,,"Black Tiger Badis is a small, shy micro-predator (such as the scarlet badis). It often refuses dry food, needs gentle tankmates and dense cover, and rewards patience with jewel-like colour.","Feed small live/frozen foods — most refuse flakes and pellets. | Keep with calm, small tankmates; boisterous fish outcompete them. | Provide dense planting and cover so this shy fish feels secure.",aqa-brineshrimp-flakes,,Usually needs live/frozen micro-foods — may refuse dry food.,https://care.best4pets.in/fish/black-tiger-badis,https://care.best4pets.in/fish/black-tiger-badis/care/,https://best4pets.in/products/black-tiger-badis-pair,Black Tiger Badis (Pair)
RA-FSH-0033,yellow-tail-acei,yellow-tail-acei-3-5inch,Yellow-tail Acei,African Rift Cichlid (Malawi),Cichlidae,"Lake Malawi, East Africa",Intermediate,Aggressive,All levels,200 L,4-6 in (10-15 cm),24-28°C,7.8-8.6,Hard / Alkaline (10-20 dGH),Omnivore,Groups (species-appropriate),8-10 years,4-5 in,"Yellow-tail Acei is a colourful, boldly territorial Lake Malawi cichlid. It needs hard, alkaline water and a rocky, cave-filled aquascape, with stocking planned to spread aggression.","Hard, alkaline water is essential — not for soft-water community tanks. | Build rockwork with many caves; keep them appropriately stocked to diffuse aggression. | Mbuna need veg-based food (avoid excess protein → Malawi bloat); peacocks/haps take more protein.",aqa-cichlid-colour-enhancer,aqa-brineshrimp-flakes,Mbuna are veg-leaning — keep protein moderate to avoid bloat.,https://care.best4pets.in/fish/yellow-tail-acei,https://care.best4pets.in/fish/yellow-tail-acei/care/,https://best4pets.in/products/yellow-tail-acei-3-5inch,Yellow-tail Acei 4-5inch
RA-FSH-0034,blue-peacock-cichlid,blue-peacock-cichlid-3inch,Blue Peacock Cichlid,African Rift Cichlid (Malawi),Cichlidae,"Lake Malawi, East Africa",Intermediate,Aggressive,All levels,200 L,4-6 in (10-15 cm),24-28°C,7.8-8.6,Hard / Alkaline (10-20 dGH),Omnivore,Groups (species-appropriate),8-10 years,2.5 in,"Blue Peacock Cichlid is a colourful, boldly territorial Lake Malawi cichlid. It needs hard, alkaline water and a rocky, cave-filled aquascape, with stocking planned to spread aggression.","Hard, alkaline water is essential — not for soft-water community tanks. | Build rockwork with many caves; keep them appropriately stocked to diffuse aggression. | Mbuna need veg-based food (avoid excess protein → Malawi bloat); peacocks/haps take more protein.",aqa-cichlid-colour-enhancer,aqa-brineshrimp-flakes,Mbuna are veg-leaning — keep protein moderate to avoid bloat.,https://care.best4pets.in/fish/blue-peacock-cichlid,https://care.best4pets.in/fish/blue-peacock-cichlid/care/,https://best4pets.in/products/blue-peacock-cichlid-3inch,Blue Peacock Cichlid 2.5inch
RA-FSH-0035,blue-johani-cichlid,blue-johani-cichlid-3inch,Blue Johani Cichlid,African Rift Cichlid (Malawi),Cichlidae,"Lake Malawi, East Africa",Intermediate,Aggressive,All levels,200 L,4-6 in (10-15 cm),24-28°C,7.8-8.6,Hard / Alkaline (10-20 dGH),Omnivore,Groups (species-appropriate),8-10 years,3 in,"Blue Johani Cichlid is a colourful, boldly territorial Lake Malawi cichlid. It needs hard, alkaline water and a rocky, cave-filled aquascape, with stocking planned to spread aggression.","Hard, alkaline water is essential — not for soft-water community tanks. | Build rockwork with many caves; keep them appropriately stocked to diffuse aggression. | Mbuna need veg-based food (avoid excess protein → Malawi bloat); peacocks/haps take more protein.",aqa-cichlid-colour-enhancer,aqa-brineshrimp-flakes,Mbuna are veg-leaning — keep protein moderate to avoid bloat.,https://care.best4pets.in/fish/blue-johani-cichlid,https://care.best4pets.in/fish/blue-johani-cichlid/care/,https://best4pets.in/products/blue-johani-cichlid-3inch,Blue Johani Cichlid 3inch
RA-FSH-0036,red-white-ryukin,red-white-ryukin-4inch,Red White Ryukin,Goldfish,Cyprinidae (coldwater),Selectively bred (China),Beginner-Intermediate,Peaceful,All levels,75-115 L per fish,6-8 in fancy (15-20 cm),18-24°C,7.0-8.4,Medium-Hard (8-20 dGH),Omnivore,Groups,10-15+ years,4 in,"Red White Ryukin is a hardy coldwater fish that needs no heater but produces a heavy bioload, so strong filtration and space are essential. A long-lived, personable pet.",Coldwater fish — no heater needed; keep below ~24°C. | Big bioload: over-filter and do generous water changes. | Feed sinking foods to fancy types to reduce swim-bladder/buoyancy issues.,aqa-micro-pellet-economy,,Feed a sinking staple plus vegetable matter; avoid overfeeding.,https://care.best4pets.in/fish/red-white-ryukin,https://care.best4pets.in/fish/red-white-ryukin/care/,https://best4pets.in/products/red-white-ryukin-4inch,Red White Ryukin 4inch
RA-FSH-0037,congo-tetra,congo-tetra-1-pair,Congo Tetra,Tetra/Characin,Characidae,South America,Beginner,Peaceful,Middle,75 L,1.5-2.5 in (4-6 cm),22-27°C,5.5-7.5,Soft-Medium (2-15 dGH),Omnivore,Shoal of 6 or more,3-5 years,1 in,"Congo Tetra is a small, active schooling characin that shows its best colour and behaviour in a group. Peaceful and undemanding, it's ideal for planted community aquariums.","Keep in a shoal of at least 6 — lone specimens are shy and washed-out. | Offer a varied diet of quality micro-pellets, flakes and frozen foods. | Best in a planted tank with open swimming space and gentle flow.",aqa-micro-pellet-colour-enhancing,aqa-brineshrimp-flakes,,https://care.best4pets.in/fish/congo-tetra,https://care.best4pets.in/fish/congo-tetra/care/,https://best4pets.in/products/congo-tetra-1-pair,"Congo Tetra 1"" (Pair)"
RA-FSH-0038,paratilapia-polleni,paratilapia-polleni-3inch,Paratilapia polleni,SA/CA Cichlid (large),Cichlidae,Central/South America,Intermediate-Advanced,Aggressive,All levels,200-475 L (species-dependent),6-16 in — varies by species,23-28°C,6.5-7.5,Medium (5-20 dGH),Carnivore/Omnivore,Solitary or bonded pair,10-15 years,3 in,"Paratilapia polleni is a large, characterful New World cichlid. These fish are intelligent and territorial, needing a big tank, strong filtration and robust decor. Adult size varies widely by species.",Provide a large tank with powerful filtration and secure hardscape. | Territorial and often aggressive — choose tankmates carefully and confirm the species' temperament. | Confirm the exact species' adult size before stocking — some exceed 30 cm.,aqa-cichlid-colour-enhancer,aqa-brineshrimp-flakes,Larger specimens need bigger meaty/pellet foods.,https://care.best4pets.in/fish/paratilapia-polleni,https://care.best4pets.in/fish/paratilapia-polleni/care/,https://best4pets.in/products/paratilapia-polleni-3inch,Paratilapia polleni 3inch
RA-FSH-0039,blue-paradise-fish,paradise-fish-pair,Blue Paradise fish,Gourami/Anabantid,Osphronemidae,Southeast Asia,Beginner-Intermediate,Peaceful (with care),Top-Middle,75-115 L,2-6 in (5-15 cm),23-28°C,6.0-7.5,Soft-Medium (4-15 dGH),Omnivore,Pairs or single,3-5 years,,"Blue Paradise fish is a labyrinth fish that gulps air at the surface and appreciates calm water. Generally peaceful, though males can be territorial with their own kind.","Keep calm water with surface access for air-breathing. | Avoid keeping multiple males in a small tank — they turn territorial. | Provide floating plants and gentle flow for a secure, settled fish.",aqa-micro-pellet-colour-enhancing,aqa-brineshrimp-flakes,,https://care.best4pets.in/fish/blue-paradise-fish,https://care.best4pets.in/fish/blue-paradise-fish/care/,https://best4pets.in/products/paradise-fish-pair,Blue Paradise fish (Pair)
RA-FSH-0040,black-veil-tail-bristlenose,black-veil-tail-bristlenose-1-5-1-75inch,Black Veil Tail Bristlenose,Goldfish,Cyprinidae (coldwater),Selectively bred (China),Beginner-Intermediate,Peaceful,All levels,115 L,4-5 in (10-13 cm),18-24°C,7.0-8.4,Medium-Hard (8-20 dGH),Omnivore,Groups,10-15+ years,1.5-1.75 in,"Black Veil Tail Bristlenose is a hardy coldwater fish that needs no heater but produces a heavy bioload, so strong filtration and space are essential. A long-lived, personable pet.",Coldwater fish — no heater needed; keep below ~24°C. | Big bioload: over-filter and do generous water changes. | Feed sinking foods to fancy types to reduce swim-bladder/buoyancy issues.,aqa-micro-pellet-economy,,Feed a sinking staple plus vegetable matter; avoid overfeeding.,https://care.best4pets.in/fish/black-veil-tail-bristlenose,https://care.best4pets.in/fish/black-veil-tail-bristlenose/care/,https://best4pets.in/products/black-veil-tail-bristlenose-1-5-1-75inch,Black Veil Tail Bristlenose 1.5-1.75inch
RA-FSH-0041,albino-veil-tail-bristlenose,albino-veil-tail-bristlenose-1-5-1-75inch,Albino Veil Tail Bristlenose,Goldfish,Cyprinidae (coldwater),Selectively bred (China),Beginner-Intermediate,Peaceful,All levels,115 L,4-5 in (10-13 cm),18-24°C,7.0-8.4,Medium-Hard (8-20 dGH),Omnivore,Groups,10-15+ years,1.5-1.75 in,"Albino Veil Tail Bristlenose is a hardy coldwater fish that needs no heater but produces a heavy bioload, so strong filtration and space are essential. A long-lived, personable pet.",Coldwater fish — no heater needed; keep below ~24°C. | Big bioload: over-filter and do generous water changes. | Feed sinking foods to fancy types to reduce swim-bladder/buoyancy issues.,aqa-micro-pellet-economy,,Feed a sinking staple plus vegetable matter; avoid overfeeding.,https://care.best4pets.in/fish/albino-veil-tail-bristlenose,https://care.best4pets.in/fish/albino-veil-tail-bristlenose/care/,https://best4pets.in/products/albino-veil-tail-bristlenose-1-5-1-75inch,Albino Veil Tail Bristlenose 1.5-1.75inch
RA-FSH-0042,german-blue-ramirezi,xxl-german-blue-ramirezi-xl-pair,German Blue Ramirezi,Dwarf Cichlid (Apisto/Ram),Cichlidae,South America,Intermediate-Advanced,Peaceful (with care),Bottom-Middle,75-115 L,2-3.5 in (5-9 cm),28-30°C,5.5-7.0,Soft (2-10 dGH),Carnivore/Omnivore,Pairs,2-4 years,,"German Blue Ramirezi is a colourful dwarf cichlid best kept as a pair in warm, soft water with caves and territory. Peaceful in a community, but defends a small breeding territory.","Warm, soft, slightly acidic water suits dwarf cichlids best. | Provide caves and broken sight-lines so a pair can hold territory. | Rams (Mikrogeophagus) want the warm end (28-30°C) and stable water.",aqa-cichlid-colour-enhancer,aqa-brineshrimp-flakes,,https://care.best4pets.in/fish/german-blue-ramirezi,https://care.best4pets.in/fish/german-blue-ramirezi/care/,https://best4pets.in/products/xxl-german-blue-ramirezi-xl-pair,XXL German Blue Ramirezi XL (Pair)
RA-FSH-0043,boesemani-rainbow,boesemani-rainbow-3inch,Boesemani Rainbow,Rainbowfish,Melanotaeniidae,Australia / New Guinea,Beginner-Intermediate,Peaceful,Middle-Top,115 L,2-5 in (5-13 cm),23-28°C,7.0-8.0,Medium-Hard (8-20 dGH),Omnivore,Shoal of 6 or more,5-8 years,3 in,"Boesemani Rainbow is an active, peaceful schooling fish whose colours intensify with age and in a group. It prefers neutral-to-hard water and plenty of open swimming space.","Keep 6+ — colour and confidence build in a shoal (and with mature males). | Neutral to slightly alkaline, harder water suits them well. | Give long open swimming lanes; they're fast, active swimmers.",aqa-micro-pellet-colour-enhancing,aqa-brineshrimp-flakes,,https://care.best4pets.in/fish/boesemani-rainbow,https://care.best4pets.in/fish/boesemani-rainbow/care/,https://best4pets.in/products/boesemani-rainbow-3inch,Boesemani Rainbow 3inch
RA-FSH-0044,geophagus-tapajos-red-head,geophagus-tapajos-red-head-2inch,Geophagus Tapajos Red Head,Eartheater/Geophagus,Cichlidae,South America,Intermediate,Peaceful (with care),Bottom,280 L,6-12 in (15-30 cm),26-30°C,5.5-7.5,Soft-Medium (2-12 dGH),Omnivore (sand-sifter),Groups,10+ years,2 in,"Geophagus Tapajos Red Head is a large but generally peaceful 'eartheater' that sifts sand for food. It needs a big tank, warm soft water and a fine sand bed to show natural behaviour.","Use a fine sand substrate so it can sift naturally (protects gills). | Warm, soft water and a spacious tank; best kept in groups. | Peaceful for its size, but plan for a large adult and heavy bioload.",aqa-cichlid-colour-enhancer,aqa-brineshrimp-flakes,,https://care.best4pets.in/fish/geophagus-tapajos-red-head,https://care.best4pets.in/fish/geophagus-tapajos-red-head/care/,https://best4pets.in/products/geophagus-tapajos-red-head-2inch,Geophagus Tapajos Red Head 2inch
RA-FSH-0045,marble-veil-tail,marble-veil-tail-medium-pair,Marble Veil Tail,Goldfish,Cyprinidae (coldwater),Selectively bred (China),Beginner-Intermediate,Peaceful,All levels,75-115 L per fish,6-8 in fancy (15-20 cm),18-24°C,7.0-8.4,Medium-Hard (8-20 dGH),Omnivore,Groups,10-15+ years,,"Marble Veil Tail is a hardy coldwater fish that needs no heater but produces a heavy bioload, so strong filtration and space are essential. A long-lived, personable pet.",Coldwater fish — no heater needed; keep below ~24°C. | Big bioload: over-filter and do generous water changes. | Feed sinking foods to fancy types to reduce swim-bladder/buoyancy issues.,aqa-micro-pellet-economy,,Feed a sinking staple plus vegetable matter; avoid overfeeding.,https://care.best4pets.in/fish/marble-veil-tail,https://care.best4pets.in/fish/marble-veil-tail/care/,https://best4pets.in/products/marble-veil-tail-medium-pair,Marble Veil Tail Medium (Pair)
RA-FSH-0046,jaguar-cichlid,jaguar-cichlid-2-5-inch,Jaguar Cichlid,SA/CA Cichlid (large),Cichlidae,Central/South America,Intermediate-Advanced,Aggressive,All levels,475 L,14-16 in (35-40 cm),23-28°C,6.5-7.5,Medium (5-20 dGH),Carnivore/Omnivore,Solitary or bonded pair,10-15 years,2.5 in,"Jaguar Cichlid is a large, characterful New World cichlid. These fish are intelligent and territorial, needing a big tank, strong filtration and robust decor. Adult size varies widely by species.",Provide a large tank with powerful filtration and secure hardscape. | Territorial and often aggressive — choose tankmates carefully and confirm the species' temperament. | Confirm the exact species' adult size before stocking — some exceed 30 cm.,aqa-cichlid-colour-enhancer,aqa-brineshrimp-flakes,Larger specimens need bigger meaty/pellet foods.,https://care.best4pets.in/fish/jaguar-cichlid,https://care.best4pets.in/fish/jaguar-cichlid/care/,https://best4pets.in/products/jaguar-cichlid-2-5-inch,Jaguar Cichlid 2.5  inch
RA-FSH-0047,blue-dolphin,blue-dolphin-inch,Blue Dolphin,African Rift Cichlid (Malawi),Cichlidae,"Lake Malawi, East Africa",Intermediate,Aggressive,All levels,200 L,4-6 in (10-15 cm),24-28°C,7.8-8.6,Hard / Alkaline (10-20 dGH),Omnivore,Groups (species-appropriate),8-10 years,3 in,"Blue Dolphin is a colourful, boldly territorial Lake Malawi cichlid. It needs hard, alkaline water and a rocky, cave-filled aquascape, with stocking planned to spread aggression.","Hard, alkaline water is essential — not for soft-water community tanks. | Build rockwork with many caves; keep them appropriately stocked to diffuse aggression. | Mbuna need veg-based food (avoid excess protein → Malawi bloat); peacocks/haps take more protein.",aqa-cichlid-colour-enhancer,aqa-brineshrimp-flakes,Mbuna are veg-leaning — keep protein moderate to avoid bloat.,https://care.best4pets.in/fish/blue-dolphin,https://care.best4pets.in/fish/blue-dolphin/care/,https://best4pets.in/products/blue-dolphin-inch,Blue Dolphin 3inch (Pair)
RA-FSH-0048,neon-blue-acara,neon-blue-acara-3inch,Neon Blue Acara,SA/CA Cichlid (large),Cichlidae,Central/South America,Intermediate-Advanced,Aggressive,All levels,200-475 L (species-dependent),6-16 in — varies by species,23-28°C,6.5-7.5,Medium (5-20 dGH),Carnivore/Omnivore,Solitary or bonded pair,10-15 years,3 in,"Neon Blue Acara is a large, characterful New World cichlid. These fish are intelligent and territorial, needing a big tank, strong filtration and robust decor. Adult size varies widely by species.",Provide a large tank with powerful filtration and secure hardscape. | Territorial and often aggressive — choose tankmates carefully and confirm the species' temperament. | Confirm the exact species' adult size before stocking — some exceed 30 cm.,aqa-cichlid-colour-enhancer,aqa-brineshrimp-flakes,Larger specimens need bigger meaty/pellet foods.,https://care.best4pets.in/fish/neon-blue-acara,https://care.best4pets.in/fish/neon-blue-acara/care/,https://best4pets.in/products/neon-blue-acara-3inch,Neon Blue Acara 3inch
RA-FSH-0049,black-oranda-giant,black-oranda-medium,Black Oranda Giant,Goldfish,Cyprinidae (coldwater),Selectively bred (China),Beginner-Intermediate,Peaceful,All levels,75-115 L per fish,6-8 in fancy (15-20 cm),18-24°C,7.0-8.4,Medium-Hard (8-20 dGH),Omnivore,Groups,10-15+ years,,"Black Oranda Giant is a hardy coldwater fish that needs no heater but produces a heavy bioload, so strong filtration and space are essential. A long-lived, personable pet.",Coldwater fish — no heater needed; keep below ~24°C. | Big bioload: over-filter and do generous water changes. | Feed sinking foods to fancy types to reduce swim-bladder/buoyancy issues.,aqa-micro-pellet-economy,,Feed a sinking staple plus vegetable matter; avoid overfeeding.,https://care.best4pets.in/fish/black-oranda-giant,https://care.best4pets.in/fish/black-oranda-giant/care/,https://best4pets.in/products/black-oranda-medium,Black Oranda Giant
RA-FSH-0050,red-cap-oranda-goldfish-2,red-cap-oranda-goldfish-medium,Red Cap Oranda Goldfish,Goldfish,Cyprinidae (coldwater),Selectively bred (China),Beginner-Intermediate,Peaceful,All levels,75-115 L per fish,6-8 in fancy (15-20 cm),18-24°C,7.0-8.4,Medium-Hard (8-20 dGH),Omnivore,Groups,10-15+ years,,"Red Cap Oranda Goldfish is a hardy coldwater fish that needs no heater but produces a heavy bioload, so strong filtration and space are essential. A long-lived, personable pet.",Coldwater fish — no heater needed; keep below ~24°C. | Big bioload: over-filter and do generous water changes. | Feed sinking foods to fancy types to reduce swim-bladder/buoyancy issues.,aqa-micro-pellet-economy,,Feed a sinking staple plus vegetable matter; avoid overfeeding.,https://care.best4pets.in/fish/red-cap-oranda-goldfish-2,https://care.best4pets.in/fish/red-cap-oranda-goldfish-2/care/,https://best4pets.in/products/red-cap-oranda-goldfish-medium,Red Cap Oranda Goldfish Medium (Pair)
RA-FSH-0051,brichardi-cichlid,brichardi-cichlid-3-5,Brichardi Cichlid,Tanganyikan Cichlid,Cichlidae,"Lake Tanganyika, East Africa",Intermediate,Territorial,All levels,115-200 L (species-dependent),2-14 in — varies by species,24-28°C,7.8-9.0,Hard / Alkaline (10-20 dGH),Carnivore/Omnivore,Colony or pair (species-dependent),8-15 years,3.5 in,"Brichardi Cichlid is a Lake Tanganyika cichlid needing hard, alkaline water. This group ranges from tiny shell-dwellers to large Frontosa, so check the specific species' adult size and setup.","Hard, alkaline water with the right decor — shells for shell-dwellers, rock for others. | Adult size varies enormously across this group — confirm the species before stocking. | Feed appropriately: many are micro-predators; avoid excess for the smaller species.",aqa-cichlid-colour-enhancer,aqa-brineshrimp-flakes,,https://care.best4pets.in/fish/brichardi-cichlid,https://care.best4pets.in/fish/brichardi-cichlid/care/,https://best4pets.in/products/brichardi-cichlid-3-5,"Brichardi Cichlid 3.5"""
RA-FSH-0052,purple-berry-dragon-guppy,purple-berry-guppy,Purple Berry Dragon guppy,Guppy/Endler,Poeciliidae,Central/South America (livebearer),Beginner,Peaceful,Top-Middle,40-75 L,1-2.5 in (2.5-6 cm),22-28°C,7.0-8.0,Medium-Hard (8-20 dGH),Omnivore,Groups (more females than males),2-3 years,,"Purple Berry Dragon guppy is a colourful, hardy livebearer and one of the easiest fish in the hobby. It breeds readily and thrives in harder, alkaline water.","Prefers harder, alkaline water — avoid soft, acidic setups. | Keep 2-3 females per male to reduce harassment of females. | Breeds prolifically; provide plant cover for fry or expect a growing colony.",aqa-micro-pellet-colour-enhancing,aqa-brineshrimp-flakes,,https://care.best4pets.in/fish/purple-berry-dragon-guppy,https://care.best4pets.in/fish/purple-berry-dragon-guppy/care/,https://best4pets.in/products/purple-berry-guppy,Purple Berry Dragon guppy
RA-FSH-0053,red-empress-cichlid-inch,red-empress-cichlid-6inch,Red Empress Cichlid inch,African Rift Cichlid (Malawi),Cichlidae,"Lake Malawi, East Africa",Intermediate,Aggressive,All levels,200 L,4-6 in (10-15 cm),24-28°C,7.8-8.6,Hard / Alkaline (10-20 dGH),Omnivore,Groups (species-appropriate),8-10 years,6 in,"Red Empress Cichlid inch is a colourful, boldly territorial Lake Malawi cichlid. It needs hard, alkaline water and a rocky, cave-filled aquascape, with stocking planned to spread aggression.","Hard, alkaline water is essential — not for soft-water community tanks. | Build rockwork with many caves; keep them appropriately stocked to diffuse aggression. | Mbuna need veg-based food (avoid excess protein → Malawi bloat); peacocks/haps take more protein.",aqa-cichlid-colour-enhancer,aqa-brineshrimp-flakes,Mbuna are veg-leaning — keep protein moderate to avoid bloat.,https://care.best4pets.in/fish/red-empress-cichlid-inch,https://care.best4pets.in/fish/red-empress-cichlid-inch/care/,https://best4pets.in/products/red-empress-cichlid-6inch,"Red Empress Cichlid 6""inch"
RA-FSH-0054,red-empress-cichlid-inch-2,red-empress-cichlid-4-5inch,Red Empress Cichlid inch,African Rift Cichlid (Malawi),Cichlidae,"Lake Malawi, East Africa",Intermediate,Aggressive,All levels,200 L,4-6 in (10-15 cm),24-28°C,7.8-8.6,Hard / Alkaline (10-20 dGH),Omnivore,Groups (species-appropriate),8-10 years,4.5 in,"Red Empress Cichlid inch is a colourful, boldly territorial Lake Malawi cichlid. It needs hard, alkaline water and a rocky, cave-filled aquascape, with stocking planned to spread aggression.","Hard, alkaline water is essential — not for soft-water community tanks. | Build rockwork with many caves; keep them appropriately stocked to diffuse aggression. | Mbuna need veg-based food (avoid excess protein → Malawi bloat); peacocks/haps take more protein.",aqa-cichlid-colour-enhancer,aqa-brineshrimp-flakes,Mbuna are veg-leaning — keep protein moderate to avoid bloat.,https://care.best4pets.in/fish/red-empress-cichlid-inch-2,https://care.best4pets.in/fish/red-empress-cichlid-inch-2/care/,https://best4pets.in/products/red-empress-cichlid-4-5inch,"Red Empress Cichlid 4.5""inch"
RA-FSH-0055,sulphur-head-cichlid-aulonocara-maylandi,sulphur-head-cichlid-aulonocara-maylandi-6-inch-import,Sulphur Head Cichlid / Aulonocara maylandi,African Rift Cichlid (Malawi),Cichlidae,"Lake Malawi, East Africa",Intermediate,Aggressive,All levels,200 L,4-6 in (10-15 cm),24-28°C,7.8-8.6,Hard / Alkaline (10-20 dGH),Omnivore,Groups (species-appropriate),8-10 years,6 in,"Sulphur Head Cichlid / Aulonocara maylandi is a colourful, boldly territorial Lake Malawi cichlid. It needs hard, alkaline water and a rocky, cave-filled aquascape, with stocking planned to spread aggression.","Hard, alkaline water is essential — not for soft-water community tanks. | Build rockwork with many caves; keep them appropriately stocked to diffuse aggression. | Mbuna need veg-based food (avoid excess protein → Malawi bloat); peacocks/haps take more protein.",aqa-cichlid-colour-enhancer,aqa-brineshrimp-flakes,Mbuna are veg-leaning — keep protein moderate to avoid bloat.,https://care.best4pets.in/fish/sulphur-head-cichlid-aulonocara-maylandi,https://care.best4pets.in/fish/sulphur-head-cichlid-aulonocara-maylandi/care/,https://best4pets.in/products/sulphur-head-cichlid-aulonocara-maylandi-6-inch-import,Sulphur Head Cichlid / Aulonocara maylandi 6 inch (Import)
RA-FSH-0056,malawi-eye-biter,malawi-eye-biter-6,Malawi Eye Biter,African Rift Cichlid (Malawi),Cichlidae,"Lake Malawi, East Africa",Intermediate,Aggressive,All levels,200 L,4-6 in (10-15 cm),24-28°C,7.8-8.6,Hard / Alkaline (10-20 dGH),Omnivore,Groups (species-appropriate),8-10 years,6 in,"Malawi Eye Biter is a colourful, boldly territorial Lake Malawi cichlid. It needs hard, alkaline water and a rocky, cave-filled aquascape, with stocking planned to spread aggression.","Hard, alkaline water is essential — not for soft-water community tanks. | Build rockwork with many caves; keep them appropriately stocked to diffuse aggression. | Mbuna need veg-based food (avoid excess protein → Malawi bloat); peacocks/haps take more protein.",aqa-cichlid-colour-enhancer,aqa-brineshrimp-flakes,Mbuna are veg-leaning — keep protein moderate to avoid bloat.,https://care.best4pets.in/fish/malawi-eye-biter,https://care.best4pets.in/fish/malawi-eye-biter/care/,https://best4pets.in/products/malawi-eye-biter-6,"Malawi Eye Biter 6"""
RA-FSH-0057,malawi-eye-biter-2,malawi-eye-biter-4-4-5,Malawi Eye Biter,African Rift Cichlid (Malawi),Cichlidae,"Lake Malawi, East Africa",Intermediate,Aggressive,All levels,200 L,4-6 in (10-15 cm),24-28°C,7.8-8.6,Hard / Alkaline (10-20 dGH),Omnivore,Groups (species-appropriate),8-10 years,4 in,"Malawi Eye Biter is a colourful, boldly territorial Lake Malawi cichlid. It needs hard, alkaline water and a rocky, cave-filled aquascape, with stocking planned to spread aggression.","Hard, alkaline water is essential — not for soft-water community tanks. | Build rockwork with many caves; keep them appropriately stocked to diffuse aggression. | Mbuna need veg-based food (avoid excess protein → Malawi bloat); peacocks/haps take more protein.",aqa-cichlid-colour-enhancer,aqa-brineshrimp-flakes,Mbuna are veg-leaning — keep protein moderate to avoid bloat.,https://care.best4pets.in/fish/malawi-eye-biter-2,https://care.best4pets.in/fish/malawi-eye-biter-2/care/,https://best4pets.in/products/malawi-eye-biter-4-4-5,"Malawi Eye Biter 4"""
RA-FSH-0058,ob-malawi-eye-biter,ob-malawi-eye-biter-6inch,OB Malawi Eye Biter,African Rift Cichlid (Malawi),Cichlidae,"Lake Malawi, East Africa",Intermediate,Aggressive,All levels,200 L,4-6 in (10-15 cm),24-28°C,7.8-8.6,Hard / Alkaline (10-20 dGH),Omnivore,Groups (species-appropriate),8-10 years,6 in,"OB Malawi Eye Biter is a colourful, boldly territorial Lake Malawi cichlid. It needs hard, alkaline water and a rocky, cave-filled aquascape, with stocking planned to spread aggression.","Hard, alkaline water is essential — not for soft-water community tanks. | Build rockwork with many caves; keep them appropriately stocked to diffuse aggression. | Mbuna need veg-based food (avoid excess protein → Malawi bloat); peacocks/haps take more protein.",aqa-cichlid-colour-enhancer,aqa-brineshrimp-flakes,Mbuna are veg-leaning — keep protein moderate to avoid bloat.,https://care.best4pets.in/fish/ob-malawi-eye-biter,https://care.best4pets.in/fish/ob-malawi-eye-biter/care/,https://best4pets.in/products/ob-malawi-eye-biter-6inch,OB Malawi Eye Biter 6inch
RA-FSH-0059,red-eye-albino-strawberry-cichlid,red-eye-albino-strawberry-cichlid-5-6,Red eye/ Albino Strawberry Cichlid,African Rift Cichlid (Malawi),Cichlidae,"Lake Malawi, East Africa",Intermediate,Aggressive,All levels,200 L,4-6 in (10-15 cm),24-28°C,7.8-8.6,Hard / Alkaline (10-20 dGH),Omnivore,Groups (species-appropriate),8-10 years,5-6 in,"Red eye/ Albino Strawberry Cichlid is a colourful, boldly territorial Lake Malawi cichlid. It needs hard, alkaline water and a rocky, cave-filled aquascape, with stocking planned to spread aggression.","Hard, alkaline water is essential — not for soft-water community tanks. | Build rockwork with many caves; keep them appropriately stocked to diffuse aggression. | Mbuna need veg-based food (avoid excess protein → Malawi bloat); peacocks/haps take more protein.",aqa-cichlid-colour-enhancer,aqa-brineshrimp-flakes,Mbuna are veg-leaning — keep protein moderate to avoid bloat.,https://care.best4pets.in/fish/red-eye-albino-strawberry-cichlid,https://care.best4pets.in/fish/red-eye-albino-strawberry-cichlid/care/,https://best4pets.in/products/red-eye-albino-strawberry-cichlid-5-6,"Red eye/ Albino Strawberry Cichlid 5-6"""
RA-FSH-0060,red-eye-albino-strawberry-cichlid-2,red-eye-albino-strawberry-cichlid-4-5,Red eye/ Albino Strawberry Cichlid,African Rift Cichlid (Malawi),Cichlidae,"Lake Malawi, East Africa",Intermediate,Aggressive,All levels,200 L,4-6 in (10-15 cm),24-28°C,7.8-8.6,Hard / Alkaline (10-20 dGH),Omnivore,Groups (species-appropriate),8-10 years,4.5 in,"Red eye/ Albino Strawberry Cichlid is a colourful, boldly territorial Lake Malawi cichlid. It needs hard, alkaline water and a rocky, cave-filled aquascape, with stocking planned to spread aggression.","Hard, alkaline water is essential — not for soft-water community tanks. | Build rockwork with many caves; keep them appropriately stocked to diffuse aggression. | Mbuna need veg-based food (avoid excess protein → Malawi bloat); peacocks/haps take more protein.",aqa-cichlid-colour-enhancer,aqa-brineshrimp-flakes,Mbuna are veg-leaning — keep protein moderate to avoid bloat.,https://care.best4pets.in/fish/red-eye-albino-strawberry-cichlid-2,https://care.best4pets.in/fish/red-eye-albino-strawberry-cichlid-2/care/,https://best4pets.in/products/red-eye-albino-strawberry-cichlid-4-5,"Red eye/ Albino Strawberry Cichlid 4.5"""
RA-FSH-0061,eureka-red-peacock,eureka-red-peacock-6-import,Eureka Red Peacock,African Rift Cichlid (Malawi),Cichlidae,"Lake Malawi, East Africa",Intermediate,Aggressive,All levels,200 L,4-6 in (10-15 cm),24-28°C,7.8-8.6,Hard / Alkaline (10-20 dGH),Omnivore,Groups (species-appropriate),8-10 years,6 in,"Eureka Red Peacock is a colourful, boldly territorial Lake Malawi cichlid. It needs hard, alkaline water and a rocky, cave-filled aquascape, with stocking planned to spread aggression.","Hard, alkaline water is essential — not for soft-water community tanks. | Build rockwork with many caves; keep them appropriately stocked to diffuse aggression. | Mbuna need veg-based food (avoid excess protein → Malawi bloat); peacocks/haps take more protein.",aqa-cichlid-colour-enhancer,aqa-brineshrimp-flakes,Mbuna are veg-leaning — keep protein moderate to avoid bloat.,https://care.best4pets.in/fish/eureka-red-peacock,https://care.best4pets.in/fish/eureka-red-peacock/care/,https://best4pets.in/products/eureka-red-peacock-6-import,"Eureka Red Peacock 6"" (Import)"
RA-FSH-0062,eureka-red-peacock-2,eureka-red-peacock-4-5-import,Eureka Red Peacock,African Rift Cichlid (Malawi),Cichlidae,"Lake Malawi, East Africa",Intermediate,Aggressive,All levels,200 L,4-6 in (10-15 cm),24-28°C,7.8-8.6,Hard / Alkaline (10-20 dGH),Omnivore,Groups (species-appropriate),8-10 years,4-4.5 in,"Eureka Red Peacock is a colourful, boldly territorial Lake Malawi cichlid. It needs hard, alkaline water and a rocky, cave-filled aquascape, with stocking planned to spread aggression.","Hard, alkaline water is essential — not for soft-water community tanks. | Build rockwork with many caves; keep them appropriately stocked to diffuse aggression. | Mbuna need veg-based food (avoid excess protein → Malawi bloat); peacocks/haps take more protein.",aqa-cichlid-colour-enhancer,aqa-brineshrimp-flakes,Mbuna are veg-leaning — keep protein moderate to avoid bloat.,https://care.best4pets.in/fish/eureka-red-peacock-2,https://care.best4pets.in/fish/eureka-red-peacock-2/care/,https://best4pets.in/products/eureka-red-peacock-4-5-import,"Eureka Red Peacock 4-4.5"" (Import)"
RA-FSH-0063,red-kodango-cichlid,red-kodango-cichlid-6-import,Red kodango Cichlid,African Rift Cichlid (Malawi),Cichlidae,"Lake Malawi, East Africa",Intermediate,Aggressive,All levels,200 L,4-6 in (10-15 cm),24-28°C,7.8-8.6,Hard / Alkaline (10-20 dGH),Omnivore,Groups (species-appropriate),8-10 years,6 in,"Red kodango Cichlid is a colourful, boldly territorial Lake Malawi cichlid. It needs hard, alkaline water and a rocky, cave-filled aquascape, with stocking planned to spread aggression.","Hard, alkaline water is essential — not for soft-water community tanks. | Build rockwork with many caves; keep them appropriately stocked to diffuse aggression. | Mbuna need veg-based food (avoid excess protein → Malawi bloat); peacocks/haps take more protein.",aqa-cichlid-colour-enhancer,aqa-brineshrimp-flakes,Mbuna are veg-leaning — keep protein moderate to avoid bloat.,https://care.best4pets.in/fish/red-kodango-cichlid,https://care.best4pets.in/fish/red-kodango-cichlid/care/,https://best4pets.in/products/red-kodango-cichlid-6-import,"Red kodango Cichlid 6"" (Import)"
RA-FSH-0064,red-kodango-cichlid-2,red-kodango-cichlid-4-5-import,Red kodango Cichlid,African Rift Cichlid (Malawi),Cichlidae,"Lake Malawi, East Africa",Intermediate,Aggressive,All levels,200 L,4-6 in (10-15 cm),24-28°C,7.8-8.6,Hard / Alkaline (10-20 dGH),Omnivore,Groups (species-appropriate),8-10 years,4.5 in,"Red kodango Cichlid is a colourful, boldly territorial Lake Malawi cichlid. It needs hard, alkaline water and a rocky, cave-filled aquascape, with stocking planned to spread aggression.","Hard, alkaline water is essential — not for soft-water community tanks. | Build rockwork with many caves; keep them appropriately stocked to diffuse aggression. | Mbuna need veg-based food (avoid excess protein → Malawi bloat); peacocks/haps take more protein.",aqa-cichlid-colour-enhancer,aqa-brineshrimp-flakes,Mbuna are veg-leaning — keep protein moderate to avoid bloat.,https://care.best4pets.in/fish/red-kodango-cichlid-2,https://care.best4pets.in/fish/red-kodango-cichlid-2/care/,https://best4pets.in/products/red-kodango-cichlid-4-5-import,"Red kodango Cichlid 4.5"" (Import)"
RA-FSH-0065,pearl-gourami,pearl-gourami-xl-male-only,Pearl Gourami,Gourami/Anabantid,Osphronemidae,Southeast Asia,Beginner-Intermediate,Peaceful (with care),Top-Middle,75-115 L,2-6 in (5-15 cm),23-28°C,6.0-7.5,Soft-Medium (4-15 dGH),Omnivore,Pairs or single,3-5 years,,"Pearl Gourami is a labyrinth fish that gulps air at the surface and appreciates calm water. Generally peaceful, though males can be territorial with their own kind.","Keep calm water with surface access for air-breathing. | Avoid keeping multiple males in a small tank — they turn territorial. | Provide floating plants and gentle flow for a secure, settled fish.",aqa-micro-pellet-colour-enhancing,aqa-brineshrimp-flakes,,https://care.best4pets.in/fish/pearl-gourami,https://care.best4pets.in/fish/pearl-gourami/care/,https://best4pets.in/products/pearl-gourami-xl-male-only,Pearl Gourami XL Male Only
RA-FSH-0066,german-blue-ramirezi-pair,german-blue-ramirezi-xl-pair,German Blue Ramirezi Pair,Dwarf Cichlid (Apisto/Ram),Cichlidae,South America,Intermediate-Advanced,Peaceful (with care),Bottom-Middle,75-115 L,2-3.5 in (5-9 cm),28-30°C,5.5-7.0,Soft (2-10 dGH),Carnivore/Omnivore,Pairs,2-4 years,,"German Blue Ramirezi Pair is a colourful dwarf cichlid best kept as a pair in warm, soft water with caves and territory. Peaceful in a community, but defends a small breeding territory.","Warm, soft, slightly acidic water suits dwarf cichlids best. | Provide caves and broken sight-lines so a pair can hold territory. | Rams (Mikrogeophagus) want the warm end (28-30°C) and stable water.",aqa-cichlid-colour-enhancer,aqa-brineshrimp-flakes,,https://care.best4pets.in/fish/german-blue-ramirezi-pair,https://care.best4pets.in/fish/german-blue-ramirezi-pair/care/,https://best4pets.in/products/german-blue-ramirezi-xl-pair,German Blue Ramirezi XL Pair
RA-FSH-0067,tiger-oscar-cichlid,tiger-oscar-cichlid-2,Tiger Oscar Cichlid,SA/CA Cichlid (large),Cichlidae,Central/South America,Intermediate,Aggressive,All levels,280 L,12-14 in (30-36 cm),23-28°C,6.5-7.5,Medium (5-20 dGH),Carnivore/Omnivore,Solitary or bonded pair,10-15 years,2.5 in,"Tiger Oscar Cichlid is a large, characterful New World cichlid. These fish are intelligent and territorial, needing a big tank, strong filtration and robust decor. Adult size varies widely by species.",Provide a large tank with powerful filtration and secure hardscape. | Territorial and often aggressive — choose tankmates carefully and confirm the species' temperament. | Confirm the exact species' adult size before stocking — some exceed 30 cm.,aqa-cichlid-colour-enhancer,aqa-brineshrimp-flakes,Larger specimens need bigger meaty/pellet foods.,https://care.best4pets.in/fish/tiger-oscar-cichlid,https://care.best4pets.in/fish/tiger-oscar-cichlid/care/,https://best4pets.in/products/tiger-oscar-cichlid-2,"Tiger Oscar Cichlid 2.5"" (Pair)"
RA-FSH-0068,frontosa-cichlid,frontosa-cichlid-3inch,Frontosa Cichlid,Tanganyikan Cichlid,Cichlidae,"Lake Tanganyika, East Africa",Intermediate,Semi-aggressive,All levels,475 L,12-14 in (30-35 cm),24-28°C,7.8-9.0,Hard / Alkaline (10-20 dGH),Carnivore/Omnivore,Colony or pair (species-dependent),8-15 years,3 in,"Frontosa Cichlid is a Lake Tanganyika cichlid needing hard, alkaline water. This group ranges from tiny shell-dwellers to large Frontosa, so check the specific species' adult size and setup.","Hard, alkaline water with the right decor — shells for shell-dwellers, rock for others. | Adult size varies enormously across this group — confirm the species before stocking. | Feed appropriately: many are micro-predators; avoid excess for the smaller species.",aqa-cichlid-colour-enhancer,aqa-brineshrimp-flakes,,https://care.best4pets.in/fish/frontosa-cichlid,https://care.best4pets.in/fish/frontosa-cichlid/care/,https://best4pets.in/products/frontosa-cichlid-3inch,Frontosa Cichlid 3INCH
RA-FSH-0069,orange-bubble-eye-goldfish,orange-bubble-eye-goldfish-3-5,Orange Bubble Eye Goldfish,Goldfish,Cyprinidae (coldwater),Selectively bred (China),Beginner-Intermediate,Peaceful,All levels,75-115 L per fish,6-8 in fancy (15-20 cm),18-24°C,7.0-8.4,Medium-Hard (8-20 dGH),Omnivore,Groups,10-15+ years,3.5 in,"Orange Bubble Eye Goldfish is a hardy coldwater fish that needs no heater but produces a heavy bioload, so strong filtration and space are essential. A long-lived, personable pet.",Coldwater fish — no heater needed; keep below ~24°C. | Big bioload: over-filter and do generous water changes. | Feed sinking foods to fancy types to reduce swim-bladder/buoyancy issues.,aqa-micro-pellet-economy,,Feed a sinking staple plus vegetable matter; avoid overfeeding.,https://care.best4pets.in/fish/orange-bubble-eye-goldfish,https://care.best4pets.in/fish/orange-bubble-eye-goldfish/care/,https://best4pets.in/products/orange-bubble-eye-goldfish-3-5,"Orange Bubble Eye Goldfish 3.5"""
RA-FSH-0070,pearlscale-goldfish,pearlscale-goldfish-3,Pearlscale Goldfish,Goldfish,Cyprinidae (coldwater),Selectively bred (China),Beginner-Intermediate,Peaceful,All levels,75-115 L per fish,6-8 in fancy (15-20 cm),18-24°C,7.0-8.4,Medium-Hard (8-20 dGH),Omnivore,Groups,10-15+ years,3 in,"Pearlscale Goldfish is a hardy coldwater fish that needs no heater but produces a heavy bioload, so strong filtration and space are essential. A long-lived, personable pet.",Coldwater fish — no heater needed; keep below ~24°C. | Big bioload: over-filter and do generous water changes. | Feed sinking foods to fancy types to reduce swim-bladder/buoyancy issues.,aqa-micro-pellet-economy,,Feed a sinking staple plus vegetable matter; avoid overfeeding.,https://care.best4pets.in/fish/pearlscale-goldfish,https://care.best4pets.in/fish/pearlscale-goldfish/care/,https://best4pets.in/products/pearlscale-goldfish-3,"Pearlscale Goldfish 3"" (Pair)"
RA-FSH-0071,sulphur-head-cichlid-aulonocara-maylandi-2,sulphur-head-cichlid-aulonocara-maylandi-3,Sulphur Head Cichlid / Aulonocara maylandi,African Rift Cichlid (Malawi),Cichlidae,"Lake Malawi, East Africa",Intermediate,Aggressive,All levels,200 L,4-6 in (10-15 cm),24-28°C,7.8-8.6,Hard / Alkaline (10-20 dGH),Omnivore,Groups (species-appropriate),8-10 years,3 in,"Sulphur Head Cichlid / Aulonocara maylandi is a colourful, boldly territorial Lake Malawi cichlid. It needs hard, alkaline water and a rocky, cave-filled aquascape, with stocking planned to spread aggression.","Hard, alkaline water is essential — not for soft-water community tanks. | Build rockwork with many caves; keep them appropriately stocked to diffuse aggression. | Mbuna need veg-based food (avoid excess protein → Malawi bloat); peacocks/haps take more protein.",aqa-cichlid-colour-enhancer,aqa-brineshrimp-flakes,Mbuna are veg-leaning — keep protein moderate to avoid bloat.,https://care.best4pets.in/fish/sulphur-head-cichlid-aulonocara-maylandi-2,https://care.best4pets.in/fish/sulphur-head-cichlid-aulonocara-maylandi-2/care/,https://best4pets.in/products/sulphur-head-cichlid-aulonocara-maylandi-3,"Sulphur Head Cichlid / Aulonocara maylandi 3"""
RA-FSH-0072,copper-oscar-cichlid,copper-oscar-cichlid-4inch,Copper Oscar Cichlid,SA/CA Cichlid (large),Cichlidae,Central/South America,Intermediate,Aggressive,All levels,280 L,12-14 in (30-36 cm),23-28°C,6.5-7.5,Medium (5-20 dGH),Carnivore/Omnivore,Solitary or bonded pair,10-15 years,4 in,"Copper Oscar Cichlid is a large, characterful New World cichlid. These fish are intelligent and territorial, needing a big tank, strong filtration and robust decor. Adult size varies widely by species.",Provide a large tank with powerful filtration and secure hardscape. | Territorial and often aggressive — choose tankmates carefully and confirm the species' temperament. | Confirm the exact species' adult size before stocking — some exceed 30 cm.,aqa-cichlid-colour-enhancer,aqa-brineshrimp-flakes,Larger specimens need bigger meaty/pellet foods.,https://care.best4pets.in/fish/copper-oscar-cichlid,https://care.best4pets.in/fish/copper-oscar-cichlid/care/,https://best4pets.in/products/copper-oscar-cichlid-4inch,Copper Oscar Cichlid 4inch
RA-FSH-0073,uaru-cichlid,uaru-cichlid-2,Uaru Cichlid,SA/CA Cichlid (large),Cichlidae,Central/South America,Intermediate-Advanced,Semi-aggressive,All levels,280 L,8-12 in (20-30 cm),23-28°C,6.5-7.5,Medium (5-20 dGH),Carnivore/Omnivore,Solitary or bonded pair,10-15 years,2 in,"Uaru Cichlid is a large, characterful New World cichlid. These fish are intelligent and territorial, needing a big tank, strong filtration and robust decor. Adult size varies widely by species.",Provide a large tank with powerful filtration and secure hardscape. | Territorial and often aggressive — choose tankmates carefully and confirm the species' temperament. | Confirm the exact species' adult size before stocking — some exceed 30 cm.,aqa-cichlid-colour-enhancer,aqa-brineshrimp-flakes,Larger specimens need bigger meaty/pellet foods.,https://care.best4pets.in/fish/uaru-cichlid,https://care.best4pets.in/fish/uaru-cichlid/care/,https://best4pets.in/products/uaru-cichlid-2,"Uaru Cichlid 2"""
RA-FSH-0074,red-devil-angelfish,red-devil-angelfish-ml,Red Devil Angelfish,Angelfish,Cichlidae,"Amazon, South America",Intermediate,Semi-aggressive,Middle,115 L (tall),"6 in tall, to 8 in (15-20 cm)",25-29°C,6.0-7.5,Soft-Medium (3-15 dGH),Omnivore,Pairs / small groups,8-10 years,,"Red Devil Angelfish is a graceful South American cichlid with a tall body that needs a deep tank. Peaceful for a cichlid, but pairs get territorial when breeding and may eat very small fish.","Use a tall tank to accommodate the fins and body shape. | May eat very small fish (e.g. neon tetras) — choose tankmates by size. | Warm, soft-to-neutral water; pairs become territorial when spawning.",aqa-cichlid-colour-enhancer,aqa-brineshrimp-flakes,,https://care.best4pets.in/fish/red-devil-angelfish,https://care.best4pets.in/fish/red-devil-angelfish/care/,https://best4pets.in/products/red-devil-angelfish-ml,Red Devil Angelfish Small
RA-FSH-0075,calico-ranchu-goldfish,calico-ranchu-goldfish-2inch,Calico Ranchu Goldfish,Goldfish,Cyprinidae (coldwater),Selectively bred (China),Beginner-Intermediate,Peaceful,All levels,75-115 L per fish,6-8 in fancy (15-20 cm),18-24°C,7.0-8.4,Medium-Hard (8-20 dGH),Omnivore,Groups,10-15+ years,2 in,"Calico Ranchu Goldfish is a hardy coldwater fish that needs no heater but produces a heavy bioload, so strong filtration and space are essential. A long-lived, personable pet.",Coldwater fish — no heater needed; keep below ~24°C. | Big bioload: over-filter and do generous water changes. | Feed sinking foods to fancy types to reduce swim-bladder/buoyancy issues.,aqa-micro-pellet-economy,,Feed a sinking staple plus vegetable matter; avoid overfeeding.,https://care.best4pets.in/fish/calico-ranchu-goldfish,https://care.best4pets.in/fish/calico-ranchu-goldfish/care/,https://best4pets.in/products/calico-ranchu-goldfish-2inch,Calico Ranchu Goldfish 2inch (Pair)
RA-FSH-0076,texas-cichlid,texas-cichlid-3inch,Texas Cichlid,SA/CA Cichlid (large),Cichlidae,Central/South America,Intermediate-Advanced,Aggressive,All levels,280 L,8-12 in (20-30 cm),23-28°C,6.5-7.5,Medium (5-20 dGH),Carnivore/Omnivore,Solitary or bonded pair,10-15 years,3 in,"Texas Cichlid is a large, characterful New World cichlid. These fish are intelligent and territorial, needing a big tank, strong filtration and robust decor. Adult size varies widely by species.",Provide a large tank with powerful filtration and secure hardscape. | Territorial and often aggressive — choose tankmates carefully and confirm the species' temperament. | Confirm the exact species' adult size before stocking — some exceed 30 cm.,aqa-cichlid-colour-enhancer,aqa-brineshrimp-flakes,Larger specimens need bigger meaty/pellet foods.,https://care.best4pets.in/fish/texas-cichlid,https://care.best4pets.in/fish/texas-cichlid/care/,https://best4pets.in/products/texas-cichlid-3inch,Texas Cichlid 3inch
RA-FSH-0077,demasoni-cichlid,demasoni-cichlid-3,Demasoni Cichlid,African Rift Cichlid (Malawi),Cichlidae,"Lake Malawi, East Africa",Intermediate,Aggressive,All levels,200 L,4-6 in (10-15 cm),24-28°C,7.8-8.6,Hard / Alkaline (10-20 dGH),Omnivore,Groups (species-appropriate),8-10 years,3 in,"Demasoni Cichlid is a colourful, boldly territorial Lake Malawi cichlid. It needs hard, alkaline water and a rocky, cave-filled aquascape, with stocking planned to spread aggression.","Hard, alkaline water is essential — not for soft-water community tanks. | Build rockwork with many caves; keep them appropriately stocked to diffuse aggression. | Mbuna need veg-based food (avoid excess protein → Malawi bloat); peacocks/haps take more protein.",aqa-cichlid-colour-enhancer,aqa-brineshrimp-flakes,Mbuna are veg-leaning — keep protein moderate to avoid bloat.,https://care.best4pets.in/fish/demasoni-cichlid,https://care.best4pets.in/fish/demasoni-cichlid/care/,https://best4pets.in/products/demasoni-cichlid-3,"Demasoni Cichlid 3"""
RA-FSH-0078,red-empress-cichlid-inch-3,red-empress-cichlid-2inch,Red Empress Cichlid inch,African Rift Cichlid (Malawi),Cichlidae,"Lake Malawi, East Africa",Intermediate,Aggressive,All levels,200 L,4-6 in (10-15 cm),24-28°C,7.8-8.6,Hard / Alkaline (10-20 dGH),Omnivore,Groups (species-appropriate),8-10 years,2 in,"Red Empress Cichlid inch is a colourful, boldly territorial Lake Malawi cichlid. It needs hard, alkaline water and a rocky, cave-filled aquascape, with stocking planned to spread aggression.","Hard, alkaline water is essential — not for soft-water community tanks. | Build rockwork with many caves; keep them appropriately stocked to diffuse aggression. | Mbuna need veg-based food (avoid excess protein → Malawi bloat); peacocks/haps take more protein.",aqa-cichlid-colour-enhancer,aqa-brineshrimp-flakes,Mbuna are veg-leaning — keep protein moderate to avoid bloat.,https://care.best4pets.in/fish/red-empress-cichlid-inch-3,https://care.best4pets.in/fish/red-empress-cichlid-inch-3/care/,https://best4pets.in/products/red-empress-cichlid-2inch,"Red Empress Cichlid 2""inch"
RA-FSH-0079,livingstonii-cichlid-2,livingstonii-cichlid-2-2-5,Livingstonii Cichlid,African Rift Cichlid (Malawi),Cichlidae,"Lake Malawi, East Africa",Intermediate,Aggressive,All levels,200 L,4-6 in (10-15 cm),24-28°C,7.8-8.6,Hard / Alkaline (10-20 dGH),Omnivore,Groups (species-appropriate),8-10 years,3 in,"Livingstonii Cichlid is a colourful, boldly territorial Lake Malawi cichlid. It needs hard, alkaline water and a rocky, cave-filled aquascape, with stocking planned to spread aggression.","Hard, alkaline water is essential — not for soft-water community tanks. | Build rockwork with many caves; keep them appropriately stocked to diffuse aggression. | Mbuna need veg-based food (avoid excess protein → Malawi bloat); peacocks/haps take more protein.",aqa-cichlid-colour-enhancer,aqa-brineshrimp-flakes,Mbuna are veg-leaning — keep protein moderate to avoid bloat.,https://care.best4pets.in/fish/livingstonii-cichlid-2,https://care.best4pets.in/fish/livingstonii-cichlid-2/care/,https://best4pets.in/products/livingstonii-cichlid-2-2-5,"Livingstonii Cichlid 3"""
RA-FSH-0080,zebra-obliquidens-cichlid,zebra-obliquidens-cichlid-2,Zebra Obliquidens Cichlid,Cichlid (other),Cichlidae,Varies,Intermediate,Semi-aggressive,All levels,150-200 L,4-8 in — varies by species,23-28°C,6.5-8.0,Medium (5-20 dGH),Omnivore,Species-dependent,8-12 years,2-2.5 in,Zebra Obliquidens Cichlid is a cichlid whose exact requirements depend on its species and region. As a group these fish are territorial and appreciate structured decor and defined territories.,Confirm the species' origin (African rift vs. New World) to set the right water hardness. | Provide territory and broken sight-lines to reduce aggression. | Match tankmates to the species' adult size and temperament.,aqa-cichlid-colour-enhancer,aqa-brineshrimp-flakes,,https://care.best4pets.in/fish/zebra-obliquidens-cichlid,https://care.best4pets.in/fish/zebra-obliquidens-cichlid/care/,https://best4pets.in/products/zebra-obliquidens-cichlid-2,"Zebra Obliquidens Cichlid 2-2.5"""
RA-FSH-0081,silver-dollar,silver-dollar-3,Silver Dollar,Silver Dollar/Large Characin,Characidae / Serrasalmidae,South America,Intermediate,Peaceful,Middle,280 L,5-8 in (13-20 cm),24-28°C,5.5-7.5,Soft-Medium (4-18 dGH),Herbivore,Shoal of 5 or more,10 years,2 in,"Silver Dollar is a large, peaceful, disc-shaped characin that shoals and appreciates space. Most are avid plant-eaters, so pair with tough or artificial plants.",Keep a group of 5+ in a large tank — they're skittish when few. | Expect them to eat soft plants; use robust or artificial plants. | Provide open swimming space and secure the tank (they spook and dash).,aqa-micro-pellet-economy,,Largely herbivorous — supplement with vegetable matter and greens.,https://care.best4pets.in/fish/silver-dollar,https://care.best4pets.in/fish/silver-dollar/care/,https://best4pets.in/products/silver-dollar-3,"Silver Dollar 2"" (Pair)"
RA-FSH-0082,golden-cobra-snakehead,golden-cobra-snakehead-4,Golden Cobra Snakehead,Snakehead,Channidae,Asia / Africa,Intermediate-Advanced,Aggressive,All levels,200-475 L (species-dependent),6-40 in — varies hugely by species,22-28°C,6.0-7.5,Soft-Medium (5-15 dGH),Carnivore,Solitary or bonded pair,10-15 years,4 in,"Golden Cobra Snakehead is a predatory air-breathing snakehead. Species range from ~15 cm dwarves to metre-long giants, so the exact species dictates tank size. All are escape artists and hunters.","A tight, weighted lid is essential — snakeheads are determined jumpers. | Predatory: do not house with fish small enough to be eaten. | Confirm the species' adult size before buying — it ranges from 15 cm to over 1 m.",aqa-brineshrimp-flakes,,Predatory — feed meaty foods sized to the fish.,https://care.best4pets.in/fish/golden-cobra-snakehead,https://care.best4pets.in/fish/golden-cobra-snakehead/care/,https://best4pets.in/products/golden-cobra-snakehead-4,"Golden Cobra Snakehead 4"""
RA-FSH-0083,albino-short-body-flowerhorn,albino-short-body-flowerhorn,Albino Short Body Flowerhorn,SA/CA Cichlid (large),Cichlidae,Central/South America,Intermediate-Advanced,Aggressive,All levels,280 L,12-16 in (30-40 cm),23-28°C,6.5-7.5,Medium (5-20 dGH),Carnivore/Omnivore,Solitary or bonded pair,10-15 years,3 in,"Albino Short Body Flowerhorn is a large, characterful New World cichlid. These fish are intelligent and territorial, needing a big tank, strong filtration and robust decor. Adult size varies widely by species.",Provide a large tank with powerful filtration and secure hardscape. | Territorial and often aggressive — choose tankmates carefully and confirm the species' temperament. | Confirm the exact species' adult size before stocking — some exceed 30 cm.,aqa-cichlid-colour-enhancer,aqa-brineshrimp-flakes,Larger specimens need bigger meaty/pellet foods.,https://care.best4pets.in/fish/albino-short-body-flowerhorn,https://care.best4pets.in/fish/albino-short-body-flowerhorn/care/,https://best4pets.in/products/albino-short-body-flowerhorn,Albino Short Body Flowerhorn 3inch
RA-FSH-0084,koi-red-tuxedo-shot-body-guppy,koi-red-tuxedo-shot-body-guppy-pair,Koi Red Tuxedo Shot Body Guppy,Koi,Cyprinidae (pond),Selectively bred (Japan),Intermediate,Peaceful,All levels,"Pond, 950+ L",24-36 in (60-90 cm),15-25°C,7.0-8.5,Medium-Hard (8-20 dGH),Omnivore,Groups,20-30+ years,,"Koi Red Tuxedo Shot Body Guppy is a pond fish, not an aquarium fish — it reaches 60-90 cm and lives for decades. It needs a large pond with powerful filtration and aeration.",A POND fish: an aquarium is only suitable for short-term grow-out. | Plan for a very large adult size and heavy filtration. | Tolerates cool water well; feed less as temperatures drop.,aqa-micro-pellet-economy,,Use a pond staple sized to the fish; add vegetable matter.,https://care.best4pets.in/fish/koi-red-tuxedo-shot-body-guppy,https://care.best4pets.in/fish/koi-red-tuxedo-shot-body-guppy/care/,https://best4pets.in/products/koi-red-tuxedo-shot-body-guppy-pair,Koi Red Tuxedo Shot Body Guppy (Pair)
RA-FSH-0085,german-midnight-black-ramirezi,german-midnight-ramirezi,German Midnight Black Ramirezi,Dwarf Cichlid (Apisto/Ram),Cichlidae,South America,Intermediate,Peaceful (with care),Bottom-Middle,75-115 L,2-3.5 in (5-9 cm),26-29°C,5.5-7.0,Soft (2-10 dGH),Carnivore/Omnivore,Pairs,2-4 years,,"German Midnight Black Ramirezi is a colourful dwarf cichlid best kept as a pair in warm, soft water with caves and territory. Peaceful in a community, but defends a small breeding territory.","Warm, soft, slightly acidic water suits dwarf cichlids best. | Provide caves and broken sight-lines so a pair can hold territory. | Rams (Mikrogeophagus) want the warm end (28-30°C) and stable water.",aqa-cichlid-colour-enhancer,aqa-brineshrimp-flakes,,https://care.best4pets.in/fish/german-midnight-black-ramirezi,https://care.best4pets.in/fish/german-midnight-black-ramirezi/care/,https://best4pets.in/products/german-midnight-ramirezi,German Midnight Black Ramirezi (Pair)
RA-FSH-0086,tri-colour-oranda,tri-colour-oranda-43inch,Tri Colour Oranda,Goldfish,Cyprinidae (coldwater),Selectively bred (China),Beginner-Intermediate,Peaceful,All levels,75-115 L per fish,6-8 in fancy (15-20 cm),18-24°C,7.0-8.4,Medium-Hard (8-20 dGH),Omnivore,Groups,10-15+ years,3 in,"Tri Colour Oranda is a hardy coldwater fish that needs no heater but produces a heavy bioload, so strong filtration and space are essential. A long-lived, personable pet.",Coldwater fish — no heater needed; keep below ~24°C. | Big bioload: over-filter and do generous water changes. | Feed sinking foods to fancy types to reduce swim-bladder/buoyancy issues.,aqa-micro-pellet-economy,,Feed a sinking staple plus vegetable matter; avoid overfeeding.,https://care.best4pets.in/fish/tri-colour-oranda,https://care.best4pets.in/fish/tri-colour-oranda/care/,https://best4pets.in/products/tri-colour-oranda-43inch,Tri Colour Oranda 3Inch
RA-FSH-0087,calico-bubble-eye-goldfish,calico-bubble-eye-goldfish-4,Calico Bubble Eye Goldfish,Goldfish,Cyprinidae (coldwater),Selectively bred (China),Beginner-Intermediate,Peaceful,All levels,75-115 L per fish,6-8 in fancy (15-20 cm),18-24°C,7.0-8.4,Medium-Hard (8-20 dGH),Omnivore,Groups,10-15+ years,3 in,"Calico Bubble Eye Goldfish is a hardy coldwater fish that needs no heater but produces a heavy bioload, so strong filtration and space are essential. A long-lived, personable pet.",Coldwater fish — no heater needed; keep below ~24°C. | Big bioload: over-filter and do generous water changes. | Feed sinking foods to fancy types to reduce swim-bladder/buoyancy issues.,aqa-micro-pellet-economy,,Feed a sinking staple plus vegetable matter; avoid overfeeding.,https://care.best4pets.in/fish/calico-bubble-eye-goldfish,https://care.best4pets.in/fish/calico-bubble-eye-goldfish/care/,https://best4pets.in/products/calico-bubble-eye-goldfish-4,"Calico Bubble Eye Goldfish 3"" (Pair)"
RA-FSH-0088,calico-bubble-eye-goldfish-2,calico-bubble-eye-goldfish-2,Calico Bubble Eye Goldfish,Goldfish,Cyprinidae (coldwater),Selectively bred (China),Beginner-Intermediate,Peaceful,All levels,75-115 L per fish,6-8 in fancy (15-20 cm),18-24°C,7.0-8.4,Medium-Hard (8-20 dGH),Omnivore,Groups,10-15+ years,2 in,"Calico Bubble Eye Goldfish is a hardy coldwater fish that needs no heater but produces a heavy bioload, so strong filtration and space are essential. A long-lived, personable pet.",Coldwater fish — no heater needed; keep below ~24°C. | Big bioload: over-filter and do generous water changes. | Feed sinking foods to fancy types to reduce swim-bladder/buoyancy issues.,aqa-micro-pellet-economy,,Feed a sinking staple plus vegetable matter; avoid overfeeding.,https://care.best4pets.in/fish/calico-bubble-eye-goldfish-2,https://care.best4pets.in/fish/calico-bubble-eye-goldfish-2/care/,https://best4pets.in/products/calico-bubble-eye-goldfish-2,"Calico Bubble Eye Goldfish 2"""
RA-FSH-0089,red-head-fccp-star-betta,red-head-fccp-star-betta-pair,Red Head FCCP Star Betta,Betta,Osphronemidae,Southeast Asia,Beginner,Aggressive,Top-Middle,20 L,2.5-3 in (6-8 cm),24-28°C,6.0-7.5,Soft-Medium (2-15 dGH),Carnivore,Solitary (one male per tank),3-5 years,,"Red Head FCCP Star Betta is a labyrinth fish that breathes air from the surface. Males are beautiful but territorial and must be kept one to a tank; they prefer warm, still water.","One male per tank — males fight, sometimes to the death. | Warm, stable water and gentle flow (strong currents stress them). | Carnivore: feed betta pellets plus frozen bloodworms/brine shrimp.",aqa-micro-pellet-colour-enhancing,aqa-brineshrimp-flakes,,https://care.best4pets.in/fish/red-head-fccp-star-betta,https://care.best4pets.in/fish/red-head-fccp-star-betta/care/,https://best4pets.in/products/red-head-fccp-star-betta-pair,Red Head FCCP Star Betta (Pair)
RA-FSH-0090,l-191-pleco,l-191-pleco-5inch,L 191 Pleco,Pleco (L-number/Bristlenose),Loricariidae,South America,Beginner-Intermediate,Peaceful (with care),Bottom,115 L (varies by species),4-18 in — varies by species,24-28°C,6.0-7.5,Soft-Medium (2-15 dGH),Omnivore,Solitary (can be territorial),10-15 years,3.5 in,"L 191 Pleco is a loricariid catfish. Sizes range from a 12 cm bristlenose to an 45 cm+ common pleco, so confirm the species. Most graze biofilm and need driftwood and sinking foods.","Provide driftwood — many species rasp on wood as part of their diet. | Don't rely on tank algae alone; offer sinking wafers and vegetables (Hypancistrus are carnivores). | Confirm adult size before buying — bristlenose stay ~12 cm, common/sailfin plecos exceed 40 cm.",aqa-micro-pellet-economy,,"Supplement with algae wafers, vegetables and driftwood (Hypancistrus need meaty food).",https://care.best4pets.in/fish/l-191-pleco,https://care.best4pets.in/fish/l-191-pleco/care/,https://best4pets.in/products/l-191-pleco-5inch,L 191 Pleco 3.5inch
RA-FSH-0091,royal-whiptail-sturisoma-panamense,royal-whiptail-sturisoma-panamense-4inch,Royal Whiptail / Sturisoma panamense,Pleco (L-number/Bristlenose),Loricariidae,South America,Beginner-Intermediate,Peaceful (with care),Bottom,115 L (varies by species),4-18 in — varies by species,24-28°C,6.0-7.5,Soft-Medium (2-15 dGH),Omnivore,Solitary (can be territorial),10-15 years,4 in,"Royal Whiptail / Sturisoma panamense is a loricariid catfish. Sizes range from a 12 cm bristlenose to an 45 cm+ common pleco, so confirm the species. Most graze biofilm and need driftwood and sinking foods.","Provide driftwood — many species rasp on wood as part of their diet. | Don't rely on tank algae alone; offer sinking wafers and vegetables (Hypancistrus are carnivores). | Confirm adult size before buying — bristlenose stay ~12 cm, common/sailfin plecos exceed 40 cm.",aqa-micro-pellet-economy,,"Supplement with algae wafers, vegetables and driftwood (Hypancistrus need meaty food).",https://care.best4pets.in/fish/royal-whiptail-sturisoma-panamense,https://care.best4pets.in/fish/royal-whiptail-sturisoma-panamense/care/,https://best4pets.in/products/royal-whiptail-sturisoma-panamense-4inch,Royal Whiptail / Sturisoma panamense 4inch
RA-FSH-0092,snow-white-cichlid,snow-white-cichlid-3,Snow White Cichlid,Cichlid (other),Cichlidae,Varies,Intermediate,Semi-aggressive,All levels,150-200 L,4-8 in — varies by species,23-28°C,6.5-8.0,Medium (5-20 dGH),Omnivore,Species-dependent,8-12 years,1.5 in,Snow White Cichlid is a cichlid whose exact requirements depend on its species and region. As a group these fish are territorial and appreciate structured decor and defined territories.,Confirm the species' origin (African rift vs. New World) to set the right water hardness. | Provide territory and broken sight-lines to reduce aggression. | Match tankmates to the species' adult size and temperament.,aqa-cichlid-colour-enhancer,aqa-brineshrimp-flakes,,https://care.best4pets.in/fish/snow-white-cichlid,https://care.best4pets.in/fish/snow-white-cichlid/care/,https://best4pets.in/products/snow-white-cichlid-3,Snow White Cichlid 1.5inch ( Pair)
RA-FSH-0093,yellow-lab,yellow-lab-3,Yellow Lab,African Rift Cichlid (Malawi),Cichlidae,"Lake Malawi, East Africa",Intermediate,Aggressive,All levels,200 L,4-6 in (10-15 cm),24-28°C,7.8-8.6,Hard / Alkaline (10-20 dGH),Omnivore,Groups (species-appropriate),8-10 years,3 in,"Yellow Lab is a colourful, boldly territorial Lake Malawi cichlid. It needs hard, alkaline water and a rocky, cave-filled aquascape, with stocking planned to spread aggression.","Hard, alkaline water is essential — not for soft-water community tanks. | Build rockwork with many caves; keep them appropriately stocked to diffuse aggression. | Mbuna need veg-based food (avoid excess protein → Malawi bloat); peacocks/haps take more protein.",aqa-cichlid-colour-enhancer,aqa-brineshrimp-flakes,Mbuna are veg-leaning — keep protein moderate to avoid bloat.,https://care.best4pets.in/fish/yellow-lab,https://care.best4pets.in/fish/yellow-lab/care/,https://best4pets.in/products/yellow-lab-3,"Yellow Lab 3"""
RA-FSH-0094,black-swordtail,black-swordtail-2inch,Black Swordtail,Molly/Platy/Swordtail,Poeciliidae,Central America (livebearer),Beginner,Peaceful,Middle,75-115 L,2-5 in (5-13 cm),22-28°C,7.0-8.2,Medium-Hard (10-25 dGH),Omnivore (veg-leaning),Groups,3-5 years,,"Black Swordtail is a hardy, peaceful livebearer that does best in hard, alkaline water with plenty of vegetable matter in its diet. An easy, active community fish.","Hard, alkaline water keeps these livebearers healthiest (mollies especially). | Include algae/veg-based foods — blanched vegetables and spirulina. | Keep in groups; expect regular broods of live young.",aqa-micro-pellet-colour-enhancing,aqa-brineshrimp-flakes,Add algae/vegetable matter for this veg-leaning livebearer.,https://care.best4pets.in/fish/black-swordtail,https://care.best4pets.in/fish/black-swordtail/care/,https://best4pets.in/products/black-swordtail-2inch,Black Swordtail (Pair)
RA-FSH-0095,albino-heckelii-2,albino-threadfin-acara-3-5,Albino Heckelii,SA/CA Cichlid (large),Cichlidae,Central/South America,Intermediate-Advanced,Aggressive,All levels,200-475 L (species-dependent),6-16 in — varies by species,23-28°C,6.5-7.5,Medium (5-20 dGH),Carnivore/Omnivore,Solitary or bonded pair,10-15 years,4 in,"Albino Heckelii is a large, characterful New World cichlid. These fish are intelligent and territorial, needing a big tank, strong filtration and robust decor. Adult size varies widely by species.",Provide a large tank with powerful filtration and secure hardscape. | Territorial and often aggressive — choose tankmates carefully and confirm the species' temperament. | Confirm the exact species' adult size before stocking — some exceed 30 cm.,aqa-cichlid-colour-enhancer,aqa-brineshrimp-flakes,Larger specimens need bigger meaty/pellet foods.,https://care.best4pets.in/fish/albino-heckelii-2,https://care.best4pets.in/fish/albino-heckelii-2/care/,https://best4pets.in/products/albino-threadfin-acara-3-5,"Albino Heckelii 4"""
RA-FSH-0096,clown-knifefish,clown-knifefish-4inch,Clown Knifefish,Oddball/Predator,Various,Varies,Intermediate-Advanced,Aggressive,All levels,340 L,8-20 in (20-50 cm),24-28°C,6.5-7.5,Soft-Medium (5-15 dGH),Carnivore,Solitary or species-dependent,10-20 years,4 in,"Clown Knifefish is a specialist 'oddball' predator (such as bichirs, arowana, gar, knifefish or eels). Most grow large and hunt, so the exact species dictates tank size and tankmates.","Use a tight, weighted lid — most oddball predators jump or climb. | Predatory: never house with fish small enough to be swallowed. | Research the exact species — many outgrow standard aquariums dramatically.",aqa-brineshrimp-flakes,,Predatory — feed meaty foods sized to the fish; large species need large prey items.,https://care.best4pets.in/fish/clown-knifefish,https://care.best4pets.in/fish/clown-knifefish/care/,https://best4pets.in/products/clown-knifefish-4inch,Clown Knifefish 4inch
RA-FSH-0097,least-rasbora,boraras-urophthalmoides-least-rasbora,Least rasbora,Rasbora,Cyprinidae,Southeast Asia,Beginner,Peaceful,Middle,40-75 L,0.75-2 in (2-5 cm),23-27°C,5.5-7.0,Soft-Medium (2-12 dGH),Omnivore,Shoal of 8 or more,3-5 years,,Least rasbora is a peaceful nano cyprinid that shoals tightly and suits planted and nano aquascapes. Its small size and calm nature make it a community favourite.,"Keep 8+ together for a confident, colourful shoal. | Soft, slightly acidic water and planted cover bring out the best colour. | Feed small foods — micro-pellets, crushed flake and frozen daphnia/cyclops.",aqa-micro-pellet-colour-enhancing,aqa-brineshrimp-flakes,,https://care.best4pets.in/fish/least-rasbora,https://care.best4pets.in/fish/least-rasbora/care/,https://best4pets.in/products/boraras-urophthalmoides-least-rasbora,Least rasbora (Pair)
RA-FSH-0098,red-tail-catfish,red-tail-catfish-2-5-copy,Red Tail Catfish,Catfish (other),Siluriformes,Varies,Intermediate,Aggressive,Bottom,1140 L,24-48 in (60-120 cm),22-28°C,6.0-7.8,Soft-Medium (5-15 dGH),Omnivore/Carnivore,Species-dependent,8-15 years,4.5 in,"Red Tail Catfish is a catfish whose needs depend heavily on species. Many are nocturnal and appreciate caves; some (e.g. Synodontis) stay moderate while others (shovelnose, redtail) grow very large.",Provide caves and shaded retreats — many catfish are nocturnal. | Confirm the species' adult size before buying; some grow far too large for home tanks. | Feed after lights-out with sinking foods to ensure they get enough.,aqa-micro-pellet-economy,aqa-brineshrimp-flakes,Feed after lights-out; larger/predatory species need meaty foods.,https://care.best4pets.in/fish/red-tail-catfish,https://care.best4pets.in/fish/red-tail-catfish/care/,https://best4pets.in/products/red-tail-catfish-2-5-copy,Red Tail Catfish 4.5inch
RA-FSH-0099,platy-combo,assorted-platy-combo,Platy Combo,Molly/Platy/Swordtail,Poeciliidae,Central America (livebearer),Beginner,Peaceful,Middle,75-115 L,2-5 in (5-13 cm),22-28°C,7.0-8.2,Medium-Hard (10-25 dGH),Omnivore (veg-leaning),Groups,3-5 years,,"Platy Combo is a hardy, peaceful livebearer that does best in hard, alkaline water with plenty of vegetable matter in its diet. An easy, active community fish.","Hard, alkaline water keeps these livebearers healthiest (mollies especially). | Include algae/veg-based foods — blanched vegetables and spirulina. | Keep in groups; expect regular broods of live young.",aqa-micro-pellet-colour-enhancing,aqa-brineshrimp-flakes,Add algae/vegetable matter for this veg-leaning livebearer.,https://care.best4pets.in/fish/platy-combo,https://care.best4pets.in/fish/platy-combo/care/,https://best4pets.in/products/assorted-platy-combo,Assorted Platy Combo
RA-FSH-0100,bi-colour-mbuna-2,bi-colour-mbuna,Bi Colour Mbuna,African Rift Cichlid (Malawi),Cichlidae,"Lake Malawi, East Africa",Intermediate,Aggressive,All levels,200 L,4-6 in (10-15 cm),24-28°C,7.8-8.6,Hard / Alkaline (10-20 dGH),Omnivore,Groups (species-appropriate),8-10 years,2.75 in,"Bi Colour Mbuna is a colourful, boldly territorial Lake Malawi cichlid. It needs hard, alkaline water and a rocky, cave-filled aquascape, with stocking planned to spread aggression.","Hard, alkaline water is essential — not for soft-water community tanks. | Build rockwork with many caves; keep them appropriately stocked to diffuse aggression. | Mbuna need veg-based food (avoid excess protein → Malawi bloat); peacocks/haps take more protein.",aqa-cichlid-colour-enhancer,aqa-brineshrimp-flakes,Mbuna are veg-leaning — keep protein moderate to avoid bloat.,https://care.best4pets.in/fish/bi-colour-mbuna-2,https://care.best4pets.in/fish/bi-colour-mbuna-2/care/,https://best4pets.in/products/bi-colour-mbuna,"Bi Colour Mbuna 2.75""-3"" (Pair)"
RA-FSH-0101,electric-blue-cichlid,electric-blue-cichlid-2-import,Electric Blue Cichlid,African Rift Cichlid (Malawi),Cichlidae,"Lake Malawi, East Africa",Intermediate,Aggressive,All levels,200 L,4-6 in (10-15 cm),24-28°C,7.8-8.6,Hard / Alkaline (10-20 dGH),Omnivore,Groups (species-appropriate),8-10 years,2 in,"Electric Blue Cichlid is a colourful, boldly territorial Lake Malawi cichlid. It needs hard, alkaline water and a rocky, cave-filled aquascape, with stocking planned to spread aggression.","Hard, alkaline water is essential — not for soft-water community tanks. | Build rockwork with many caves; keep them appropriately stocked to diffuse aggression. | Mbuna need veg-based food (avoid excess protein → Malawi bloat); peacocks/haps take more protein.",aqa-cichlid-colour-enhancer,aqa-brineshrimp-flakes,Mbuna are veg-leaning — keep protein moderate to avoid bloat.,https://care.best4pets.in/fish/electric-blue-cichlid,https://care.best4pets.in/fish/electric-blue-cichlid/care/,https://best4pets.in/products/electric-blue-cichlid-2-import,"Electric Blue Cichlid 2"" (Import)"
RA-FSH-0102,half-black-red-rose-guppy,half-black-red-rose-guppy,Half Black Red Rose Guppy,Guppy/Endler,Poeciliidae,Central/South America (livebearer),Beginner,Peaceful,Top-Middle,40-75 L,1-2.5 in (2.5-6 cm),22-28°C,7.0-8.0,Medium-Hard (8-20 dGH),Omnivore,Groups (more females than males),2-3 years,,"Half Black Red Rose Guppy is a colourful, hardy livebearer and one of the easiest fish in the hobby. It breeds readily and thrives in harder, alkaline water.","Prefers harder, alkaline water — avoid soft, acidic setups. | Keep 2-3 females per male to reduce harassment of females. | Breeds prolifically; provide plant cover for fry or expect a growing colony.",aqa-micro-pellet-colour-enhancing,aqa-brineshrimp-flakes,,https://care.best4pets.in/fish/half-black-red-rose-guppy,https://care.best4pets.in/fish/half-black-red-rose-guppy/care/,https://best4pets.in/products/half-black-red-rose-guppy,Half Black Red Rose Guppy
RA-FSH-0103,siam-yellow-tiger-guppy,siam-yellow-tiger-guppy,Siam Yellow Tiger Guppy,Guppy/Endler,Poeciliidae,Central/South America (livebearer),Beginner,Peaceful,Top-Middle,40-75 L,1-2.5 in (2.5-6 cm),22-28°C,7.0-8.0,Medium-Hard (8-20 dGH),Omnivore,Groups (more females than males),2-3 years,,"Siam Yellow Tiger Guppy is a colourful, hardy livebearer and one of the easiest fish in the hobby. It breeds readily and thrives in harder, alkaline water.","Prefers harder, alkaline water — avoid soft, acidic setups. | Keep 2-3 females per male to reduce harassment of females. | Breeds prolifically; provide plant cover for fry or expect a growing colony.",aqa-micro-pellet-colour-enhancing,aqa-brineshrimp-flakes,,https://care.best4pets.in/fish/siam-yellow-tiger-guppy,https://care.best4pets.in/fish/siam-yellow-tiger-guppy/care/,https://best4pets.in/products/siam-yellow-tiger-guppy,Siam Yellow Tiger  Guppy (Pair)
RA-FSH-0104,koi-red-tuxedo-guppy,koi-red-tuxedo-guppy,Koi Red Tuxedo Guppy,Koi,Cyprinidae (pond),Selectively bred (Japan),Intermediate,Peaceful,All levels,"Pond, 950+ L",24-36 in (60-90 cm),15-25°C,7.0-8.5,Medium-Hard (8-20 dGH),Omnivore,Groups,20-30+ years,,"Koi Red Tuxedo Guppy is a pond fish, not an aquarium fish — it reaches 60-90 cm and lives for decades. It needs a large pond with powerful filtration and aeration.",A POND fish: an aquarium is only suitable for short-term grow-out. | Plan for a very large adult size and heavy filtration. | Tolerates cool water well; feed less as temperatures drop.,aqa-micro-pellet-economy,,Use a pond staple sized to the fish; add vegetable matter.,https://care.best4pets.in/fish/koi-red-tuxedo-guppy,https://care.best4pets.in/fish/koi-red-tuxedo-guppy/care/,https://best4pets.in/products/koi-red-tuxedo-guppy,Koi Red Tuxedo Guppy (Pair)
RA-FSH-0105,white-tuxedo-crowntail-guppy,white-tuxedo-crowntail-guppy,White Tuxedo Crowntail Guppy,Betta,Osphronemidae,Southeast Asia,Beginner,Aggressive,Top-Middle,20 L,2.5-3 in (6-8 cm),24-28°C,6.0-7.5,Soft-Medium (2-15 dGH),Carnivore,Solitary (one male per tank),3-5 years,,"White Tuxedo Crowntail Guppy is a labyrinth fish that breathes air from the surface. Males are beautiful but territorial and must be kept one to a tank; they prefer warm, still water.","One male per tank — males fight, sometimes to the death. | Warm, stable water and gentle flow (strong currents stress them). | Carnivore: feed betta pellets plus frozen bloodworms/brine shrimp.",aqa-micro-pellet-colour-enhancing,aqa-brineshrimp-flakes,,https://care.best4pets.in/fish/white-tuxedo-crowntail-guppy,https://care.best4pets.in/fish/white-tuxedo-crowntail-guppy/care/,https://best4pets.in/products/white-tuxedo-crowntail-guppy,White Tuxedo Crowntail Guppy
RA-FSH-0106,red-frontosa-cichlid,red-frontosa-cichlid-5cm,Red Frontosa Cichlid,Tanganyikan Cichlid,Cichlidae,"Lake Tanganyika, East Africa",Intermediate,Semi-aggressive,All levels,475 L,12-14 in (30-35 cm),24-28°C,7.8-9.0,Hard / Alkaline (10-20 dGH),Carnivore/Omnivore,Colony or pair (species-dependent),8-15 years,5 cm,"Red Frontosa Cichlid is a Lake Tanganyika cichlid needing hard, alkaline water. This group ranges from tiny shell-dwellers to large Frontosa, so check the specific species' adult size and setup.","Hard, alkaline water with the right decor — shells for shell-dwellers, rock for others. | Adult size varies enormously across this group — confirm the species before stocking. | Feed appropriately: many are micro-predators; avoid excess for the smaller species.",aqa-cichlid-colour-enhancer,aqa-brineshrimp-flakes,,https://care.best4pets.in/fish/red-frontosa-cichlid,https://care.best4pets.in/fish/red-frontosa-cichlid/care/,https://best4pets.in/products/red-frontosa-cichlid-5cm,Red Frontosa Cichlid 5cm (Pair)
RA-FSH-0107,bi-colour-cichlid,copy-of-bi-colour-cichlid-2,Bi-Colour Cichlid,Cichlid (other),Cichlidae,Varies,Intermediate,Semi-aggressive,All levels,150-200 L,4-8 in — varies by species,23-28°C,6.5-8.0,Medium (5-20 dGH),Omnivore,Species-dependent,8-12 years,2 in,Bi-Colour Cichlid is a cichlid whose exact requirements depend on its species and region. As a group these fish are territorial and appreciate structured decor and defined territories.,Confirm the species' origin (African rift vs. New World) to set the right water hardness. | Provide territory and broken sight-lines to reduce aggression. | Match tankmates to the species' adult size and temperament.,aqa-cichlid-colour-enhancer,aqa-brineshrimp-flakes,,https://care.best4pets.in/fish/bi-colour-cichlid,https://care.best4pets.in/fish/bi-colour-cichlid/care/,https://best4pets.in/products/copy-of-bi-colour-cichlid-2,"Bi-Colour Cichlid 2"""
RA-FSH-0108,aristochromis-christyi-the-malawi-hawk-cichlid,aristochromis-christyi-the-malawi-hawk-cichlid-2,Aristochromis christyi / The Malawi Hawk Cichlid,African Rift Cichlid (Malawi),Cichlidae,"Lake Malawi, East Africa",Intermediate,Aggressive,All levels,200 L,4-6 in (10-15 cm),24-28°C,7.8-8.6,Hard / Alkaline (10-20 dGH),Omnivore,Groups (species-appropriate),8-10 years,2 in,"Aristochromis christyi / The Malawi Hawk Cichlid is a colourful, boldly territorial Lake Malawi cichlid. It needs hard, alkaline water and a rocky, cave-filled aquascape, with stocking planned to spread aggression.","Hard, alkaline water is essential — not for soft-water community tanks. | Build rockwork with many caves; keep them appropriately stocked to diffuse aggression. | Mbuna need veg-based food (avoid excess protein → Malawi bloat); peacocks/haps take more protein.",aqa-cichlid-colour-enhancer,aqa-brineshrimp-flakes,Mbuna are veg-leaning — keep protein moderate to avoid bloat.,https://care.best4pets.in/fish/aristochromis-christyi-the-malawi-hawk-cichlid,https://care.best4pets.in/fish/aristochromis-christyi-the-malawi-hawk-cichlid/care/,https://best4pets.in/products/aristochromis-christyi-the-malawi-hawk-cichlid-2,"Aristochromis christyi / The Malawi Hawk Cichlid 2"""
RA-FSH-0109,ruby-red-peacock,ruby-red-peacock-3,Ruby Red Peacock,African Rift Cichlid (Malawi),Cichlidae,"Lake Malawi, East Africa",Intermediate,Aggressive,All levels,200 L,4-6 in (10-15 cm),24-28°C,7.8-8.6,Hard / Alkaline (10-20 dGH),Omnivore,Groups (species-appropriate),8-10 years,3 in,"Ruby Red Peacock is a colourful, boldly territorial Lake Malawi cichlid. It needs hard, alkaline water and a rocky, cave-filled aquascape, with stocking planned to spread aggression.","Hard, alkaline water is essential — not for soft-water community tanks. | Build rockwork with many caves; keep them appropriately stocked to diffuse aggression. | Mbuna need veg-based food (avoid excess protein → Malawi bloat); peacocks/haps take more protein.",aqa-cichlid-colour-enhancer,aqa-brineshrimp-flakes,Mbuna are veg-leaning — keep protein moderate to avoid bloat.,https://care.best4pets.in/fish/ruby-red-peacock,https://care.best4pets.in/fish/ruby-red-peacock/care/,https://best4pets.in/products/ruby-red-peacock-3,"Ruby Red Peacock 3"""
RA-FSH-0110,red-lace-guppy,red-lace-guppy-pair,Red Lace Guppy,Guppy/Endler,Poeciliidae,Central/South America (livebearer),Beginner,Peaceful,Top-Middle,40-75 L,1-2.5 in (2.5-6 cm),22-28°C,7.0-8.0,Medium-Hard (8-20 dGH),Omnivore,Groups (more females than males),2-3 years,,"Red Lace Guppy is a colourful, hardy livebearer and one of the easiest fish in the hobby. It breeds readily and thrives in harder, alkaline water.","Prefers harder, alkaline water — avoid soft, acidic setups. | Keep 2-3 females per male to reduce harassment of females. | Breeds prolifically; provide plant cover for fry or expect a growing colony.",aqa-micro-pellet-colour-enhancing,aqa-brineshrimp-flakes,,https://care.best4pets.in/fish/red-lace-guppy,https://care.best4pets.in/fish/red-lace-guppy/care/,https://best4pets.in/products/red-lace-guppy-pair,Red Lace Guppy (Pair)
RA-FSH-0111,red-silverado-guppy,red-silverado-guppy,Red Silverado Guppy,Guppy/Endler,Poeciliidae,Central/South America (livebearer),Beginner,Peaceful,Top-Middle,40-75 L,1-2.5 in (2.5-6 cm),22-28°C,7.0-8.0,Medium-Hard (8-20 dGH),Omnivore,Groups (more females than males),2-3 years,,"Red Silverado Guppy is a colourful, hardy livebearer and one of the easiest fish in the hobby. It breeds readily and thrives in harder, alkaline water.","Prefers harder, alkaline water — avoid soft, acidic setups. | Keep 2-3 females per male to reduce harassment of females. | Breeds prolifically; provide plant cover for fry or expect a growing colony.",aqa-micro-pellet-colour-enhancing,aqa-brineshrimp-flakes,,https://care.best4pets.in/fish/red-silverado-guppy,https://care.best4pets.in/fish/red-silverado-guppy/care/,https://best4pets.in/products/red-silverado-guppy,Red Silverado Guppy (Pair)
RA-FSH-0112,chocolate-cichlid,chocolate-cichlid-jumbo,Chocolate cichlid,SA/CA Cichlid (large),Cichlidae,Central/South America,Intermediate-Advanced,Aggressive,All levels,200-475 L (species-dependent),6-16 in — varies by species,23-28°C,6.5-7.5,Medium (5-20 dGH),Carnivore/Omnivore,Solitary or bonded pair,10-15 years,,"Chocolate cichlid is a large, characterful New World cichlid. These fish are intelligent and territorial, needing a big tank, strong filtration and robust decor. Adult size varies widely by species.",Provide a large tank with powerful filtration and secure hardscape. | Territorial and often aggressive — choose tankmates carefully and confirm the species' temperament. | Confirm the exact species' adult size before stocking — some exceed 30 cm.,aqa-cichlid-colour-enhancer,aqa-brineshrimp-flakes,Larger specimens need bigger meaty/pellet foods.,https://care.best4pets.in/fish/chocolate-cichlid,https://care.best4pets.in/fish/chocolate-cichlid/care/,https://best4pets.in/products/chocolate-cichlid-jumbo,Chocolate cichlid Jumbo
RA-FSH-0113,white-mosaic-guppy,white-mosaic-guppy,White mosaic Guppy,Guppy/Endler,Poeciliidae,Central/South America (livebearer),Beginner,Peaceful,Top-Middle,40-75 L,1-2.5 in (2.5-6 cm),22-28°C,7.0-8.0,Medium-Hard (8-20 dGH),Omnivore,Groups (more females than males),2-3 years,,"White mosaic Guppy is a colourful, hardy livebearer and one of the easiest fish in the hobby. It breeds readily and thrives in harder, alkaline water.","Prefers harder, alkaline water — avoid soft, acidic setups. | Keep 2-3 females per male to reduce harassment of females. | Breeds prolifically; provide plant cover for fry or expect a growing colony.",aqa-micro-pellet-colour-enhancing,aqa-brineshrimp-flakes,,https://care.best4pets.in/fish/white-mosaic-guppy,https://care.best4pets.in/fish/white-mosaic-guppy/care/,https://best4pets.in/products/white-mosaic-guppy,White mosaic Guppy (Pairs)
RA-FSH-0114,eyespot-rasbora,eyespot-rasbora,Eyespot Rasbora,Rasbora,Cyprinidae,Southeast Asia,Beginner,Peaceful,Middle,40-75 L,0.75-2 in (2-5 cm),23-27°C,5.5-7.0,Soft-Medium (2-12 dGH),Omnivore,Shoal of 8 or more,3-5 years,,Eyespot Rasbora is a peaceful nano cyprinid that shoals tightly and suits planted and nano aquascapes. Its small size and calm nature make it a community favourite.,"Keep 8+ together for a confident, colourful shoal. | Soft, slightly acidic water and planted cover bring out the best colour. | Feed small foods — micro-pellets, crushed flake and frozen daphnia/cyclops.",aqa-micro-pellet-colour-enhancing,aqa-brineshrimp-flakes,,https://care.best4pets.in/fish/eyespot-rasbora,https://care.best4pets.in/fish/eyespot-rasbora/care/,https://best4pets.in/products/eyespot-rasbora,Eyespot Rasbora
RA-FSH-0115,super-red-bristlenose-pleco,super-red-bristlenose-pleco-1-75,Super Red Bristlenose Pleco,Pleco (L-number/Bristlenose),Loricariidae,South America,Beginner-Intermediate,Peaceful (with care),Bottom,115 L,4-5 in (10-13 cm),24-28°C,6.0-7.5,Soft-Medium (2-15 dGH),Omnivore,Solitary (can be territorial),10-15 years,1.5 in,"Super Red Bristlenose Pleco is a loricariid catfish. Sizes range from a 12 cm bristlenose to an 45 cm+ common pleco, so confirm the species. Most graze biofilm and need driftwood and sinking foods.","Provide driftwood — many species rasp on wood as part of their diet. | Don't rely on tank algae alone; offer sinking wafers and vegetables (Hypancistrus are carnivores). | Confirm adult size before buying — bristlenose stay ~12 cm, common/sailfin plecos exceed 40 cm.",aqa-micro-pellet-economy,,"Supplement with algae wafers, vegetables and driftwood (Hypancistrus need meaty food).",https://care.best4pets.in/fish/super-red-bristlenose-pleco,https://care.best4pets.in/fish/super-red-bristlenose-pleco/care/,https://best4pets.in/products/super-red-bristlenose-pleco-1-75,"Super Red Bristlenose Pleco 1.5"" (Pair)"
RA-FSH-0116,mix-oranda-a-grade-bloodline,red-oranda-jumbo,Mix Oranda A Grade - Bloodline !,Goldfish,Cyprinidae (coldwater),Selectively bred (China),Beginner-Intermediate,Peaceful,All levels,75-115 L per fish,6-8 in fancy (15-20 cm),18-24°C,7.0-8.4,Medium-Hard (8-20 dGH),Omnivore,Groups,10-15+ years,,"Mix Oranda A Grade - Bloodline ! is a hardy coldwater fish that needs no heater but produces a heavy bioload, so strong filtration and space are essential. A long-lived, personable pet.",Coldwater fish — no heater needed; keep below ~24°C. | Big bioload: over-filter and do generous water changes. | Feed sinking foods to fancy types to reduce swim-bladder/buoyancy issues.,aqa-micro-pellet-economy,,Feed a sinking staple plus vegetable matter; avoid overfeeding.,https://care.best4pets.in/fish/mix-oranda-a-grade-bloodline,https://care.best4pets.in/fish/mix-oranda-a-grade-bloodline/care/,https://best4pets.in/products/red-oranda-jumbo,Mix Oranda A Grade - Jumbo Bloodline !
RA-FSH-0117,bulgarian-seal-point-angel-fish,bulgarian-seal-point-angel-fish,Bulgarian Seal Point Angel Fish,Angelfish,Cichlidae,"Amazon, South America",Intermediate,Semi-aggressive,Middle,115 L (tall),"6 in tall, to 8 in (15-20 cm)",25-29°C,6.0-7.5,Soft-Medium (3-15 dGH),Omnivore,Pairs / small groups,8-10 years,,"Bulgarian Seal Point Angel Fish is a graceful South American cichlid with a tall body that needs a deep tank. Peaceful for a cichlid, but pairs get territorial when breeding and may eat very small fish.","Use a tall tank to accommodate the fins and body shape. | May eat very small fish (e.g. neon tetras) — choose tankmates by size. | Warm, soft-to-neutral water; pairs become territorial when spawning.",aqa-cichlid-colour-enhancer,aqa-brineshrimp-flakes,,https://care.best4pets.in/fish/bulgarian-seal-point-angel-fish,https://care.best4pets.in/fish/bulgarian-seal-point-angel-fish/care/,https://best4pets.in/products/bulgarian-seal-point-angel-fish,Bulgarian Seal Point Angel Fish (Pair)
RA-FSH-0118,dawkinsia-rubrotinctus,dawkinsia-rubrotinctus-2-5,Dawkinsia rubrotinctus,Barb,Cyprinidae,Asia,Beginner-Intermediate,Semi-aggressive,Middle,115 L,2-3 in (5-8 cm),22-26°C,6.0-7.5,Soft-Medium (4-15 dGH),Omnivore,Shoal of 6 or more,5 years,2.5 in,"Dawkinsia rubrotinctus is an active, hardy barb. Kept in good numbers it's a lively community fish, but small groups can turn nippy toward long-finned tankmates.","Keep a shoal of 6+ to spread out natural nipping behaviour. | Avoid slow, long-finned tankmates (e.g. bettas, angelfish, guppies). | Provide open swimming space for this fast, energetic fish.",aqa-micro-pellet-colour-enhancing,aqa-brineshrimp-flakes,,https://care.best4pets.in/fish/dawkinsia-rubrotinctus,https://care.best4pets.in/fish/dawkinsia-rubrotinctus/care/,https://best4pets.in/products/dawkinsia-rubrotinctus-2-5,"Dawkinsia rubrotinctus 2.5"""
RA-FSH-0119,cyprichromis-leptosoma-utinta-inch,cyprichromis-leptosoma-utinta-1-5-1-75inch,Cyprichromis leptosoma Utinta inch,Tanganyikan Cichlid,Cichlidae,"Lake Tanganyika, East Africa",Intermediate,Territorial,All levels,115-200 L (species-dependent),2-14 in — varies by species,24-28°C,7.8-9.0,Hard / Alkaline (10-20 dGH),Carnivore/Omnivore,Colony or pair (species-dependent),8-15 years,1.5-1.75 in,"Cyprichromis leptosoma Utinta inch is a Lake Tanganyika cichlid needing hard, alkaline water. This group ranges from tiny shell-dwellers to large Frontosa, so check the specific species' adult size and setup.","Hard, alkaline water with the right decor — shells for shell-dwellers, rock for others. | Adult size varies enormously across this group — confirm the species before stocking. | Feed appropriately: many are micro-predators; avoid excess for the smaller species.",aqa-cichlid-colour-enhancer,aqa-brineshrimp-flakes,,https://care.best4pets.in/fish/cyprichromis-leptosoma-utinta-inch,https://care.best4pets.in/fish/cyprichromis-leptosoma-utinta-inch/care/,https://best4pets.in/products/cyprichromis-leptosoma-utinta-1-5-1-75inch,"Cyprichromis leptosoma ""Utinta"" 1.5-1.75""inch"
RA-FSH-0120,golden-emperor-tetra,golden-emperor-tetra,Golden emperor Tetra,Tetra/Characin,Characidae,South America,Beginner,Peaceful,Middle,75 L,1.5-2.5 in (4-6 cm),22-27°C,5.5-7.5,Soft-Medium (2-15 dGH),Omnivore,Shoal of 6 or more,3-5 years,,"Golden emperor Tetra is a small, active schooling characin that shows its best colour and behaviour in a group. Peaceful and undemanding, it's ideal for planted community aquariums.","Keep in a shoal of at least 6 — lone specimens are shy and washed-out. | Offer a varied diet of quality micro-pellets, flakes and frozen foods. | Best in a planted tank with open swimming space and gentle flow.",aqa-micro-pellet-colour-enhancing,aqa-brineshrimp-flakes,,https://care.best4pets.in/fish/golden-emperor-tetra,https://care.best4pets.in/fish/golden-emperor-tetra/care/,https://best4pets.in/products/golden-emperor-tetra,Golden emperor Tetra (Pair)
RA-FSH-0121,srd-flowerhorn-with-hump,srd-flowerhorn-with-hump-5-inch,SRD Flowerhorn with Hump,SA/CA Cichlid (large),Cichlidae,Central/South America,Intermediate-Advanced,Aggressive,All levels,280 L,12-16 in (30-40 cm),23-28°C,6.5-7.5,Medium (5-20 dGH),Carnivore/Omnivore,Solitary or bonded pair,10-15 years,5 in,"SRD Flowerhorn with Hump is a large, characterful New World cichlid. These fish are intelligent and territorial, needing a big tank, strong filtration and robust decor. Adult size varies widely by species.",Provide a large tank with powerful filtration and secure hardscape. | Territorial and often aggressive — choose tankmates carefully and confirm the species' temperament. | Confirm the exact species' adult size before stocking — some exceed 30 cm.,aqa-cichlid-colour-enhancer,aqa-brineshrimp-flakes,Larger specimens need bigger meaty/pellet foods.,https://care.best4pets.in/fish/srd-flowerhorn-with-hump,https://care.best4pets.in/fish/srd-flowerhorn-with-hump/care/,https://best4pets.in/products/srd-flowerhorn-with-hump-5-inch,SRD Flowerhorn with Hump 5 Inch
RA-FSH-0122,discus,wild-discus-5-bangalore-only,Discus,Discus,Cichlidae,"Amazon, South America",Advanced,Peaceful,Middle,200+ L (group),6-8 in (15-20 cm),28-31°C,5.5-7.0,Soft (1-8 dGH),Omnivore/Carnivore,Groups of 6+,10-15 years,5 in,"Discus is the 'king of the aquarium' — a stunning but demanding cichlid needing very warm, soft, pristine water and a group for security. Best for experienced keepers.","Keep very warm (28-31°C) — warmer than most community fish. | Soft, acidic, spotless water with frequent large water changes. | Keep 6+ to reduce bullying; feed high-quality varied foods often.",aqa-cichlid-colour-enhancer,aqa-brineshrimp-flakes,Feed several small meals of high-protein food daily.,https://care.best4pets.in/fish/discus,https://care.best4pets.in/fish/discus/care/,https://best4pets.in/products/wild-discus-5-bangalore-only,"Wild Discus 5"" (Bangalore Only)"
RA-FSH-0123,snow-white-guppy,snow-white-guppy,Snow White Guppy,Guppy/Endler,Poeciliidae,Central/South America (livebearer),Beginner,Peaceful,Top-Middle,40-75 L,1-2.5 in (2.5-6 cm),22-28°C,7.0-8.0,Medium-Hard (8-20 dGH),Omnivore,Groups (more females than males),2-3 years,,"Snow White Guppy is a colourful, hardy livebearer and one of the easiest fish in the hobby. It breeds readily and thrives in harder, alkaline water.","Prefers harder, alkaline water — avoid soft, acidic setups. | Keep 2-3 females per male to reduce harassment of females. | Breeds prolifically; provide plant cover for fry or expect a growing colony.",aqa-micro-pellet-colour-enhancing,aqa-brineshrimp-flakes,,https://care.best4pets.in/fish/snow-white-guppy,https://care.best4pets.in/fish/snow-white-guppy/care/,https://best4pets.in/products/snow-white-guppy,Snow White Guppy (PAIR)
RA-FSH-0124,blue-dolphin-cichlid,blue-dolphin-cichlid-5,Blue Dolphin Cichlid,African Rift Cichlid (Malawi),Cichlidae,"Lake Malawi, East Africa",Intermediate,Aggressive,All levels,200 L,4-6 in (10-15 cm),24-28°C,7.8-8.6,Hard / Alkaline (10-20 dGH),Omnivore,Groups (species-appropriate),8-10 years,5 in,"Blue Dolphin Cichlid is a colourful, boldly territorial Lake Malawi cichlid. It needs hard, alkaline water and a rocky, cave-filled aquascape, with stocking planned to spread aggression.","Hard, alkaline water is essential — not for soft-water community tanks. | Build rockwork with many caves; keep them appropriately stocked to diffuse aggression. | Mbuna need veg-based food (avoid excess protein → Malawi bloat); peacocks/haps take more protein.",aqa-cichlid-colour-enhancer,aqa-brineshrimp-flakes,Mbuna are veg-leaning — keep protein moderate to avoid bloat.,https://care.best4pets.in/fish/blue-dolphin-cichlid,https://care.best4pets.in/fish/blue-dolphin-cichlid/care/,https://best4pets.in/products/blue-dolphin-cichlid-5,"Blue Dolphin Cichlid 5"""
RA-FSH-0125,green-terror-cichlid,green-terror-cichlid-1-5,Green terror cichlid,SA/CA Cichlid (large),Cichlidae,Central/South America,Intermediate-Advanced,Aggressive,All levels,280 L,8-12 in (20-30 cm),23-28°C,6.5-7.5,Medium (5-20 dGH),Carnivore/Omnivore,Solitary or bonded pair,10-15 years,1.5 in,"Green terror cichlid is a large, characterful New World cichlid. These fish are intelligent and territorial, needing a big tank, strong filtration and robust decor. Adult size varies widely by species.",Provide a large tank with powerful filtration and secure hardscape. | Territorial and often aggressive — choose tankmates carefully and confirm the species' temperament. | Confirm the exact species' adult size before stocking — some exceed 30 cm.,aqa-cichlid-colour-enhancer,aqa-brineshrimp-flakes,Larger specimens need bigger meaty/pellet foods.,https://care.best4pets.in/fish/green-terror-cichlid,https://care.best4pets.in/fish/green-terror-cichlid/care/,https://best4pets.in/products/green-terror-cichlid-1-5,"Green terror cichlid 1.5"""
RA-FSH-0126,albino-pacu,albino-pacu-2-5-3,Albino Pacu,Silver Dollar/Large Characin,Characidae / Serrasalmidae,South America,Intermediate,Peaceful,Middle,280 L,5-8 in (13-20 cm),24-28°C,5.5-7.5,Soft-Medium (4-18 dGH),Herbivore,Shoal of 5 or more,10 years,2.5-3 in,"Albino Pacu is a large, peaceful, disc-shaped characin that shoals and appreciates space. Most are avid plant-eaters, so pair with tough or artificial plants.",Keep a group of 5+ in a large tank — they're skittish when few. | Expect them to eat soft plants; use robust or artificial plants. | Provide open swimming space and secure the tank (they spook and dash).,aqa-micro-pellet-economy,,Largely herbivorous — supplement with vegetable matter and greens.,https://care.best4pets.in/fish/albino-pacu,https://care.best4pets.in/fish/albino-pacu/care/,https://best4pets.in/products/albino-pacu-2-5-3,"Albino Pacu 2.5-3"""
RA-FSH-0127,calico-oranda,calico-oranda-3-indian-bred,Calico oranda,Goldfish,Cyprinidae (coldwater),Selectively bred (China),Beginner-Intermediate,Peaceful,All levels,75-115 L per fish,6-8 in fancy (15-20 cm),18-24°C,7.0-8.4,Medium-Hard (8-20 dGH),Omnivore,Groups,10-15+ years,3 in,"Calico oranda is a hardy coldwater fish that needs no heater but produces a heavy bioload, so strong filtration and space are essential. A long-lived, personable pet.",Coldwater fish — no heater needed; keep below ~24°C. | Big bioload: over-filter and do generous water changes. | Feed sinking foods to fancy types to reduce swim-bladder/buoyancy issues.,aqa-micro-pellet-economy,,Feed a sinking staple plus vegetable matter; avoid overfeeding.,https://care.best4pets.in/fish/calico-oranda,https://care.best4pets.in/fish/calico-oranda/care/,https://best4pets.in/products/calico-oranda-3-indian-bred,"Calico oranda 3"" (Pair)"
RA-FSH-0128,apache-oranda-goldfish,apace-oranda-goldfish-4,Apache Oranda Goldfish,Goldfish,Cyprinidae (coldwater),Selectively bred (China),Beginner-Intermediate,Peaceful,All levels,75-115 L per fish,6-8 in fancy (15-20 cm),18-24°C,7.0-8.4,Medium-Hard (8-20 dGH),Omnivore,Groups,10-15+ years,4 in,"Apache Oranda Goldfish is a hardy coldwater fish that needs no heater but produces a heavy bioload, so strong filtration and space are essential. A long-lived, personable pet.",Coldwater fish — no heater needed; keep below ~24°C. | Big bioload: over-filter and do generous water changes. | Feed sinking foods to fancy types to reduce swim-bladder/buoyancy issues.,aqa-micro-pellet-economy,,Feed a sinking staple plus vegetable matter; avoid overfeeding.,https://care.best4pets.in/fish/apache-oranda-goldfish,https://care.best4pets.in/fish/apache-oranda-goldfish/care/,https://best4pets.in/products/apace-oranda-goldfish-4,"Apache Oranda Goldfish 4"""
RA-FSH-0129,short-body-flowerhorn,short-body-flowerhorn-2-5,Short Body Flowerhorn,SA/CA Cichlid (large),Cichlidae,Central/South America,Intermediate-Advanced,Aggressive,All levels,280 L,12-16 in (30-40 cm),23-28°C,6.5-7.5,Medium (5-20 dGH),Carnivore/Omnivore,Solitary or bonded pair,10-15 years,1.5 in,"Short Body Flowerhorn is a large, characterful New World cichlid. These fish are intelligent and territorial, needing a big tank, strong filtration and robust decor. Adult size varies widely by species.",Provide a large tank with powerful filtration and secure hardscape. | Territorial and often aggressive — choose tankmates carefully and confirm the species' temperament. | Confirm the exact species' adult size before stocking — some exceed 30 cm.,aqa-cichlid-colour-enhancer,aqa-brineshrimp-flakes,Larger specimens need bigger meaty/pellet foods.,https://care.best4pets.in/fish/short-body-flowerhorn,https://care.best4pets.in/fish/short-body-flowerhorn/care/,https://best4pets.in/products/short-body-flowerhorn-2-5,"Short Body Flowerhorn 1.5"""
RA-FSH-0130,albino-heckelii-3,albino-threadfin-acara-2-2-5,Albino Heckelii,SA/CA Cichlid (large),Cichlidae,Central/South America,Intermediate-Advanced,Aggressive,All levels,200-475 L (species-dependent),6-16 in — varies by species,23-28°C,6.5-7.5,Medium (5-20 dGH),Carnivore/Omnivore,Solitary or bonded pair,10-15 years,2-2.5 in,"Albino Heckelii is a large, characterful New World cichlid. These fish are intelligent and territorial, needing a big tank, strong filtration and robust decor. Adult size varies widely by species.",Provide a large tank with powerful filtration and secure hardscape. | Territorial and often aggressive — choose tankmates carefully and confirm the species' temperament. | Confirm the exact species' adult size before stocking — some exceed 30 cm.,aqa-cichlid-colour-enhancer,aqa-brineshrimp-flakes,Larger specimens need bigger meaty/pellet foods.,https://care.best4pets.in/fish/albino-heckelii-3,https://care.best4pets.in/fish/albino-heckelii-3/care/,https://best4pets.in/products/albino-threadfin-acara-2-2-5,"Albino Heckelii 2-2.5"""
RA-FSH-0131,red-dwarf-chameleon-badis,red-dwarf-chameleon-fish,Red Dwarf Chameleon Badis,Badis/Dario,Badidae,Asia,Intermediate,Peaceful (with care),Bottom-Middle,40-75 L,0.8-3 in (2-8 cm),22-26°C,6.5-7.5,Soft-Medium (5-15 dGH),Carnivore (micro),Pairs / harem,3-5 years,,"Red Dwarf Chameleon Badis is a small, shy micro-predator (such as the scarlet badis). It often refuses dry food, needs gentle tankmates and dense cover, and rewards patience with jewel-like colour.","Feed small live/frozen foods — most refuse flakes and pellets. | Keep with calm, small tankmates; boisterous fish outcompete them. | Provide dense planting and cover so this shy fish feels secure.",aqa-brineshrimp-flakes,,Usually needs live/frozen micro-foods — may refuse dry food.,https://care.best4pets.in/fish/red-dwarf-chameleon-badis,https://care.best4pets.in/fish/red-dwarf-chameleon-badis/care/,https://best4pets.in/products/red-dwarf-chameleon-fish,Red Dwarf Chameleon Badis
RA-FSH-0132,blue-featherfin-cichlid,blue-featherfin-cichlid-4-5cm,Blue Featherfin Cichlid,Catfish (other),Siluriformes,Varies,Intermediate,Peaceful (with care),Bottom,150-475 L (species-dependent),3-24 in — varies by species,22-28°C,6.0-7.8,Soft-Medium (5-15 dGH),Omnivore/Carnivore,Species-dependent,8-15 years,4-5 cm,"Blue Featherfin Cichlid is a catfish whose needs depend heavily on species. Many are nocturnal and appreciate caves; some (e.g. Synodontis) stay moderate while others (shovelnose, redtail) grow very large.",Provide caves and shaded retreats — many catfish are nocturnal. | Confirm the species' adult size before buying; some grow far too large for home tanks. | Feed after lights-out with sinking foods to ensure they get enough.,aqa-micro-pellet-economy,aqa-brineshrimp-flakes,Feed after lights-out; larger/predatory species need meaty foods.,https://care.best4pets.in/fish/blue-featherfin-cichlid,https://care.best4pets.in/fish/blue-featherfin-cichlid/care/,https://best4pets.in/products/blue-featherfin-cichlid-4-5cm,Blue Featherfin Cichlid 4-5cm
RA-FSH-0133,red-eye-albino-strawberry-cichlid-3,red-eye-albino-strawberry-cichlid-4-import,Red eye/ Albino Strawberry Cichlid,African Rift Cichlid (Malawi),Cichlidae,"Lake Malawi, East Africa",Intermediate,Aggressive,All levels,200 L,4-6 in (10-15 cm),24-28°C,7.8-8.6,Hard / Alkaline (10-20 dGH),Omnivore,Groups (species-appropriate),8-10 years,4 in,"Red eye/ Albino Strawberry Cichlid is a colourful, boldly territorial Lake Malawi cichlid. It needs hard, alkaline water and a rocky, cave-filled aquascape, with stocking planned to spread aggression.","Hard, alkaline water is essential — not for soft-water community tanks. | Build rockwork with many caves; keep them appropriately stocked to diffuse aggression. | Mbuna need veg-based food (avoid excess protein → Malawi bloat); peacocks/haps take more protein.",aqa-cichlid-colour-enhancer,aqa-brineshrimp-flakes,Mbuna are veg-leaning — keep protein moderate to avoid bloat.,https://care.best4pets.in/fish/red-eye-albino-strawberry-cichlid-3,https://care.best4pets.in/fish/red-eye-albino-strawberry-cichlid-3/care/,https://best4pets.in/products/red-eye-albino-strawberry-cichlid-4-import,"Red eye/ Albino Strawberry Cichlid 4"" (Import)"
RA-FSH-0134,bi-colour-cichlid-2,bi-colour-cichlid-4-import,Bi-Colour Cichlid,Cichlid (other),Cichlidae,Varies,Intermediate,Semi-aggressive,All levels,150-200 L,4-8 in — varies by species,23-28°C,6.5-8.0,Medium (5-20 dGH),Omnivore,Species-dependent,8-12 years,4-5 in,Bi-Colour Cichlid is a cichlid whose exact requirements depend on its species and region. As a group these fish are territorial and appreciate structured decor and defined territories.,Confirm the species' origin (African rift vs. New World) to set the right water hardness. | Provide territory and broken sight-lines to reduce aggression. | Match tankmates to the species' adult size and temperament.,aqa-cichlid-colour-enhancer,aqa-brineshrimp-flakes,,https://care.best4pets.in/fish/bi-colour-cichlid-2,https://care.best4pets.in/fish/bi-colour-cichlid-2/care/,https://best4pets.in/products/bi-colour-cichlid-4-import,Bi-Colour Cichlid 4-5inch
RA-FSH-0135,electric-blue-cichlid-2,electric-blue-cichlid-4-import,Electric Blue Cichlid,African Rift Cichlid (Malawi),Cichlidae,"Lake Malawi, East Africa",Intermediate,Aggressive,All levels,200 L,4-6 in (10-15 cm),24-28°C,7.8-8.6,Hard / Alkaline (10-20 dGH),Omnivore,Groups (species-appropriate),8-10 years,4 in,"Electric Blue Cichlid is a colourful, boldly territorial Lake Malawi cichlid. It needs hard, alkaline water and a rocky, cave-filled aquascape, with stocking planned to spread aggression.","Hard, alkaline water is essential — not for soft-water community tanks. | Build rockwork with many caves; keep them appropriately stocked to diffuse aggression. | Mbuna need veg-based food (avoid excess protein → Malawi bloat); peacocks/haps take more protein.",aqa-cichlid-colour-enhancer,aqa-brineshrimp-flakes,Mbuna are veg-leaning — keep protein moderate to avoid bloat.,https://care.best4pets.in/fish/electric-blue-cichlid-2,https://care.best4pets.in/fish/electric-blue-cichlid-2/care/,https://best4pets.in/products/electric-blue-cichlid-4-import,"Electric Blue Cichlid 4""+ (Import)"
RA-FSH-0136,albino-lemon-tetra,albino-lemon-tetra,Albino Lemon Tetra,Tetra/Characin,Characidae,South America,Beginner,Peaceful,Middle,75 L,1.5-2.5 in (4-6 cm),22-27°C,5.5-7.5,Soft-Medium (2-15 dGH),Omnivore,Shoal of 6 or more,3-5 years,,"Albino Lemon Tetra is a small, active schooling characin that shows its best colour and behaviour in a group. Peaceful and undemanding, it's ideal for planted community aquariums.","Keep in a shoal of at least 6 — lone specimens are shy and washed-out. | Offer a varied diet of quality micro-pellets, flakes and frozen foods. | Best in a planted tank with open swimming space and gentle flow.",aqa-micro-pellet-colour-enhancing,aqa-brineshrimp-flakes,,https://care.best4pets.in/fish/albino-lemon-tetra,https://care.best4pets.in/fish/albino-lemon-tetra/care/,https://best4pets.in/products/albino-lemon-tetra,Albino Lemon Tetra (Pair)
RA-FSH-0137,albino-heckelii-4,albino-threadfin-acara-1-75-2,Albino Heckelii,SA/CA Cichlid (large),Cichlidae,Central/South America,Intermediate-Advanced,Aggressive,All levels,200-475 L (species-dependent),6-16 in — varies by species,23-28°C,6.5-7.5,Medium (5-20 dGH),Carnivore/Omnivore,Solitary or bonded pair,10-15 years,1.75 in,"Albino Heckelii is a large, characterful New World cichlid. These fish are intelligent and territorial, needing a big tank, strong filtration and robust decor. Adult size varies widely by species.",Provide a large tank with powerful filtration and secure hardscape. | Territorial and often aggressive — choose tankmates carefully and confirm the species' temperament. | Confirm the exact species' adult size before stocking — some exceed 30 cm.,aqa-cichlid-colour-enhancer,aqa-brineshrimp-flakes,Larger specimens need bigger meaty/pellet foods.,https://care.best4pets.in/fish/albino-heckelii-4,https://care.best4pets.in/fish/albino-heckelii-4/care/,https://best4pets.in/products/albino-threadfin-acara-1-75-2,"Albino Heckelii 1.75""-2"""
RA-FSH-0138,jaguar-cichlid-2,copy-of-jaguar-cichlid-3-5-inch,Jaguar Cichlid,SA/CA Cichlid (large),Cichlidae,Central/South America,Intermediate-Advanced,Aggressive,All levels,475 L,14-16 in (35-40 cm),23-28°C,6.5-7.5,Medium (5-20 dGH),Carnivore/Omnivore,Solitary or bonded pair,10-15 years,3.5 in,"Jaguar Cichlid is a large, characterful New World cichlid. These fish are intelligent and territorial, needing a big tank, strong filtration and robust decor. Adult size varies widely by species.",Provide a large tank with powerful filtration and secure hardscape. | Territorial and often aggressive — choose tankmates carefully and confirm the species' temperament. | Confirm the exact species' adult size before stocking — some exceed 30 cm.,aqa-cichlid-colour-enhancer,aqa-brineshrimp-flakes,Larger specimens need bigger meaty/pellet foods.,https://care.best4pets.in/fish/jaguar-cichlid-2,https://care.best4pets.in/fish/jaguar-cichlid-2/care/,https://best4pets.in/products/copy-of-jaguar-cichlid-3-5-inch,Jaguar Cichlid 3.5  inch
RA-FSH-0139,yellow-spiny-eel,yellow-spiny-eel,Yellow Spiny Eel,Oddball/Predator,Various,Varies,Intermediate-Advanced,Aggressive,All levels,280-1140+ L (species-dependent),6-48 in — varies hugely by species,24-28°C,6.5-7.5,Soft-Medium (5-15 dGH),Carnivore,Solitary or species-dependent,10-20 years,,"Yellow Spiny Eel is a specialist 'oddball' predator (such as bichirs, arowana, gar, knifefish or eels). Most grow large and hunt, so the exact species dictates tank size and tankmates.","Use a tight, weighted lid — most oddball predators jump or climb. | Predatory: never house with fish small enough to be swallowed. | Research the exact species — many outgrow standard aquariums dramatically.",aqa-brineshrimp-flakes,,Predatory — feed meaty foods sized to the fish; large species need large prey items.,https://care.best4pets.in/fish/yellow-spiny-eel,https://care.best4pets.in/fish/yellow-spiny-eel/care/,https://best4pets.in/products/yellow-spiny-eel,Yellow Spiny Eel (Pair)
RA-FSH-0140,white-tail-acei,white-tail-acei-2-5,White Tail Acei,African Rift Cichlid (Malawi),Cichlidae,"Lake Malawi, East Africa",Intermediate,Aggressive,All levels,200 L,4-6 in (10-15 cm),24-28°C,7.8-8.6,Hard / Alkaline (10-20 dGH),Omnivore,Groups (species-appropriate),8-10 years,2.5 in,"White Tail Acei is a colourful, boldly territorial Lake Malawi cichlid. It needs hard, alkaline water and a rocky, cave-filled aquascape, with stocking planned to spread aggression.","Hard, alkaline water is essential — not for soft-water community tanks. | Build rockwork with many caves; keep them appropriately stocked to diffuse aggression. | Mbuna need veg-based food (avoid excess protein → Malawi bloat); peacocks/haps take more protein.",aqa-cichlid-colour-enhancer,aqa-brineshrimp-flakes,Mbuna are veg-leaning — keep protein moderate to avoid bloat.,https://care.best4pets.in/fish/white-tail-acei,https://care.best4pets.in/fish/white-tail-acei/care/,https://best4pets.in/products/white-tail-acei-2-5,"White Tail Acei 2.5"""
RA-FSH-0141,sulphur-head-cichlid-aulonocara-maylandi-3,sulphur-head-cichlid-aulonocara-maylandi-2-5-import,Sulphur Head Cichlid / Aulonocara maylandi,African Rift Cichlid (Malawi),Cichlidae,"Lake Malawi, East Africa",Intermediate,Aggressive,All levels,200 L,4-6 in (10-15 cm),24-28°C,7.8-8.6,Hard / Alkaline (10-20 dGH),Omnivore,Groups (species-appropriate),8-10 years,2.5 in,"Sulphur Head Cichlid / Aulonocara maylandi is a colourful, boldly territorial Lake Malawi cichlid. It needs hard, alkaline water and a rocky, cave-filled aquascape, with stocking planned to spread aggression.","Hard, alkaline water is essential — not for soft-water community tanks. | Build rockwork with many caves; keep them appropriately stocked to diffuse aggression. | Mbuna need veg-based food (avoid excess protein → Malawi bloat); peacocks/haps take more protein.",aqa-cichlid-colour-enhancer,aqa-brineshrimp-flakes,Mbuna are veg-leaning — keep protein moderate to avoid bloat.,https://care.best4pets.in/fish/sulphur-head-cichlid-aulonocara-maylandi-3,https://care.best4pets.in/fish/sulphur-head-cichlid-aulonocara-maylandi-3/care/,https://best4pets.in/products/sulphur-head-cichlid-aulonocara-maylandi-2-5-import,"Sulphur Head Cichlid / Aulonocara maylandi 2.5"" (Import)"
RA-FSH-0142,altolamprologus-compressiceps-gold-head,altolamprologus-compressiceps-gold-head-0-5,Altolamprologus Compressiceps - Gold Head,Tanganyikan Cichlid,Cichlidae,"Lake Tanganyika, East Africa",Intermediate,Territorial,All levels,115-200 L (species-dependent),2-14 in — varies by species,24-28°C,7.8-9.0,Hard / Alkaline (10-20 dGH),Carnivore/Omnivore,Colony or pair (species-dependent),8-15 years,1.5 in,"Altolamprologus Compressiceps - Gold Head is a Lake Tanganyika cichlid needing hard, alkaline water. This group ranges from tiny shell-dwellers to large Frontosa, so check the specific species' adult size and setup.","Hard, alkaline water with the right decor — shells for shell-dwellers, rock for others. | Adult size varies enormously across this group — confirm the species before stocking. | Feed appropriately: many are micro-predators; avoid excess for the smaller species.",aqa-cichlid-colour-enhancer,aqa-brineshrimp-flakes,,https://care.best4pets.in/fish/altolamprologus-compressiceps-gold-head,https://care.best4pets.in/fish/altolamprologus-compressiceps-gold-head/care/,https://best4pets.in/products/altolamprologus-compressiceps-gold-head-0-5,"Altolamprologus Compressiceps - Gold Head 1.5"""
RA-FSH-0143,queen-loach-bengal-loach,queen-loach-bengal-loach,Queen Loach / Bengal Loach,Loach,Cobitidae / Botiidae,Asia,Beginner-Intermediate,Peaceful (with care),Bottom,115-280 L (species-dependent),2-12 in — varies by species,24-28°C,6.0-7.5,Soft-Medium (3-15 dGH),Omnivore,Groups of 5 or more,10-15 years,,Queen Loach / Bengal Loach is a social bottom-dwelling loach that does best in groups and appreciates smooth substrate and hiding spots. Some stay small; clown loaches grow large and long-lived.,Keep in groups of 5+ — loaches are social and pine when kept singly. | Use smooth substrate and provide caves/tunnels for security. | Many relish snails; confirm adult size (clown loach reaches ~30 cm).,aqa-micro-pellet-economy,aqa-brineshrimp-flakes,Use a sinking food; many also relish snails.,https://care.best4pets.in/fish/queen-loach-bengal-loach,https://care.best4pets.in/fish/queen-loach-bengal-loach/care/,https://best4pets.in/products/queen-loach-bengal-loach,Queen Loach / Bengal Loach
RA-FSH-0144,red-tiger-barb,red-tiger-barb,Red Tiger Barb,Barb,Cyprinidae,Asia,Beginner-Intermediate,Semi-aggressive,Middle,115 L,2-3 in (5-8 cm),22-26°C,6.0-7.5,Soft-Medium (4-15 dGH),Omnivore,Shoal of 6 or more,5 years,,"Red Tiger Barb is an active, hardy barb. Kept in good numbers it's a lively community fish, but small groups can turn nippy toward long-finned tankmates.","Keep a shoal of 6+ to spread out natural nipping behaviour. | Avoid slow, long-finned tankmates (e.g. bettas, angelfish, guppies). | Provide open swimming space for this fast, energetic fish.",aqa-micro-pellet-colour-enhancing,aqa-brineshrimp-flakes,,https://care.best4pets.in/fish/red-tiger-barb,https://care.best4pets.in/fish/red-tiger-barb/care/,https://best4pets.in/products/red-tiger-barb,Red Tiger Barb (Pair)
RA-FSH-0145,dragon-blood-cichlid,dragon-blood-cichlid-2-5inch,Dragon Blood Cichlid,African Rift Cichlid (Malawi),Cichlidae,"Lake Malawi, East Africa",Intermediate,Aggressive,All levels,200 L,4-6 in (10-15 cm),24-28°C,7.8-8.6,Hard / Alkaline (10-20 dGH),Omnivore,Groups (species-appropriate),8-10 years,2 in,"Dragon Blood Cichlid is a colourful, boldly territorial Lake Malawi cichlid. It needs hard, alkaline water and a rocky, cave-filled aquascape, with stocking planned to spread aggression.","Hard, alkaline water is essential — not for soft-water community tanks. | Build rockwork with many caves; keep them appropriately stocked to diffuse aggression. | Mbuna need veg-based food (avoid excess protein → Malawi bloat); peacocks/haps take more protein.",aqa-cichlid-colour-enhancer,aqa-brineshrimp-flakes,Mbuna are veg-leaning — keep protein moderate to avoid bloat.,https://care.best4pets.in/fish/dragon-blood-cichlid,https://care.best4pets.in/fish/dragon-blood-cichlid/care/,https://best4pets.in/products/dragon-blood-cichlid-2-5inch,Dragon Blood Cichlid 2inch
RA-FSH-0146,baby-flowerhorn-srd,imported-baby-flowerhorn-1-srd,Baby Flowerhorn SRD,SA/CA Cichlid (large),Cichlidae,Central/South America,Intermediate-Advanced,Aggressive,All levels,280 L,12-16 in (30-40 cm),23-28°C,6.5-7.5,Medium (5-20 dGH),Carnivore/Omnivore,Solitary or bonded pair,10-15 years,1 in,"Baby Flowerhorn SRD is a large, characterful New World cichlid. These fish are intelligent and territorial, needing a big tank, strong filtration and robust decor. Adult size varies widely by species.",Provide a large tank with powerful filtration and secure hardscape. | Territorial and often aggressive — choose tankmates carefully and confirm the species' temperament. | Confirm the exact species' adult size before stocking — some exceed 30 cm.,aqa-cichlid-colour-enhancer,aqa-brineshrimp-flakes,Larger specimens need bigger meaty/pellet foods.,https://care.best4pets.in/fish/baby-flowerhorn-srd,https://care.best4pets.in/fish/baby-flowerhorn-srd/care/,https://best4pets.in/products/imported-baby-flowerhorn-1-srd,"Imported Baby Flowerhorn 1"" SRD"
RA-FSH-0147,black-samurai-plakat-betta,black-samurai-plakat-betta-import,Black Samurai Plakat Betta,Betta,Osphronemidae,Southeast Asia,Beginner,Aggressive,Top-Middle,20 L,2.5-3 in (6-8 cm),24-28°C,6.0-7.5,Soft-Medium (2-15 dGH),Carnivore,Solitary (one male per tank),3-5 years,,"Black Samurai Plakat Betta is a labyrinth fish that breathes air from the surface. Males are beautiful but territorial and must be kept one to a tank; they prefer warm, still water.","One male per tank — males fight, sometimes to the death. | Warm, stable water and gentle flow (strong currents stress them). | Carnivore: feed betta pellets plus frozen bloodworms/brine shrimp.",aqa-micro-pellet-colour-enhancing,aqa-brineshrimp-flakes,,https://care.best4pets.in/fish/black-samurai-plakat-betta,https://care.best4pets.in/fish/black-samurai-plakat-betta/care/,https://best4pets.in/products/black-samurai-plakat-betta-import,Black Samurai Plakat Betta (Import)
RA-FSH-0148,congo-tetra-2,congo-tetra-xl-males-only,Congo Tetra,Tetra/Characin,Characidae,South America,Beginner,Peaceful,Middle,75 L,1.5-2.5 in (4-6 cm),22-27°C,5.5-7.5,Soft-Medium (2-15 dGH),Omnivore,Shoal of 6 or more,3-5 years,,"Congo Tetra is a small, active schooling characin that shows its best colour and behaviour in a group. Peaceful and undemanding, it's ideal for planted community aquariums.","Keep in a shoal of at least 6 — lone specimens are shy and washed-out. | Offer a varied diet of quality micro-pellets, flakes and frozen foods. | Best in a planted tank with open swimming space and gentle flow.",aqa-micro-pellet-colour-enhancing,aqa-brineshrimp-flakes,,https://care.best4pets.in/fish/congo-tetra-2,https://care.best4pets.in/fish/congo-tetra-2/care/,https://best4pets.in/products/congo-tetra-xl-males-only,Congo Tetra XL (Pair)
RA-FSH-0149,golden-rummynose-tetra,golden-rummynose-tetra,Golden Rummynose Tetra,Tetra/Characin,Characidae,South America,Beginner,Peaceful,Middle,75 L,1.5-2.5 in (4-6 cm),22-27°C,5.5-7.5,Soft-Medium (2-15 dGH),Omnivore,Shoal of 6 or more,3-5 years,,"Golden Rummynose Tetra is a small, active schooling characin that shows its best colour and behaviour in a group. Peaceful and undemanding, it's ideal for planted community aquariums.","Keep in a shoal of at least 6 — lone specimens are shy and washed-out. | Offer a varied diet of quality micro-pellets, flakes and frozen foods. | Best in a planted tank with open swimming space and gentle flow.",aqa-micro-pellet-colour-enhancing,aqa-brineshrimp-flakes,,https://care.best4pets.in/fish/golden-rummynose-tetra,https://care.best4pets.in/fish/golden-rummynose-tetra/care/,https://best4pets.in/products/golden-rummynose-tetra,Golden Rummynose Tetra
RA-FSH-0150,yellow-galaxy-plakat-betta,yellow-galaxy-plakat-betta,Yellow Galaxy Plakat Betta,Betta,Osphronemidae,Southeast Asia,Beginner,Aggressive,Top-Middle,20 L,2.5-3 in (6-8 cm),24-28°C,6.0-7.5,Soft-Medium (2-15 dGH),Carnivore,Solitary (one male per tank),3-5 years,,"Yellow Galaxy Plakat Betta is a labyrinth fish that breathes air from the surface. Males are beautiful but territorial and must be kept one to a tank; they prefer warm, still water.","One male per tank — males fight, sometimes to the death. | Warm, stable water and gentle flow (strong currents stress them). | Carnivore: feed betta pellets plus frozen bloodworms/brine shrimp.",aqa-micro-pellet-colour-enhancing,aqa-brineshrimp-flakes,,https://care.best4pets.in/fish/yellow-galaxy-plakat-betta,https://care.best4pets.in/fish/yellow-galaxy-plakat-betta/care/,https://best4pets.in/products/yellow-galaxy-plakat-betta,Yellow Galaxy Plakat Betta
RA-FSH-0151,brown-ghost-knifefish,brown-ghost-knifefish-5,Brown Ghost Knifefish,Oddball/Predator,Various,Varies,Intermediate-Advanced,Aggressive,All levels,340 L,8-20 in (20-50 cm),24-28°C,6.5-7.5,Soft-Medium (5-15 dGH),Carnivore,Solitary or species-dependent,10-20 years,5 in,"Brown Ghost Knifefish is a specialist 'oddball' predator (such as bichirs, arowana, gar, knifefish or eels). Most grow large and hunt, so the exact species dictates tank size and tankmates.","Use a tight, weighted lid — most oddball predators jump or climb. | Predatory: never house with fish small enough to be swallowed. | Research the exact species — many outgrow standard aquariums dramatically.",aqa-brineshrimp-flakes,,Predatory — feed meaty foods sized to the fish; large species need large prey items.,https://care.best4pets.in/fish/brown-ghost-knifefish,https://care.best4pets.in/fish/brown-ghost-knifefish/care/,https://best4pets.in/products/brown-ghost-knifefish-5,"Brown Ghost Knifefish 5"""
RA-FSH-0152,black-ghost-knifefish,copy-of-black-ghost-knifefish-2,Black Ghost Knifefish,Oddball/Predator,Various,Varies,Intermediate-Advanced,Aggressive,All levels,340 L,8-20 in (20-50 cm),24-28°C,6.5-7.5,Soft-Medium (5-15 dGH),Carnivore,Solitary or species-dependent,10-20 years,5 in,"Black Ghost Knifefish is a specialist 'oddball' predator (such as bichirs, arowana, gar, knifefish or eels). Most grow large and hunt, so the exact species dictates tank size and tankmates.","Use a tight, weighted lid — most oddball predators jump or climb. | Predatory: never house with fish small enough to be swallowed. | Research the exact species — many outgrow standard aquariums dramatically.",aqa-brineshrimp-flakes,,Predatory — feed meaty foods sized to the fish; large species need large prey items.,https://care.best4pets.in/fish/black-ghost-knifefish,https://care.best4pets.in/fish/black-ghost-knifefish/care/,https://best4pets.in/products/copy-of-black-ghost-knifefish-2,"Black Ghost Knifefish 5"""
RA-FSH-0153,long-nose-whiptail,long-nose-whiptail-5,Long Nose Whiptail,Pleco (L-number/Bristlenose),Loricariidae,South America,Beginner-Intermediate,Peaceful (with care),Bottom,115 L (varies by species),4-18 in — varies by species,24-28°C,6.0-7.5,Soft-Medium (2-15 dGH),Omnivore,Solitary (can be territorial),10-15 years,5 in,"Long Nose Whiptail is a loricariid catfish. Sizes range from a 12 cm bristlenose to an 45 cm+ common pleco, so confirm the species. Most graze biofilm and need driftwood and sinking foods.","Provide driftwood — many species rasp on wood as part of their diet. | Don't rely on tank algae alone; offer sinking wafers and vegetables (Hypancistrus are carnivores). | Confirm adult size before buying — bristlenose stay ~12 cm, common/sailfin plecos exceed 40 cm.",aqa-micro-pellet-economy,,"Supplement with algae wafers, vegetables and driftwood (Hypancistrus need meaty food).",https://care.best4pets.in/fish/long-nose-whiptail,https://care.best4pets.in/fish/long-nose-whiptail/care/,https://best4pets.in/products/long-nose-whiptail-5,"Long Nose Whiptail 5"""
RA-FSH-0154,panda-whiptail,panda-whiptail,Panda Whiptail,Pleco (L-number/Bristlenose),Loricariidae,South America,Beginner-Intermediate,Peaceful (with care),Bottom,115 L (varies by species),4-18 in — varies by species,24-28°C,6.0-7.5,Soft-Medium (2-15 dGH),Omnivore,Solitary (can be territorial),10-15 years,,"Panda Whiptail is a loricariid catfish. Sizes range from a 12 cm bristlenose to an 45 cm+ common pleco, so confirm the species. Most graze biofilm and need driftwood and sinking foods.","Provide driftwood — many species rasp on wood as part of their diet. | Don't rely on tank algae alone; offer sinking wafers and vegetables (Hypancistrus are carnivores). | Confirm adult size before buying — bristlenose stay ~12 cm, common/sailfin plecos exceed 40 cm.",aqa-micro-pellet-economy,,"Supplement with algae wafers, vegetables and driftwood (Hypancistrus need meaty food).",https://care.best4pets.in/fish/panda-whiptail,https://care.best4pets.in/fish/panda-whiptail/care/,https://best4pets.in/products/panda-whiptail,Panda Whiptail
RA-FSH-0155,cyphotilapia-gibberosa-cape-chaitika,cyphotilapia-gibberosa-cape-chaitika-2,Cyphotilapia gibberosa Cape Chaitika,Tanganyikan Cichlid,Cichlidae,"Lake Tanganyika, East Africa",Intermediate,Semi-aggressive,All levels,475 L,12-14 in (30-35 cm),24-28°C,7.8-9.0,Hard / Alkaline (10-20 dGH),Carnivore/Omnivore,Colony or pair (species-dependent),8-15 years,2.5 in,"Cyphotilapia gibberosa Cape Chaitika is a Lake Tanganyika cichlid needing hard, alkaline water. This group ranges from tiny shell-dwellers to large Frontosa, so check the specific species' adult size and setup.","Hard, alkaline water with the right decor — shells for shell-dwellers, rock for others. | Adult size varies enormously across this group — confirm the species before stocking. | Feed appropriately: many are micro-predators; avoid excess for the smaller species.",aqa-cichlid-colour-enhancer,aqa-brineshrimp-flakes,,https://care.best4pets.in/fish/cyphotilapia-gibberosa-cape-chaitika,https://care.best4pets.in/fish/cyphotilapia-gibberosa-cape-chaitika/care/,https://best4pets.in/products/cyphotilapia-gibberosa-cape-chaitika-2,"Cyphotilapia gibberosa ""Cape Chaitika"" 2.5"""
RA-FSH-0156,cyphotilapia-gibberosa-samazi-blue,cyphotilapia-gibberosa-samazi-blue-2,Cyphotilapia gibberosa Samazi Blue,Tanganyikan Cichlid,Cichlidae,"Lake Tanganyika, East Africa",Intermediate,Semi-aggressive,All levels,475 L,12-14 in (30-35 cm),24-28°C,7.8-9.0,Hard / Alkaline (10-20 dGH),Carnivore/Omnivore,Colony or pair (species-dependent),8-15 years,2 in,"Cyphotilapia gibberosa Samazi Blue is a Lake Tanganyika cichlid needing hard, alkaline water. This group ranges from tiny shell-dwellers to large Frontosa, so check the specific species' adult size and setup.","Hard, alkaline water with the right decor — shells for shell-dwellers, rock for others. | Adult size varies enormously across this group — confirm the species before stocking. | Feed appropriately: many are micro-predators; avoid excess for the smaller species.",aqa-cichlid-colour-enhancer,aqa-brineshrimp-flakes,,https://care.best4pets.in/fish/cyphotilapia-gibberosa-samazi-blue,https://care.best4pets.in/fish/cyphotilapia-gibberosa-samazi-blue/care/,https://best4pets.in/products/cyphotilapia-gibberosa-samazi-blue-2,"Cyphotilapia gibberosa ""Samazi Blue"" 2"""
RA-FSH-0157,cyprichromis-sp-kipili-zebra,cyprichromis-sp-kipili-zebra,Cyprichromis sp. kipili zebra,Tanganyikan Cichlid,Cichlidae,"Lake Tanganyika, East Africa",Intermediate,Territorial,All levels,115-200 L (species-dependent),2-14 in — varies by species,24-28°C,7.8-9.0,Hard / Alkaline (10-20 dGH),Carnivore/Omnivore,Colony or pair (species-dependent),8-15 years,2.5 in,"Cyprichromis sp. kipili zebra is a Lake Tanganyika cichlid needing hard, alkaline water. This group ranges from tiny shell-dwellers to large Frontosa, so check the specific species' adult size and setup.","Hard, alkaline water with the right decor — shells for shell-dwellers, rock for others. | Adult size varies enormously across this group — confirm the species before stocking. | Feed appropriately: many are micro-predators; avoid excess for the smaller species.",aqa-cichlid-colour-enhancer,aqa-brineshrimp-flakes,,https://care.best4pets.in/fish/cyprichromis-sp-kipili-zebra,https://care.best4pets.in/fish/cyprichromis-sp-kipili-zebra/care/,https://best4pets.in/products/cyprichromis-sp-kipili-zebra,Cyprichromis sp. kipili zebra 2.5inch
RA-FSH-0158,cyprichromis-leptosoma-utinta,cyprichromis-leptosoma-utinta-2-5inch,Cyprichromis leptosoma Utinta,Tanganyikan Cichlid,Cichlidae,"Lake Tanganyika, East Africa",Intermediate,Territorial,All levels,115-200 L (species-dependent),2-14 in — varies by species,24-28°C,7.8-9.0,Hard / Alkaline (10-20 dGH),Carnivore/Omnivore,Colony or pair (species-dependent),8-15 years,2.5 in,"Cyprichromis leptosoma Utinta is a Lake Tanganyika cichlid needing hard, alkaline water. This group ranges from tiny shell-dwellers to large Frontosa, so check the specific species' adult size and setup.","Hard, alkaline water with the right decor — shells for shell-dwellers, rock for others. | Adult size varies enormously across this group — confirm the species before stocking. | Feed appropriately: many are micro-predators; avoid excess for the smaller species.",aqa-cichlid-colour-enhancer,aqa-brineshrimp-flakes,,https://care.best4pets.in/fish/cyprichromis-leptosoma-utinta,https://care.best4pets.in/fish/cyprichromis-leptosoma-utinta/care/,https://best4pets.in/products/cyprichromis-leptosoma-utinta-2-5inch,"Cyprichromis leptosoma ""Utinta"" 2.5inch"
RA-FSH-0159,veil-tail-rosy-barb,veil-tail-rosy-barb,Veil Tail Rosy Barb,Goldfish,Cyprinidae (coldwater),Selectively bred (China),Beginner-Intermediate,Peaceful,All levels,75-115 L per fish,6-8 in fancy (15-20 cm),18-24°C,7.0-8.4,Medium-Hard (8-20 dGH),Omnivore,Groups,10-15+ years,,"Veil Tail Rosy Barb is a hardy coldwater fish that needs no heater but produces a heavy bioload, so strong filtration and space are essential. A long-lived, personable pet.",Coldwater fish — no heater needed; keep below ~24°C. | Big bioload: over-filter and do generous water changes. | Feed sinking foods to fancy types to reduce swim-bladder/buoyancy issues.,aqa-micro-pellet-economy,,Feed a sinking staple plus vegetable matter; avoid overfeeding.,https://care.best4pets.in/fish/veil-tail-rosy-barb,https://care.best4pets.in/fish/veil-tail-rosy-barb/care/,https://best4pets.in/products/veil-tail-rosy-barb,Veil Tail Rosy Barb (Pair)
RA-FSH-0160,american-flag-fish,american-flag-fish,American Flag Fish,Killifish/Ricefish,Aplocheilidae / Adrianichthyidae,Varies,Intermediate,Peaceful (with care),Top-Middle,40-75 L,1-3 in (2.5-8 cm),20-26°C,6.0-7.5,Soft-Medium (3-12 dGH),Carnivore (micro),Pairs or small groups,1-3 years,,"American Flag Fish is a small, jewel-like killifish/ricefish. Many prefer soft water and take small live/frozen foods; males can spar, so provide cover and watch groupings.",Keep a tight lid — many killifish are accomplished jumpers. | Offer small live/frozen foods (some ignore dry food). | Provide dense planting/cover; watch male-to-male sparring.,aqa-brineshrimp-flakes,aqa-micro-pellet-colour-enhancing,Prefers small live/frozen foods; some ignore dry food.,https://care.best4pets.in/fish/american-flag-fish,https://care.best4pets.in/fish/american-flag-fish/care/,https://best4pets.in/products/american-flag-fish,American Flag Fish
RA-FSH-0161,blue-peacock-cichlid-2,blue-peacock-cichlid-5inch-1,Blue Peacock Cichlid,African Rift Cichlid (Malawi),Cichlidae,"Lake Malawi, East Africa",Intermediate,Aggressive,All levels,200 L,4-6 in (10-15 cm),24-28°C,7.8-8.6,Hard / Alkaline (10-20 dGH),Omnivore,Groups (species-appropriate),8-10 years,5 in,"Blue Peacock Cichlid is a colourful, boldly territorial Lake Malawi cichlid. It needs hard, alkaline water and a rocky, cave-filled aquascape, with stocking planned to spread aggression.","Hard, alkaline water is essential — not for soft-water community tanks. | Build rockwork with many caves; keep them appropriately stocked to diffuse aggression. | Mbuna need veg-based food (avoid excess protein → Malawi bloat); peacocks/haps take more protein.",aqa-cichlid-colour-enhancer,aqa-brineshrimp-flakes,Mbuna are veg-leaning — keep protein moderate to avoid bloat.,https://care.best4pets.in/fish/blue-peacock-cichlid-2,https://care.best4pets.in/fish/blue-peacock-cichlid-2/care/,https://best4pets.in/products/blue-peacock-cichlid-5inch-1,Blue Peacock Cichlid 5inch
RA-FSH-0162,bi-colour-cichlid-3,bi-colour-cichlid-5,Bi-Colour Cichlid,Cichlid (other),Cichlidae,Varies,Intermediate,Semi-aggressive,All levels,150-200 L,4-8 in — varies by species,23-28°C,6.5-8.0,Medium (5-20 dGH),Omnivore,Species-dependent,8-12 years,5 in,Bi-Colour Cichlid is a cichlid whose exact requirements depend on its species and region. As a group these fish are territorial and appreciate structured decor and defined territories.,Confirm the species' origin (African rift vs. New World) to set the right water hardness. | Provide territory and broken sight-lines to reduce aggression. | Match tankmates to the species' adult size and temperament.,aqa-cichlid-colour-enhancer,aqa-brineshrimp-flakes,,https://care.best4pets.in/fish/bi-colour-cichlid-3,https://care.best4pets.in/fish/bi-colour-cichlid-3/care/,https://best4pets.in/products/bi-colour-cichlid-5,"Bi-Colour Cichlid 5"""
RA-FSH-0163,clown-goby,clown-goby,Clown Goby,Goby,Gobiidae,Varies,Intermediate,Peaceful (with care),Bottom,40-75 L,1-3 in (2.5-8 cm),22-26°C,7.0-8.0,Medium-Hard (8-15 dGH),Carnivore,Pairs or single,3-5 years,,"Clown Goby is a small bottom goby, often territorial over a favourite cave. Some are strictly freshwater grazers while others (e.g. bumblebee gobies) prefer brackish water — check the species.",Confirm freshwater vs. brackish needs for the exact species. | Offer small live/frozen foods; many ignore dry flake. | Provide caves/territories — gobies defend a small patch.,aqa-brineshrimp-flakes,,Offer small live/frozen foods; many ignore flake.,https://care.best4pets.in/fish/clown-goby,https://care.best4pets.in/fish/clown-goby/care/,https://best4pets.in/products/clown-goby,Clown Goby
RA-FSH-0164,red-devil-cichlid,red-devil-cichlid-4-5,Red Devil Cichlid,SA/CA Cichlid (large),Cichlidae,Central/South America,Intermediate-Advanced,Aggressive,All levels,200-475 L (species-dependent),6-16 in — varies by species,23-28°C,6.5-7.5,Medium (5-20 dGH),Carnivore/Omnivore,Solitary or bonded pair,10-15 years,4.5 in,"Red Devil Cichlid is a large, characterful New World cichlid. These fish are intelligent and territorial, needing a big tank, strong filtration and robust decor. Adult size varies widely by species.",Provide a large tank with powerful filtration and secure hardscape. | Territorial and often aggressive — choose tankmates carefully and confirm the species' temperament. | Confirm the exact species' adult size before stocking — some exceed 30 cm.,aqa-cichlid-colour-enhancer,aqa-brineshrimp-flakes,Larger specimens need bigger meaty/pellet foods.,https://care.best4pets.in/fish/red-devil-cichlid,https://care.best4pets.in/fish/red-devil-cichlid/care/,https://best4pets.in/products/red-devil-cichlid-4-5,"Red Devil Cichlid 4.5"""
RA-FSH-0165,geophagus-sveni,geophagus-sveni-2,Geophagus sveni,Eartheater/Geophagus,Cichlidae,South America,Intermediate,Peaceful (with care),Bottom,280 L,6-12 in (15-30 cm),26-30°C,5.5-7.5,Soft-Medium (2-12 dGH),Omnivore (sand-sifter),Groups,10+ years,5 cm,"Geophagus sveni is a large but generally peaceful 'eartheater' that sifts sand for food. It needs a big tank, warm soft water and a fine sand bed to show natural behaviour.","Use a fine sand substrate so it can sift naturally (protects gills). | Warm, soft water and a spacious tank; best kept in groups. | Peaceful for its size, but plan for a large adult and heavy bioload.",aqa-cichlid-colour-enhancer,aqa-brineshrimp-flakes,,https://care.best4pets.in/fish/geophagus-sveni,https://care.best4pets.in/fish/geophagus-sveni/care/,https://best4pets.in/products/geophagus-sveni-2,Geophagus sveni 5cm
RA-FSH-0166,geophagus-surinamensis,geophagus-surinamensis-5,Geophagus Surinamensis,Eartheater/Geophagus,Cichlidae,South America,Intermediate,Peaceful (with care),Bottom,280 L,6-12 in (15-30 cm),26-30°C,5.5-7.5,Soft-Medium (2-12 dGH),Omnivore (sand-sifter),Groups,10+ years,5 in,"Geophagus Surinamensis is a large but generally peaceful 'eartheater' that sifts sand for food. It needs a big tank, warm soft water and a fine sand bed to show natural behaviour.","Use a fine sand substrate so it can sift naturally (protects gills). | Warm, soft water and a spacious tank; best kept in groups. | Peaceful for its size, but plan for a large adult and heavy bioload.",aqa-cichlid-colour-enhancer,aqa-brineshrimp-flakes,,https://care.best4pets.in/fish/geophagus-surinamensis,https://care.best4pets.in/fish/geophagus-surinamensis/care/,https://best4pets.in/products/geophagus-surinamensis-5,"Geophagus Surinamensis 5"""
RA-FSH-0167,clown-killifish-aka-rocket-killifish,clown-killifish-aka-rocket-killifish,Clown Killifish AKA Rocket Killifish,Killifish/Ricefish,Aplocheilidae / Adrianichthyidae,Varies,Intermediate,Peaceful (with care),Top-Middle,40-75 L,1-3 in (2.5-8 cm),20-26°C,6.0-7.5,Soft-Medium (3-12 dGH),Carnivore (micro),Pairs or small groups,1-3 years,,"Clown Killifish AKA Rocket Killifish is a small, jewel-like killifish/ricefish. Many prefer soft water and take small live/frozen foods; males can spar, so provide cover and watch groupings.",Keep a tight lid — many killifish are accomplished jumpers. | Offer small live/frozen foods (some ignore dry food). | Provide dense planting/cover; watch male-to-male sparring.,aqa-brineshrimp-flakes,aqa-micro-pellet-colour-enhancing,Prefers small live/frozen foods; some ignore dry food.,https://care.best4pets.in/fish/clown-killifish-aka-rocket-killifish,https://care.best4pets.in/fish/clown-killifish-aka-rocket-killifish/care/,https://best4pets.in/products/clown-killifish-aka-rocket-killifish,Clown Killifish AKA Rocket Killifish
RA-FSH-0168,frontosa-burundi-cichlid,frontosa-cichlid-1-5,Frontosa Burundi Cichlid,Tanganyikan Cichlid,Cichlidae,"Lake Tanganyika, East Africa",Intermediate,Semi-aggressive,All levels,475 L,12-14 in (30-35 cm),24-28°C,7.8-9.0,Hard / Alkaline (10-20 dGH),Carnivore/Omnivore,Colony or pair (species-dependent),8-15 years,1.5 in,"Frontosa Burundi Cichlid is a Lake Tanganyika cichlid needing hard, alkaline water. This group ranges from tiny shell-dwellers to large Frontosa, so check the specific species' adult size and setup.","Hard, alkaline water with the right decor — shells for shell-dwellers, rock for others. | Adult size varies enormously across this group — confirm the species before stocking. | Feed appropriately: many are micro-predators; avoid excess for the smaller species.",aqa-cichlid-colour-enhancer,aqa-brineshrimp-flakes,,https://care.best4pets.in/fish/frontosa-burundi-cichlid,https://care.best4pets.in/fish/frontosa-burundi-cichlid/care/,https://best4pets.in/products/frontosa-cichlid-1-5,"Frontosa Burundi Cichlid 1.5"" (Pair)"
RA-FSH-0169,golden-archer,golden-archer-5,Golden Archer,Oddball/Predator,Various,Varies,Intermediate-Advanced,Aggressive,All levels,280-1140+ L (species-dependent),6-48 in — varies hugely by species,24-28°C,6.5-7.5,Soft-Medium (5-15 dGH),Carnivore,Solitary or species-dependent,10-20 years,5 in,"Golden Archer is a specialist 'oddball' predator (such as bichirs, arowana, gar, knifefish or eels). Most grow large and hunt, so the exact species dictates tank size and tankmates.","Use a tight, weighted lid — most oddball predators jump or climb. | Predatory: never house with fish small enough to be swallowed. | Research the exact species — many outgrow standard aquariums dramatically.",aqa-brineshrimp-flakes,,Predatory — feed meaty foods sized to the fish; large species need large prey items.,https://care.best4pets.in/fish/golden-archer,https://care.best4pets.in/fish/golden-archer/care/,https://best4pets.in/products/golden-archer-5,"Golden Archer 5"""
RA-FSH-0170,golden-severum,golden-severum-2-5,Golden Severum,SA/CA Cichlid (large),Cichlidae,Central/South America,Intermediate-Advanced,Semi-aggressive,All levels,280 L,8-12 in (20-30 cm),23-28°C,6.5-7.5,Medium (5-20 dGH),Carnivore/Omnivore,Solitary or bonded pair,10-15 years,3.5-4 in,"Golden Severum is a large, characterful New World cichlid. These fish are intelligent and territorial, needing a big tank, strong filtration and robust decor. Adult size varies widely by species.",Provide a large tank with powerful filtration and secure hardscape. | Territorial and often aggressive — choose tankmates carefully and confirm the species' temperament. | Confirm the exact species' adult size before stocking — some exceed 30 cm.,aqa-cichlid-colour-enhancer,aqa-brineshrimp-flakes,Larger specimens need bigger meaty/pellet foods.,https://care.best4pets.in/fish/golden-severum,https://care.best4pets.in/fish/golden-severum/care/,https://best4pets.in/products/golden-severum-2-5,"Golden Severum 3.5-4"""
RA-FSH-0171,pseudotropheus-elongatus-usisya,pseudotropheus-elongatus-usisya,Pseudotropheus Elongatus Usisya,Tanganyikan Cichlid,Cichlidae,"Lake Tanganyika, East Africa",Intermediate,Territorial,All levels,115-200 L (species-dependent),2-14 in — varies by species,24-28°C,7.8-9.0,Hard / Alkaline (10-20 dGH),Carnivore/Omnivore,Colony or pair (species-dependent),8-15 years,,"Pseudotropheus Elongatus Usisya is a Lake Tanganyika cichlid needing hard, alkaline water. This group ranges from tiny shell-dwellers to large Frontosa, so check the specific species' adult size and setup.","Hard, alkaline water with the right decor — shells for shell-dwellers, rock for others. | Adult size varies enormously across this group — confirm the species before stocking. | Feed appropriately: many are micro-predators; avoid excess for the smaller species.",aqa-cichlid-colour-enhancer,aqa-brineshrimp-flakes,,https://care.best4pets.in/fish/pseudotropheus-elongatus-usisya,https://care.best4pets.in/fish/pseudotropheus-elongatus-usisya/care/,https://best4pets.in/products/pseudotropheus-elongatus-usisya,Pseudotropheus Elongatus Usisya
RA-FSH-0172,apistogramma-viejita,apistogramma-viejita-3-5cm,Apistogramma Viejita,Dwarf Cichlid (Apisto/Ram),Cichlidae,South America,Intermediate,Peaceful (with care),Bottom-Middle,75-115 L,2-3.5 in (5-9 cm),26-29°C,5.5-7.0,Soft (2-10 dGH),Carnivore/Omnivore,Pairs,2-4 years,3.5 cm,"Apistogramma Viejita is a colourful dwarf cichlid best kept as a pair in warm, soft water with caves and territory. Peaceful in a community, but defends a small breeding territory.","Warm, soft, slightly acidic water suits dwarf cichlids best. | Provide caves and broken sight-lines so a pair can hold territory. | Rams (Mikrogeophagus) want the warm end (28-30°C) and stable water.",aqa-cichlid-colour-enhancer,aqa-brineshrimp-flakes,,https://care.best4pets.in/fish/apistogramma-viejita,https://care.best4pets.in/fish/apistogramma-viejita/care/,https://best4pets.in/products/apistogramma-viejita-3-5cm,Apistogramma Viejita 3.5cm
RA-FSH-0173,apistogramma-panduro,apistogramma-panduro-3-5cm,Apistogramma panduro,Dwarf Cichlid (Apisto/Ram),Cichlidae,South America,Intermediate,Peaceful (with care),Bottom-Middle,75-115 L,2-3.5 in (5-9 cm),26-29°C,5.5-7.0,Soft (2-10 dGH),Carnivore/Omnivore,Pairs,2-4 years,4 cm,"Apistogramma panduro is a colourful dwarf cichlid best kept as a pair in warm, soft water with caves and territory. Peaceful in a community, but defends a small breeding territory.","Warm, soft, slightly acidic water suits dwarf cichlids best. | Provide caves and broken sight-lines so a pair can hold territory. | Rams (Mikrogeophagus) want the warm end (28-30°C) and stable water.",aqa-cichlid-colour-enhancer,aqa-brineshrimp-flakes,,https://care.best4pets.in/fish/apistogramma-panduro,https://care.best4pets.in/fish/apistogramma-panduro/care/,https://best4pets.in/products/apistogramma-panduro-3-5cm,Apistogramma panduro 4cm(Pair)
RA-FSH-0174,apistogramma-cacutoides-double-red,apistogramma-cacutoides-double-red-3-5cm,Apistogramma cacutoides Double Red,Dwarf Cichlid (Apisto/Ram),Cichlidae,South America,Intermediate,Peaceful (with care),Bottom-Middle,75-115 L,2-3.5 in (5-9 cm),26-29°C,5.5-7.0,Soft (2-10 dGH),Carnivore/Omnivore,Pairs,2-4 years,3.5 cm,"Apistogramma cacutoides Double Red is a colourful dwarf cichlid best kept as a pair in warm, soft water with caves and territory. Peaceful in a community, but defends a small breeding territory.","Warm, soft, slightly acidic water suits dwarf cichlids best. | Provide caves and broken sight-lines so a pair can hold territory. | Rams (Mikrogeophagus) want the warm end (28-30°C) and stable water.",aqa-cichlid-colour-enhancer,aqa-brineshrimp-flakes,,https://care.best4pets.in/fish/apistogramma-cacutoides-double-red,https://care.best4pets.in/fish/apistogramma-cacutoides-double-red/care/,https://best4pets.in/products/apistogramma-cacutoides-double-red-3-5cm,"Apistogramma cacutoides ""Double Red"" 3.5cm (Pair)"
RA-FSH-0175,red-honey-gourami,red-honey-gourami,Red Honey Gourami,Gourami/Anabantid,Osphronemidae,Southeast Asia,Beginner-Intermediate,Peaceful (with care),Top-Middle,75-115 L,2-6 in (5-15 cm),23-28°C,6.0-7.5,Soft-Medium (4-15 dGH),Omnivore,Pairs or single,3-5 years,,"Red Honey Gourami is a labyrinth fish that gulps air at the surface and appreciates calm water. Generally peaceful, though males can be territorial with their own kind.","Keep calm water with surface access for air-breathing. | Avoid keeping multiple males in a small tank — they turn territorial. | Provide floating plants and gentle flow for a secure, settled fish.",aqa-micro-pellet-colour-enhancing,aqa-brineshrimp-flakes,,https://care.best4pets.in/fish/red-honey-gourami,https://care.best4pets.in/fish/red-honey-gourami/care/,https://best4pets.in/products/red-honey-gourami,Red Honey Gourami
RA-FSH-0176,delhezi-senegal,delhezi-senegal-4,Delhezi Senegal,Oddball/Predator,Various,Varies,Intermediate-Advanced,Aggressive,All levels,340 L,12-28 in (30-70 cm),24-28°C,6.5-7.5,Soft-Medium (5-15 dGH),Carnivore,Solitary or species-dependent,10-20 years,4 in,"Delhezi Senegal is a specialist 'oddball' predator (such as bichirs, arowana, gar, knifefish or eels). Most grow large and hunt, so the exact species dictates tank size and tankmates.","Use a tight, weighted lid — most oddball predators jump or climb. | Predatory: never house with fish small enough to be swallowed. | Research the exact species — many outgrow standard aquariums dramatically.",aqa-brineshrimp-flakes,,Predatory — feed meaty foods sized to the fish; large species need large prey items.,https://care.best4pets.in/fish/delhezi-senegal,https://care.best4pets.in/fish/delhezi-senegal/care/,https://best4pets.in/products/delhezi-senegal-4,Delhezi Senegal 4 inch
RA-FSH-0177,pearl-galaxy-medaka-ricefish,pearl-galaxy-medaka-ricefish,Pearl Galaxy Medaka Ricefish,Killifish/Ricefish,Aplocheilidae / Adrianichthyidae,Varies,Intermediate,Peaceful (with care),Top-Middle,40-75 L,1-3 in (2.5-8 cm),20-26°C,6.0-7.5,Soft-Medium (3-12 dGH),Carnivore (micro),Pairs or small groups,1-3 years,,"Pearl Galaxy Medaka Ricefish is a small, jewel-like killifish/ricefish. Many prefer soft water and take small live/frozen foods; males can spar, so provide cover and watch groupings.",Keep a tight lid — many killifish are accomplished jumpers. | Offer small live/frozen foods (some ignore dry food). | Provide dense planting/cover; watch male-to-male sparring.,aqa-brineshrimp-flakes,aqa-micro-pellet-colour-enhancing,Prefers small live/frozen foods; some ignore dry food.,https://care.best4pets.in/fish/pearl-galaxy-medaka-ricefish,https://care.best4pets.in/fish/pearl-galaxy-medaka-ricefish/care/,https://best4pets.in/products/pearl-galaxy-medaka-ricefish,Pearl Galaxy Medaka Ricefish
RA-FSH-0178,blue-medaka-ricefish,blue-medaka-ricefish,Blue Medaka Ricefish,Killifish/Ricefish,Aplocheilidae / Adrianichthyidae,Varies,Intermediate,Peaceful (with care),Top-Middle,40-75 L,1-3 in (2.5-8 cm),20-26°C,6.0-7.5,Soft-Medium (3-12 dGH),Carnivore (micro),Pairs or small groups,1-3 years,,"Blue Medaka Ricefish is a small, jewel-like killifish/ricefish. Many prefer soft water and take small live/frozen foods; males can spar, so provide cover and watch groupings.",Keep a tight lid — many killifish are accomplished jumpers. | Offer small live/frozen foods (some ignore dry food). | Provide dense planting/cover; watch male-to-male sparring.,aqa-brineshrimp-flakes,aqa-micro-pellet-colour-enhancing,Prefers small live/frozen foods; some ignore dry food.,https://care.best4pets.in/fish/blue-medaka-ricefish,https://care.best4pets.in/fish/blue-medaka-ricefish/care/,https://best4pets.in/products/blue-medaka-ricefish,Blue Medaka Ricefish
RA-FSH-0179,gold-medaka-ricefish,gold-medaka-ricefish,Gold Medaka Ricefish,Killifish/Ricefish,Aplocheilidae / Adrianichthyidae,Varies,Intermediate,Peaceful (with care),Top-Middle,40-75 L,1-3 in (2.5-8 cm),20-26°C,6.0-7.5,Soft-Medium (3-12 dGH),Carnivore (micro),Pairs or small groups,1-3 years,,"Gold Medaka Ricefish is a small, jewel-like killifish/ricefish. Many prefer soft water and take small live/frozen foods; males can spar, so provide cover and watch groupings.",Keep a tight lid — many killifish are accomplished jumpers. | Offer small live/frozen foods (some ignore dry food). | Provide dense planting/cover; watch male-to-male sparring.,aqa-brineshrimp-flakes,aqa-micro-pellet-colour-enhancing,Prefers small live/frozen foods; some ignore dry food.,https://care.best4pets.in/fish/gold-medaka-ricefish,https://care.best4pets.in/fish/gold-medaka-ricefish/care/,https://best4pets.in/products/gold-medaka-ricefish,Gold Medaka Ricefish
RA-FSH-0180,black-medaka-ricefish,black-medaka-ricefish,Black Medaka Ricefish,Killifish/Ricefish,Aplocheilidae / Adrianichthyidae,Varies,Intermediate,Peaceful (with care),Top-Middle,40-75 L,1-3 in (2.5-8 cm),20-26°C,6.0-7.5,Soft-Medium (3-12 dGH),Carnivore (micro),Pairs or small groups,1-3 years,,"Black Medaka Ricefish is a small, jewel-like killifish/ricefish. Many prefer soft water and take small live/frozen foods; males can spar, so provide cover and watch groupings.",Keep a tight lid — many killifish are accomplished jumpers. | Offer small live/frozen foods (some ignore dry food). | Provide dense planting/cover; watch male-to-male sparring.,aqa-brineshrimp-flakes,aqa-micro-pellet-colour-enhancing,Prefers small live/frozen foods; some ignore dry food.,https://care.best4pets.in/fish/black-medaka-ricefish,https://care.best4pets.in/fish/black-medaka-ricefish/care/,https://best4pets.in/products/black-medaka-ricefish,Black Medaka Ricefish
RA-FSH-0181,red-spotted-severum,red-spotted-severum-xxl-7inch,Red Spotted Severum,SA/CA Cichlid (large),Cichlidae,Central/South America,Intermediate-Advanced,Semi-aggressive,All levels,280 L,8-12 in (20-30 cm),23-28°C,6.5-7.5,Medium (5-20 dGH),Carnivore/Omnivore,Solitary or bonded pair,10-15 years,7 in,"Red Spotted Severum is a large, characterful New World cichlid. These fish are intelligent and territorial, needing a big tank, strong filtration and robust decor. Adult size varies widely by species.",Provide a large tank with powerful filtration and secure hardscape. | Territorial and often aggressive — choose tankmates carefully and confirm the species' temperament. | Confirm the exact species' adult size before stocking — some exceed 30 cm.,aqa-cichlid-colour-enhancer,aqa-brineshrimp-flakes,Larger specimens need bigger meaty/pellet foods.,https://care.best4pets.in/fish/red-spotted-severum,https://care.best4pets.in/fish/red-spotted-severum/care/,https://best4pets.in/products/red-spotted-severum-xxl-7inch,Red Spotted Severum XXL 7Inch
RA-FSH-0182,green-terror,green-terror-large-breeding-pair,Green Terror,SA/CA Cichlid (large),Cichlidae,Central/South America,Intermediate-Advanced,Aggressive,All levels,280 L,8-12 in (20-30 cm),23-28°C,6.5-7.5,Medium (5-20 dGH),Carnivore/Omnivore,Solitary or bonded pair,10-15 years,,"Green Terror is a large, characterful New World cichlid. These fish are intelligent and territorial, needing a big tank, strong filtration and robust decor. Adult size varies widely by species.",Provide a large tank with powerful filtration and secure hardscape. | Territorial and often aggressive — choose tankmates carefully and confirm the species' temperament. | Confirm the exact species' adult size before stocking — some exceed 30 cm.,aqa-cichlid-colour-enhancer,aqa-brineshrimp-flakes,Larger specimens need bigger meaty/pellet foods.,https://care.best4pets.in/fish/green-terror,https://care.best4pets.in/fish/green-terror/care/,https://best4pets.in/products/green-terror-large-breeding-pair,Green Terror Large (Breeding Pair)
RA-FSH-0183,female-elephant-ear-halfmoon,female-elephant-ear-halfmoon,Female Elephant Ear Halfmoon,Betta,Osphronemidae,Southeast Asia,Beginner,Aggressive,Top-Middle,20 L,2.5-3 in (6-8 cm),24-28°C,6.0-7.5,Soft-Medium (2-15 dGH),Carnivore,Solitary (one male per tank),3-5 years,,"Female Elephant Ear Halfmoon is a labyrinth fish that breathes air from the surface. Males are beautiful but territorial and must be kept one to a tank; they prefer warm, still water.","One male per tank — males fight, sometimes to the death. | Warm, stable water and gentle flow (strong currents stress them). | Carnivore: feed betta pellets plus frozen bloodworms/brine shrimp.",aqa-micro-pellet-colour-enhancing,aqa-brineshrimp-flakes,,https://care.best4pets.in/fish/female-elephant-ear-halfmoon,https://care.best4pets.in/fish/female-elephant-ear-halfmoon/care/,https://best4pets.in/products/female-elephant-ear-halfmoon,Female Elephant Ear Halfmoon
RA-FSH-0184,heckel-turquoise-discus,heckel-turquoise-discus-2-5,Heckel Turquoise Discus,Discus,Cichlidae,"Amazon, South America",Advanced,Peaceful,Middle,200+ L (group),6-8 in (15-20 cm),28-31°C,5.5-7.0,Soft (1-8 dGH),Omnivore/Carnivore,Groups of 6+,10-15 years,3.5 in,"Heckel Turquoise Discus is the 'king of the aquarium' — a stunning but demanding cichlid needing very warm, soft, pristine water and a group for security. Best for experienced keepers.","Keep very warm (28-31°C) — warmer than most community fish. | Soft, acidic, spotless water with frequent large water changes. | Keep 6+ to reduce bullying; feed high-quality varied foods often.",aqa-cichlid-colour-enhancer,aqa-brineshrimp-flakes,Feed several small meals of high-protein food daily.,https://care.best4pets.in/fish/heckel-turquoise-discus,https://care.best4pets.in/fish/heckel-turquoise-discus/care/,https://best4pets.in/products/heckel-turquoise-discus-2-5,"Heckel Turquoise Discus 3.5"""
RA-FSH-0185,red-checkerboard-discus,red-checkerboard-discus-2-5,Red Checkerboard Discus,Discus,Cichlidae,"Amazon, South America",Advanced,Peaceful,Middle,200+ L (group),6-8 in (15-20 cm),28-31°C,5.5-7.0,Soft (1-8 dGH),Omnivore/Carnivore,Groups of 6+,10-15 years,2.5 in,"Red Checkerboard Discus is the 'king of the aquarium' — a stunning but demanding cichlid needing very warm, soft, pristine water and a group for security. Best for experienced keepers.","Keep very warm (28-31°C) — warmer than most community fish. | Soft, acidic, spotless water with frequent large water changes. | Keep 6+ to reduce bullying; feed high-quality varied foods often.",aqa-cichlid-colour-enhancer,aqa-brineshrimp-flakes,Feed several small meals of high-protein food daily.,https://care.best4pets.in/fish/red-checkerboard-discus,https://care.best4pets.in/fish/red-checkerboard-discus/care/,https://best4pets.in/products/red-checkerboard-discus-2-5,"Red Checkerboard Discus 2.5"""
RA-FSH-0186,panda-garra,panda-garra-4cm,Panda Garra,Algae Eater/Misc,Cyprinidae,Southeast Asia,Beginner,Peaceful (with care),Bottom,115-190 L,4-6 in (10-16 cm),22-26°C,6.5-7.8,Soft-Medium (5-15 dGH),Omnivore (algae-leaning),Single or group of 6+,8-10 years,2-2.5 cm,"Panda Garra is an active algae-grazing fish. True Siamese Algae Eaters are peaceful and among the few fish that eat black beard algae, but they need supplemental food and a secure lid.",Supplement algae grazing with algae wafers and blanched vegetables. | Active jumper — keep a secure lid; provide moderate flow and oxygen. | Keep singly or in a group of 6+ (avoid the aggressive Chinese Algae Eater).,aqa-micro-pellet-economy,,Grazes algae — supplement with algae wafers and vegetables.,https://care.best4pets.in/fish/panda-garra,https://care.best4pets.in/fish/panda-garra/care/,https://best4pets.in/products/panda-garra-4cm,Panda Garra 2-2.5cm (Pair)
RA-FSH-0187,uaru-cichlid-2,uaru-cichlid-1inch,Uaru Cichlid,SA/CA Cichlid (large),Cichlidae,Central/South America,Intermediate-Advanced,Semi-aggressive,All levels,280 L,8-12 in (20-30 cm),23-28°C,6.5-7.5,Medium (5-20 dGH),Carnivore/Omnivore,Solitary or bonded pair,10-15 years,1 in,"Uaru Cichlid is a large, characterful New World cichlid. These fish are intelligent and territorial, needing a big tank, strong filtration and robust decor. Adult size varies widely by species.",Provide a large tank with powerful filtration and secure hardscape. | Territorial and often aggressive — choose tankmates carefully and confirm the species' temperament. | Confirm the exact species' adult size before stocking — some exceed 30 cm.,aqa-cichlid-colour-enhancer,aqa-brineshrimp-flakes,Larger specimens need bigger meaty/pellet foods.,https://care.best4pets.in/fish/uaru-cichlid-2,https://care.best4pets.in/fish/uaru-cichlid-2/care/,https://best4pets.in/products/uaru-cichlid-1inch,Uaru Cichlid 1inch
RA-FSH-0188,chocolate-gourami,chocolate-gourami,Chocolate Gourami,Gourami/Anabantid,Osphronemidae,Southeast Asia,Beginner-Intermediate,Peaceful (with care),Top-Middle,75-115 L,2-6 in (5-15 cm),23-28°C,6.0-7.5,Soft-Medium (4-15 dGH),Omnivore,Pairs or single,3-5 years,,"Chocolate Gourami is a labyrinth fish that gulps air at the surface and appreciates calm water. Generally peaceful, though males can be territorial with their own kind.","Keep calm water with surface access for air-breathing. | Avoid keeping multiple males in a small tank — they turn territorial. | Provide floating plants and gentle flow for a secure, settled fish.",aqa-micro-pellet-colour-enhancing,aqa-brineshrimp-flakes,,https://care.best4pets.in/fish/chocolate-gourami,https://care.best4pets.in/fish/chocolate-gourami/care/,https://best4pets.in/products/chocolate-gourami,Chocolate Gourami
RA-FSH-0189,albino-oscar,albino-oscar-import-2-5,Albino Oscar,SA/CA Cichlid (large),Cichlidae,Central/South America,Intermediate,Aggressive,All levels,280 L,12-14 in (30-36 cm),23-28°C,6.5-7.5,Medium (5-20 dGH),Carnivore/Omnivore,Solitary or bonded pair,10-15 years,2.5 in,"Albino Oscar is a large, characterful New World cichlid. These fish are intelligent and territorial, needing a big tank, strong filtration and robust decor. Adult size varies widely by species.",Provide a large tank with powerful filtration and secure hardscape. | Territorial and often aggressive — choose tankmates carefully and confirm the species' temperament. | Confirm the exact species' adult size before stocking — some exceed 30 cm.,aqa-cichlid-colour-enhancer,aqa-brineshrimp-flakes,Larger specimens need bigger meaty/pellet foods.,https://care.best4pets.in/fish/albino-oscar,https://care.best4pets.in/fish/albino-oscar/care/,https://best4pets.in/products/albino-oscar-import-2-5,"Albino Oscar Import 2.5"""
RA-FSH-0190,white-crowntail-betta,white-crowntail-betta,White Crowntail Betta,Betta,Osphronemidae,Southeast Asia,Beginner,Aggressive,Top-Middle,20 L,2.5-3 in (6-8 cm),24-28°C,6.0-7.5,Soft-Medium (2-15 dGH),Carnivore,Solitary (one male per tank),3-5 years,,"White Crowntail Betta is a labyrinth fish that breathes air from the surface. Males are beautiful but territorial and must be kept one to a tank; they prefer warm, still water.","One male per tank — males fight, sometimes to the death. | Warm, stable water and gentle flow (strong currents stress them). | Carnivore: feed betta pellets plus frozen bloodworms/brine shrimp.",aqa-micro-pellet-colour-enhancing,aqa-brineshrimp-flakes,,https://care.best4pets.in/fish/white-crowntail-betta,https://care.best4pets.in/fish/white-crowntail-betta/care/,https://best4pets.in/products/white-crowntail-betta,White Crowntail Betta
RA-FSH-0191,lepidiolamprologus-hecqui,lepidiolamprologus-hecqui,Lepidiolamprologus hecqui,Tanganyikan Cichlid,Cichlidae,"Lake Tanganyika, East Africa",Intermediate,Territorial,All levels,115-200 L (species-dependent),2-14 in — varies by species,24-28°C,7.8-9.0,Hard / Alkaline (10-20 dGH),Carnivore/Omnivore,Colony or pair (species-dependent),8-15 years,,"Lepidiolamprologus hecqui is a Lake Tanganyika cichlid needing hard, alkaline water. This group ranges from tiny shell-dwellers to large Frontosa, so check the specific species' adult size and setup.","Hard, alkaline water with the right decor — shells for shell-dwellers, rock for others. | Adult size varies enormously across this group — confirm the species before stocking. | Feed appropriately: many are micro-predators; avoid excess for the smaller species.",aqa-cichlid-colour-enhancer,aqa-brineshrimp-flakes,,https://care.best4pets.in/fish/lepidiolamprologus-hecqui,https://care.best4pets.in/fish/lepidiolamprologus-hecqui/care/,https://best4pets.in/products/lepidiolamprologus-hecqui,Lepidiolamprologus hecqui
RA-FSH-0192,lamprologus-ornatipinnis,lamprologus-ornatipinnis,Lamprologus ornatipinnis,Tanganyikan Cichlid,Cichlidae,"Lake Tanganyika, East Africa",Intermediate,Territorial,All levels,115-200 L (species-dependent),2-14 in — varies by species,24-28°C,7.8-9.0,Hard / Alkaline (10-20 dGH),Carnivore/Omnivore,Colony or pair (species-dependent),8-15 years,,"Lamprologus ornatipinnis is a Lake Tanganyika cichlid needing hard, alkaline water. This group ranges from tiny shell-dwellers to large Frontosa, so check the specific species' adult size and setup.","Hard, alkaline water with the right decor — shells for shell-dwellers, rock for others. | Adult size varies enormously across this group — confirm the species before stocking. | Feed appropriately: many are micro-predators; avoid excess for the smaller species.",aqa-cichlid-colour-enhancer,aqa-brineshrimp-flakes,,https://care.best4pets.in/fish/lamprologus-ornatipinnis,https://care.best4pets.in/fish/lamprologus-ornatipinnis/care/,https://best4pets.in/products/lamprologus-ornatipinnis,Lamprologus ornatipinnis
RA-FSH-0193,lamprologus-ocellatus-gold,lamprologus-ocellatus-gold,Lamprologus ocellatus Gold,Tanganyikan Cichlid,Cichlidae,"Lake Tanganyika, East Africa",Intermediate,Territorial,All levels,75 L,1.5-2.5 in (4-6 cm),24-28°C,7.8-9.0,Hard / Alkaline (10-20 dGH),Carnivore/Omnivore,Colony or pair (species-dependent),8-15 years,,"Lamprologus ocellatus Gold is a Lake Tanganyika cichlid needing hard, alkaline water. This group ranges from tiny shell-dwellers to large Frontosa, so check the specific species' adult size and setup.","Hard, alkaline water with the right decor — shells for shell-dwellers, rock for others. | Adult size varies enormously across this group — confirm the species before stocking. | Feed appropriately: many are micro-predators; avoid excess for the smaller species.",aqa-cichlid-colour-enhancer,aqa-brineshrimp-flakes,,https://care.best4pets.in/fish/lamprologus-ocellatus-gold,https://care.best4pets.in/fish/lamprologus-ocellatus-gold/care/,https://best4pets.in/products/lamprologus-ocellatus-gold,Lamprologus ocellatus Gold (Pair)
RA-FSH-0194,pinstripe-damba-cichlid,pinstripe-damba-cichlid-4-5-5,Pinstripe Damba Cichlid,Cichlid (other),Cichlidae,Varies,Intermediate,Semi-aggressive,All levels,150-200 L,4-8 in — varies by species,23-28°C,6.5-8.0,Medium (5-20 dGH),Omnivore,Species-dependent,8-12 years,4.5 in,Pinstripe Damba Cichlid is a cichlid whose exact requirements depend on its species and region. As a group these fish are territorial and appreciate structured decor and defined territories.,Confirm the species' origin (African rift vs. New World) to set the right water hardness. | Provide territory and broken sight-lines to reduce aggression. | Match tankmates to the species' adult size and temperament.,aqa-cichlid-colour-enhancer,aqa-brineshrimp-flakes,,https://care.best4pets.in/fish/pinstripe-damba-cichlid,https://care.best4pets.in/fish/pinstripe-damba-cichlid/care/,https://best4pets.in/products/pinstripe-damba-cichlid-4-5-5,"Pinstripe Damba Cichlid 4.5""-5"""
RA-FSH-0195,fahaka-puffer,fahaka-puffer-5inch-rare,Fahaka Puffer,Pufferfish,Tetraodontidae,Varies,Intermediate-Advanced,Aggressive,All levels,680 L,16-30 in (40-75 cm),23-28°C,7.0-7.8,Medium-Hard (8-15 dGH),Carnivore,Usually solitary,5-10+ years,4 in,"Fahaka Puffer is an intelligent but nippy puffer. Species range from the 2.5 cm pea puffer to giant fahaka/mbu; some are freshwater and some brackish. Most need hard, snail-based foods to wear their teeth.","Confirm freshwater vs. brackish and adult size for the exact species. | Feed hard-shelled foods (snails, crustaceans) to keep the teeth worn down. | Often nippy or predatory — many must be kept alone.",aqa-brineshrimp-flakes,,"Needs hard-shelled foods (snails, crustaceans) to wear down its teeth.",https://care.best4pets.in/fish/fahaka-puffer,https://care.best4pets.in/fish/fahaka-puffer/care/,https://best4pets.in/products/fahaka-puffer-5inch-rare,Fahaka Puffer 4inch **Rare**
RA-FSH-0196,neon-blue-acara-2,copy-of-neon-blue-acara-2inch,Neon Blue Acara,SA/CA Cichlid (large),Cichlidae,Central/South America,Intermediate-Advanced,Aggressive,All levels,200-475 L (species-dependent),6-16 in — varies by species,23-28°C,6.5-7.5,Medium (5-20 dGH),Carnivore/Omnivore,Solitary or bonded pair,10-15 years,4 in,"Neon Blue Acara is a large, characterful New World cichlid. These fish are intelligent and territorial, needing a big tank, strong filtration and robust decor. Adult size varies widely by species.",Provide a large tank with powerful filtration and secure hardscape. | Territorial and often aggressive — choose tankmates carefully and confirm the species' temperament. | Confirm the exact species' adult size before stocking — some exceed 30 cm.,aqa-cichlid-colour-enhancer,aqa-brineshrimp-flakes,Larger specimens need bigger meaty/pellet foods.,https://care.best4pets.in/fish/neon-blue-acara-2,https://care.best4pets.in/fish/neon-blue-acara-2/care/,https://best4pets.in/products/copy-of-neon-blue-acara-2inch,Neon Blue Acara 4inch
RA-FSH-0197,nemo-candy-plakat-female,candy-koi-plakat-female,Nemo Candy Plakat Female,Betta,Osphronemidae,Southeast Asia,Beginner,Aggressive,Top-Middle,20 L,2.5-3 in (6-8 cm),24-28°C,6.0-7.5,Soft-Medium (2-15 dGH),Carnivore,Solitary (one male per tank),3-5 years,,"Nemo Candy Plakat Female is a labyrinth fish that breathes air from the surface. Males are beautiful but territorial and must be kept one to a tank; they prefer warm, still water.","One male per tank — males fight, sometimes to the death. | Warm, stable water and gentle flow (strong currents stress them). | Carnivore: feed betta pellets plus frozen bloodworms/brine shrimp.",aqa-micro-pellet-colour-enhancing,aqa-brineshrimp-flakes,,https://care.best4pets.in/fish/nemo-candy-plakat-female,https://care.best4pets.in/fish/nemo-candy-plakat-female/care/,https://best4pets.in/products/candy-koi-plakat-female,Nemo Candy Plakat Female
RA-FSH-0198,rose-red-discus,rose-red-discus-3inch,Rose Red Discus,Discus,Cichlidae,"Amazon, South America",Advanced,Peaceful,Middle,200+ L (group),6-8 in (15-20 cm),28-31°C,5.5-7.0,Soft (1-8 dGH),Omnivore/Carnivore,Groups of 6+,10-15 years,3 in,"Rose Red Discus is the 'king of the aquarium' — a stunning but demanding cichlid needing very warm, soft, pristine water and a group for security. Best for experienced keepers.","Keep very warm (28-31°C) — warmer than most community fish. | Soft, acidic, spotless water with frequent large water changes. | Keep 6+ to reduce bullying; feed high-quality varied foods often.",aqa-cichlid-colour-enhancer,aqa-brineshrimp-flakes,Feed several small meals of high-protein food daily.,https://care.best4pets.in/fish/rose-red-discus,https://care.best4pets.in/fish/rose-red-discus/care/,https://best4pets.in/products/rose-red-discus-3inch,Rose Red Discus 3inch
RA-FSH-0199,tropheus-firecracker,tropheus-firecracker-1,Tropheus Firecracker,Tanganyikan Cichlid,Cichlidae,"Lake Tanganyika, East Africa",Intermediate,Territorial,All levels,115-200 L (species-dependent),2-14 in — varies by species,24-28°C,7.8-9.0,Hard / Alkaline (10-20 dGH),Carnivore/Omnivore,Colony or pair (species-dependent),8-15 years,1 in,"Tropheus Firecracker is a Lake Tanganyika cichlid needing hard, alkaline water. This group ranges from tiny shell-dwellers to large Frontosa, so check the specific species' adult size and setup.","Hard, alkaline water with the right decor — shells for shell-dwellers, rock for others. | Adult size varies enormously across this group — confirm the species before stocking. | Feed appropriately: many are micro-predators; avoid excess for the smaller species.",aqa-cichlid-colour-enhancer,aqa-brineshrimp-flakes,,https://care.best4pets.in/fish/tropheus-firecracker,https://care.best4pets.in/fish/tropheus-firecracker/care/,https://best4pets.in/products/tropheus-firecracker-1,"Tropheus ""Firecracker"" 1"""
RA-FSH-0200,tropheus-red-bishop,tropheus-red-bishop-1,Tropheus Red Bishop,Tanganyikan Cichlid,Cichlidae,"Lake Tanganyika, East Africa",Intermediate,Territorial,All levels,115-200 L (species-dependent),2-14 in — varies by species,24-28°C,7.8-9.0,Hard / Alkaline (10-20 dGH),Carnivore/Omnivore,Colony or pair (species-dependent),8-15 years,2 in,"Tropheus Red Bishop is a Lake Tanganyika cichlid needing hard, alkaline water. This group ranges from tiny shell-dwellers to large Frontosa, so check the specific species' adult size and setup.","Hard, alkaline water with the right decor — shells for shell-dwellers, rock for others. | Adult size varies enormously across this group — confirm the species before stocking. | Feed appropriately: many are micro-predators; avoid excess for the smaller species.",aqa-cichlid-colour-enhancer,aqa-brineshrimp-flakes,,https://care.best4pets.in/fish/tropheus-red-bishop,https://care.best4pets.in/fish/tropheus-red-bishop/care/,https://best4pets.in/products/tropheus-red-bishop-1,"Tropheus ""Red Bishop"" 2inch"
RA-FSH-0201,tropheus-kiriza,tropheeus-kiriza-1,Tropheus Kiriza,Tanganyikan Cichlid,Cichlidae,"Lake Tanganyika, East Africa",Intermediate,Territorial,All levels,115-200 L (species-dependent),2-14 in — varies by species,24-28°C,7.8-9.0,Hard / Alkaline (10-20 dGH),Carnivore/Omnivore,Colony or pair (species-dependent),8-15 years,1 in,"Tropheus Kiriza is a Lake Tanganyika cichlid needing hard, alkaline water. This group ranges from tiny shell-dwellers to large Frontosa, so check the specific species' adult size and setup.","Hard, alkaline water with the right decor — shells for shell-dwellers, rock for others. | Adult size varies enormously across this group — confirm the species before stocking. | Feed appropriately: many are micro-predators; avoid excess for the smaller species.",aqa-cichlid-colour-enhancer,aqa-brineshrimp-flakes,,https://care.best4pets.in/fish/tropheus-kiriza,https://care.best4pets.in/fish/tropheus-kiriza/care/,https://best4pets.in/products/tropheeus-kiriza-1,"Tropheus ""Kiriza"" 1"""
RA-FSH-0202,tropheus-bulu-point,tropheus-bulu-point-1inch,Tropheus bulu point,Tanganyikan Cichlid,Cichlidae,"Lake Tanganyika, East Africa",Intermediate,Territorial,All levels,115-200 L (species-dependent),2-14 in — varies by species,24-28°C,7.8-9.0,Hard / Alkaline (10-20 dGH),Carnivore/Omnivore,Colony or pair (species-dependent),8-15 years,1 in,"Tropheus bulu point is a Lake Tanganyika cichlid needing hard, alkaline water. This group ranges from tiny shell-dwellers to large Frontosa, so check the specific species' adult size and setup.","Hard, alkaline water with the right decor — shells for shell-dwellers, rock for others. | Adult size varies enormously across this group — confirm the species before stocking. | Feed appropriately: many are micro-predators; avoid excess for the smaller species.",aqa-cichlid-colour-enhancer,aqa-brineshrimp-flakes,,https://care.best4pets.in/fish/tropheus-bulu-point,https://care.best4pets.in/fish/tropheus-bulu-point/care/,https://best4pets.in/products/tropheus-bulu-point-1inch,"Tropheus ""bulu point"" 1inch"
RA-FSH-0203,honduran-red-point,honduran-red-point-2-5,Honduran Red Point,SA/CA Cichlid (large),Cichlidae,Central/South America,Intermediate-Advanced,Aggressive,All levels,200-475 L (species-dependent),6-16 in — varies by species,23-28°C,6.5-7.5,Medium (5-20 dGH),Carnivore/Omnivore,Solitary or bonded pair,10-15 years,2.5 in,"Honduran Red Point is a large, characterful New World cichlid. These fish are intelligent and territorial, needing a big tank, strong filtration and robust decor. Adult size varies widely by species.",Provide a large tank with powerful filtration and secure hardscape. | Territorial and often aggressive — choose tankmates carefully and confirm the species' temperament. | Confirm the exact species' adult size before stocking — some exceed 30 cm.,aqa-cichlid-colour-enhancer,aqa-brineshrimp-flakes,Larger specimens need bigger meaty/pellet foods.,https://care.best4pets.in/fish/honduran-red-point,https://care.best4pets.in/fish/honduran-red-point/care/,https://best4pets.in/products/honduran-red-point-2-5,"Honduran Red Point 2.5"""
RA-FSH-0204,glow-lemon-tiger-barb,glow-lemon-tiger-barb,Glow Lemon Tiger Barb,Barb,Cyprinidae,Asia,Beginner-Intermediate,Semi-aggressive,Middle,115 L,2-3 in (5-8 cm),22-26°C,6.0-7.5,Soft-Medium (4-15 dGH),Omnivore,Shoal of 6 or more,5 years,,"Glow Lemon Tiger Barb is an active, hardy barb. Kept in good numbers it's a lively community fish, but small groups can turn nippy toward long-finned tankmates.","Keep a shoal of 6+ to spread out natural nipping behaviour. | Avoid slow, long-finned tankmates (e.g. bettas, angelfish, guppies). | Provide open swimming space for this fast, energetic fish.",aqa-micro-pellet-colour-enhancing,aqa-brineshrimp-flakes,,https://care.best4pets.in/fish/glow-lemon-tiger-barb,https://care.best4pets.in/fish/glow-lemon-tiger-barb/care/,https://best4pets.in/products/glow-lemon-tiger-barb,Glow Lemon Tiger Barb (Pair)
RA-FSH-0205,scorpion-discus,scorpion-discus,Scorpion Discus,Discus,Cichlidae,"Amazon, South America",Advanced,Peaceful,Middle,200+ L (group),6-8 in (15-20 cm),28-31°C,5.5-7.0,Soft (1-8 dGH),Omnivore/Carnivore,Groups of 6+,10-15 years,,"Scorpion Discus is the 'king of the aquarium' — a stunning but demanding cichlid needing very warm, soft, pristine water and a group for security. Best for experienced keepers.","Keep very warm (28-31°C) — warmer than most community fish. | Soft, acidic, spotless water with frequent large water changes. | Keep 6+ to reduce bullying; feed high-quality varied foods often.",aqa-cichlid-colour-enhancer,aqa-brineshrimp-flakes,Feed several small meals of high-protein food daily.,https://care.best4pets.in/fish/scorpion-discus,https://care.best4pets.in/fish/scorpion-discus/care/,https://best4pets.in/products/scorpion-discus,Scorpion Discus
RA-FSH-0206,yellow-tail-acei-2,yellow-tail-acei-1-5inch,Yellow-tail Acei,African Rift Cichlid (Malawi),Cichlidae,"Lake Malawi, East Africa",Intermediate,Aggressive,All levels,200 L,4-6 in (10-15 cm),24-28°C,7.8-8.6,Hard / Alkaline (10-20 dGH),Omnivore,Groups (species-appropriate),8-10 years,2 in,"Yellow-tail Acei is a colourful, boldly territorial Lake Malawi cichlid. It needs hard, alkaline water and a rocky, cave-filled aquascape, with stocking planned to spread aggression.","Hard, alkaline water is essential — not for soft-water community tanks. | Build rockwork with many caves; keep them appropriately stocked to diffuse aggression. | Mbuna need veg-based food (avoid excess protein → Malawi bloat); peacocks/haps take more protein.",aqa-cichlid-colour-enhancer,aqa-brineshrimp-flakes,Mbuna are veg-leaning — keep protein moderate to avoid bloat.,https://care.best4pets.in/fish/yellow-tail-acei-2,https://care.best4pets.in/fish/yellow-tail-acei-2/care/,https://best4pets.in/products/yellow-tail-acei-1-5inch,Yellow-tail Acei 2inch (Pair)
RA-FSH-0207,green-severum,green-severum-3inch,Green Severum,SA/CA Cichlid (large),Cichlidae,Central/South America,Intermediate-Advanced,Semi-aggressive,All levels,280 L,8-12 in (20-30 cm),23-28°C,6.5-7.5,Medium (5-20 dGH),Carnivore/Omnivore,Solitary or bonded pair,10-15 years,4 in,"Green Severum is a large, characterful New World cichlid. These fish are intelligent and territorial, needing a big tank, strong filtration and robust decor. Adult size varies widely by species.",Provide a large tank with powerful filtration and secure hardscape. | Territorial and often aggressive — choose tankmates carefully and confirm the species' temperament. | Confirm the exact species' adult size before stocking — some exceed 30 cm.,aqa-cichlid-colour-enhancer,aqa-brineshrimp-flakes,Larger specimens need bigger meaty/pellet foods.,https://care.best4pets.in/fish/green-severum,https://care.best4pets.in/fish/green-severum/care/,https://best4pets.in/products/green-severum-3inch,Green Severum 4inch
RA-FSH-0208,elephant-nose,elephant-nose-4-5inch,Elephant Nose,Oddball/Predator,Various,Varies,Intermediate-Advanced,Aggressive,All levels,280-1140+ L (species-dependent),6-48 in — varies hugely by species,24-28°C,6.5-7.5,Soft-Medium (5-15 dGH),Carnivore,Solitary or species-dependent,10-20 years,4.5 in,"Elephant Nose is a specialist 'oddball' predator (such as bichirs, arowana, gar, knifefish or eels). Most grow large and hunt, so the exact species dictates tank size and tankmates.","Use a tight, weighted lid — most oddball predators jump or climb. | Predatory: never house with fish small enough to be swallowed. | Research the exact species — many outgrow standard aquariums dramatically.",aqa-brineshrimp-flakes,,Predatory — feed meaty foods sized to the fish; large species need large prey items.,https://care.best4pets.in/fish/elephant-nose,https://care.best4pets.in/fish/elephant-nose/care/,https://best4pets.in/products/elephant-nose-4-5inch,Elephant Nose 4.5inch
RA-FSH-0209,masked-julie,masked-julie,Masked Julie,Tanganyikan Cichlid,Cichlidae,"Lake Tanganyika, East Africa",Intermediate,Territorial,All levels,115-200 L (species-dependent),2-14 in — varies by species,24-28°C,7.8-9.0,Hard / Alkaline (10-20 dGH),Carnivore/Omnivore,Colony or pair (species-dependent),8-15 years,2 in,"Masked Julie is a Lake Tanganyika cichlid needing hard, alkaline water. This group ranges from tiny shell-dwellers to large Frontosa, so check the specific species' adult size and setup.","Hard, alkaline water with the right decor — shells for shell-dwellers, rock for others. | Adult size varies enormously across this group — confirm the species before stocking. | Feed appropriately: many are micro-predators; avoid excess for the smaller species.",aqa-cichlid-colour-enhancer,aqa-brineshrimp-flakes,,https://care.best4pets.in/fish/masked-julie,https://care.best4pets.in/fish/masked-julie/care/,https://best4pets.in/products/masked-julie,"Masked Julie 2"""
RA-FSH-0210,torpedo-cichlid,torpedo-cichlid-rare,Torpedo cichlid,Cichlid (other),Cichlidae,Varies,Intermediate,Semi-aggressive,All levels,150-200 L,4-8 in — varies by species,23-28°C,6.5-8.0,Medium (5-20 dGH),Omnivore,Species-dependent,8-12 years,,Torpedo cichlid is a cichlid whose exact requirements depend on its species and region. As a group these fish are territorial and appreciate structured decor and defined territories.,Confirm the species' origin (African rift vs. New World) to set the right water hardness. | Provide territory and broken sight-lines to reduce aggression. | Match tankmates to the species' adult size and temperament.,aqa-cichlid-colour-enhancer,aqa-brineshrimp-flakes,,https://care.best4pets.in/fish/torpedo-cichlid,https://care.best4pets.in/fish/torpedo-cichlid/care/,https://best4pets.in/products/torpedo-cichlid-rare,Torpedo cichlid **Rare**
RA-FSH-0211,fahaka-puffer-2,fahaka-puffer-1inch-rare,Fahaka Puffer,Pufferfish,Tetraodontidae,Varies,Intermediate-Advanced,Aggressive,All levels,680 L,16-30 in (40-75 cm),23-28°C,7.0-7.8,Medium-Hard (8-15 dGH),Carnivore,Usually solitary,5-10+ years,1 in,"Fahaka Puffer is an intelligent but nippy puffer. Species range from the 2.5 cm pea puffer to giant fahaka/mbu; some are freshwater and some brackish. Most need hard, snail-based foods to wear their teeth.","Confirm freshwater vs. brackish and adult size for the exact species. | Feed hard-shelled foods (snails, crustaceans) to keep the teeth worn down. | Often nippy or predatory — many must be kept alone.",aqa-brineshrimp-flakes,,"Needs hard-shelled foods (snails, crustaceans) to wear down its teeth.",https://care.best4pets.in/fish/fahaka-puffer-2,https://care.best4pets.in/fish/fahaka-puffer-2/care/,https://best4pets.in/products/fahaka-puffer-1inch-rare,Fahaka Puffer 1inch **Rare**
RA-FSH-0212,potato-head-puffer,potato-head-puffer-super-rare,Potato Head Puffer,Pufferfish,Tetraodontidae,Varies,Intermediate-Advanced,Aggressive,All levels,75-475 L (species-dependent),1-24 in — varies hugely by species,23-28°C,7.0-7.8,Medium-Hard (8-15 dGH),Carnivore,Usually solitary,5-10+ years,,"Potato Head Puffer is an intelligent but nippy puffer. Species range from the 2.5 cm pea puffer to giant fahaka/mbu; some are freshwater and some brackish. Most need hard, snail-based foods to wear their teeth.","Confirm freshwater vs. brackish and adult size for the exact species. | Feed hard-shelled foods (snails, crustaceans) to keep the teeth worn down. | Often nippy or predatory — many must be kept alone.",aqa-brineshrimp-flakes,,"Needs hard-shelled foods (snails, crustaceans) to wear down its teeth.",https://care.best4pets.in/fish/potato-head-puffer,https://care.best4pets.in/fish/potato-head-puffer/care/,https://best4pets.in/products/potato-head-puffer-super-rare,Potato Head Puffer **Super Rare**
RA-FSH-0213,royal-whiptail-sturisoma-panamense-2,copy-of-royal-whiptail-sturisoma-panamense-3,Royal Whiptail / Sturisoma panamense,Pleco (L-number/Bristlenose),Loricariidae,South America,Beginner-Intermediate,Peaceful (with care),Bottom,115 L (varies by species),4-18 in — varies by species,24-28°C,6.0-7.5,Soft-Medium (2-15 dGH),Omnivore,Solitary (can be territorial),10-15 years,3 in,"Royal Whiptail / Sturisoma panamense is a loricariid catfish. Sizes range from a 12 cm bristlenose to an 45 cm+ common pleco, so confirm the species. Most graze biofilm and need driftwood and sinking foods.","Provide driftwood — many species rasp on wood as part of their diet. | Don't rely on tank algae alone; offer sinking wafers and vegetables (Hypancistrus are carnivores). | Confirm adult size before buying — bristlenose stay ~12 cm, common/sailfin plecos exceed 40 cm.",aqa-micro-pellet-economy,,"Supplement with algae wafers, vegetables and driftwood (Hypancistrus need meaty food).",https://care.best4pets.in/fish/royal-whiptail-sturisoma-panamense-2,https://care.best4pets.in/fish/royal-whiptail-sturisoma-panamense-2/care/,https://best4pets.in/products/copy-of-royal-whiptail-sturisoma-panamense-3,Royal Whiptail / Sturisoma panamense 3inch (Pair)
RA-FSH-0214,moscow-blue-guppy,moscow-blue-guppy-pair,Moscow Blue Guppy,Guppy/Endler,Poeciliidae,Central/South America (livebearer),Beginner,Peaceful,Top-Middle,40-75 L,1-2.5 in (2.5-6 cm),22-28°C,7.0-8.0,Medium-Hard (8-20 dGH),Omnivore,Groups (more females than males),2-3 years,,"Moscow Blue Guppy is a colourful, hardy livebearer and one of the easiest fish in the hobby. It breeds readily and thrives in harder, alkaline water.","Prefers harder, alkaline water — avoid soft, acidic setups. | Keep 2-3 females per male to reduce harassment of females. | Breeds prolifically; provide plant cover for fry or expect a growing colony.",aqa-micro-pellet-colour-enhancing,aqa-brineshrimp-flakes,,https://care.best4pets.in/fish/moscow-blue-guppy,https://care.best4pets.in/fish/moscow-blue-guppy/care/,https://best4pets.in/products/moscow-blue-guppy-pair,Moscow Blue Guppy (Pair)
RA-FSH-0215,full-black-moscow-guppy,full-black-moscow-guppy-pair,Full Black Moscow Guppy,Guppy/Endler,Poeciliidae,Central/South America (livebearer),Beginner,Peaceful,Top-Middle,40-75 L,1-2.5 in (2.5-6 cm),22-28°C,7.0-8.0,Medium-Hard (8-20 dGH),Omnivore,Groups (more females than males),2-3 years,,"Full Black Moscow Guppy is a colourful, hardy livebearer and one of the easiest fish in the hobby. It breeds readily and thrives in harder, alkaline water.","Prefers harder, alkaline water — avoid soft, acidic setups. | Keep 2-3 females per male to reduce harassment of females. | Breeds prolifically; provide plant cover for fry or expect a growing colony.",aqa-micro-pellet-colour-enhancing,aqa-brineshrimp-flakes,,https://care.best4pets.in/fish/full-black-moscow-guppy,https://care.best4pets.in/fish/full-black-moscow-guppy/care/,https://best4pets.in/products/full-black-moscow-guppy-pair,Full Black Moscow Guppy (Pair)
RA-FSH-0216,geophagus-tapajos-red-head-2,geophagus-tapajos-red-head-3inch,Geophagus Tapajos Red Head,Eartheater/Geophagus,Cichlidae,South America,Intermediate,Peaceful (with care),Bottom,280 L,6-12 in (15-30 cm),26-30°C,5.5-7.5,Soft-Medium (2-12 dGH),Omnivore (sand-sifter),Groups,10+ years,4 in,"Geophagus Tapajos Red Head is a large but generally peaceful 'eartheater' that sifts sand for food. It needs a big tank, warm soft water and a fine sand bed to show natural behaviour.","Use a fine sand substrate so it can sift naturally (protects gills). | Warm, soft water and a spacious tank; best kept in groups. | Peaceful for its size, but plan for a large adult and heavy bioload.",aqa-cichlid-colour-enhancer,aqa-brineshrimp-flakes,,https://care.best4pets.in/fish/geophagus-tapajos-red-head-2,https://care.best4pets.in/fish/geophagus-tapajos-red-head-2/care/,https://best4pets.in/products/geophagus-tapajos-red-head-3inch,Geophagus Tapajos Red Head 4 inch
RA-FSH-0217,brevis-shell-dweller,brevis-shell-dweller-0-5,Brevis Shell Dweller,Tanganyikan Cichlid,Cichlidae,"Lake Tanganyika, East Africa",Intermediate,Territorial,All levels,75 L,1.5-2.5 in (4-6 cm),24-28°C,7.8-9.0,Hard / Alkaline (10-20 dGH),Carnivore/Omnivore,Colony or pair (species-dependent),8-15 years,1 in,"Brevis Shell Dweller is a Lake Tanganyika cichlid needing hard, alkaline water. This group ranges from tiny shell-dwellers to large Frontosa, so check the specific species' adult size and setup.","Hard, alkaline water with the right decor — shells for shell-dwellers, rock for others. | Adult size varies enormously across this group — confirm the species before stocking. | Feed appropriately: many are micro-predators; avoid excess for the smaller species.",aqa-cichlid-colour-enhancer,aqa-brineshrimp-flakes,,https://care.best4pets.in/fish/brevis-shell-dweller,https://care.best4pets.in/fish/brevis-shell-dweller/care/,https://best4pets.in/products/brevis-shell-dweller-0-5,"Brevis Shell Dweller 1"""
RA-FSH-0218,red-kribensis,red-kribensis-b4p-bred,Red Kribensis,Dwarf Cichlid (Apisto/Ram),Cichlidae,West Africa,Intermediate,Peaceful (with care),Bottom-Middle,75 L,3-4 in (8-10 cm),26-29°C,6.0-7.5,Soft-Medium (5-12 dGH),Carnivore/Omnivore,Pairs,2-4 years,,"Red Kribensis is a colourful dwarf cichlid best kept as a pair in warm, soft water with caves and territory. Peaceful in a community, but defends a small breeding territory.","Warm, soft, slightly acidic water suits dwarf cichlids best. | Provide caves and broken sight-lines so a pair can hold territory. | Rams (Mikrogeophagus) want the warm end (28-30°C) and stable water.",aqa-cichlid-colour-enhancer,aqa-brineshrimp-flakes,,https://care.best4pets.in/fish/red-kribensis,https://care.best4pets.in/fish/red-kribensis/care/,https://best4pets.in/products/red-kribensis-b4p-bred,Red Kribensis (Pair)
RA-FSH-0219,hi-fin-lemon-platy,hi-fin-lemon-platy,Hi Fin Lemon Platy,Molly/Platy/Swordtail,Poeciliidae,Central America (livebearer),Beginner,Peaceful,Middle,75-115 L,2-5 in (5-13 cm),22-28°C,7.0-8.2,Medium-Hard (10-25 dGH),Omnivore (veg-leaning),Groups,3-5 years,,"Hi Fin Lemon Platy is a hardy, peaceful livebearer that does best in hard, alkaline water with plenty of vegetable matter in its diet. An easy, active community fish.","Hard, alkaline water keeps these livebearers healthiest (mollies especially). | Include algae/veg-based foods — blanched vegetables and spirulina. | Keep in groups; expect regular broods of live young.",aqa-micro-pellet-colour-enhancing,aqa-brineshrimp-flakes,Add algae/vegetable matter for this veg-leaning livebearer.,https://care.best4pets.in/fish/hi-fin-lemon-platy,https://care.best4pets.in/fish/hi-fin-lemon-platy/care/,https://best4pets.in/products/hi-fin-lemon-platy,Hi Fin Lemon Platy
RA-FSH-0220,koi-carp-multi-colour,multi-colour-koi-carp-6inch,Koi Carp Multi Colour,Koi,Cyprinidae (pond),Selectively bred (Japan),Intermediate,Peaceful,All levels,"Pond, 950+ L",24-36 in (60-90 cm),15-25°C,7.0-8.5,Medium-Hard (8-20 dGH),Omnivore,Groups,20-30+ years,5 in,"Koi Carp Multi Colour is a pond fish, not an aquarium fish — it reaches 60-90 cm and lives for decades. It needs a large pond with powerful filtration and aeration.",A POND fish: an aquarium is only suitable for short-term grow-out. | Plan for a very large adult size and heavy filtration. | Tolerates cool water well; feed less as temperatures drop.,aqa-micro-pellet-economy,,Use a pond staple sized to the fish; add vegetable matter.,https://care.best4pets.in/fish/koi-carp-multi-colour,https://care.best4pets.in/fish/koi-carp-multi-colour/care/,https://best4pets.in/products/multi-colour-koi-carp-6inch,Koi Carp Multi Colour 5inch (Pair)
RA-FSH-0221,celebes-rainbowfish,celebes-rainbowfish,Celebes Rainbowfish,Rainbowfish,Melanotaeniidae,Australia / New Guinea,Beginner-Intermediate,Peaceful,Middle-Top,115 L,2-5 in (5-13 cm),23-28°C,7.0-8.0,Medium-Hard (8-20 dGH),Omnivore,Shoal of 6 or more,5-8 years,,"Celebes Rainbowfish is an active, peaceful schooling fish whose colours intensify with age and in a group. It prefers neutral-to-hard water and plenty of open swimming space.","Keep 6+ — colour and confidence build in a shoal (and with mature males). | Neutral to slightly alkaline, harder water suits them well. | Give long open swimming lanes; they're fast, active swimmers.",aqa-micro-pellet-colour-enhancing,aqa-brineshrimp-flakes,,https://care.best4pets.in/fish/celebes-rainbowfish,https://care.best4pets.in/fish/celebes-rainbowfish/care/,https://best4pets.in/products/celebes-rainbowfish,Celebes Rainbowfish Large (Pair)
RA-FSH-0222,bruce-s-hillstream,bruces-hillstream-super-rare,Bruce s Hillstream,Hillstream Loach,Balitoridae,Asia (fast rivers),Intermediate,Peaceful,Bottom,75-115 L,2-3 in (5-8 cm),20-24°C,7.0-8.0,Medium-Hard (8-15 dGH),Herbivore (aufwuchs),Groups,8-10 years,,"Bruce s Hillstream is a river specialist adapted to cool, fast, oxygen-rich water. It grazes biofilm from smooth stones and needs strong flow — not a standard warm community fish.","Provide strong flow and high oxygen — a river-manifold or powerhead setup. | Keep cooler than typical tropicals (20-24°C); avoid warm, still water. | Grazes biofilm/algae off smooth rocks; supplement with veg and biofilm.",aqa-micro-pellet-economy,,Mainly grazes biofilm/algae — supplement with vegetable matter.,https://care.best4pets.in/fish/bruce-s-hillstream,https://care.best4pets.in/fish/bruce-s-hillstream/care/,https://best4pets.in/products/bruces-hillstream-super-rare,Bruce's Hillstream *SUPER RARE*
RA-FSH-0223,spotted-orange-fin-danio,spotted-orange-fin-danio,Spotted Orange Fin Danio,Danio/Minnow,Cyprinidae,Asia,Beginner,Peaceful,Top-Middle,75 L,1-2.5 in (2.5-6 cm),18-25°C,6.5-7.5,Soft-Medium (5-15 dGH),Omnivore,Shoal of 6 or more,3-5 years,,"Spotted Orange Fin Danio is a hardy, extremely active schooling fish that tolerates cooler water than most tropicals. A great, forgiving choice for community and coldwater-leaning tanks.",Keep a tight-fitting lid — these are energetic jumpers. | Happiest in a shoal of 6+ with long open swimming lanes. | Tolerates cooler room-temperature water; avoid overheating.,aqa-micro-pellet-colour-enhancing,aqa-brineshrimp-flakes,,https://care.best4pets.in/fish/spotted-orange-fin-danio,https://care.best4pets.in/fish/spotted-orange-fin-danio/care/,https://best4pets.in/products/spotted-orange-fin-danio,Spotted Orange Fin Danio
RA-FSH-0224,red-fin-tiger-loach,red-fin-tiger-loach,Red Fin Tiger Loach,Loach,Cobitidae / Botiidae,Asia,Beginner-Intermediate,Peaceful (with care),Bottom,115-280 L (species-dependent),2-12 in — varies by species,24-28°C,6.0-7.5,Soft-Medium (3-15 dGH),Omnivore,Groups of 5 or more,10-15 years,,Red Fin Tiger Loach is a social bottom-dwelling loach that does best in groups and appreciates smooth substrate and hiding spots. Some stay small; clown loaches grow large and long-lived.,Keep in groups of 5+ — loaches are social and pine when kept singly. | Use smooth substrate and provide caves/tunnels for security. | Many relish snails; confirm adult size (clown loach reaches ~30 cm).,aqa-micro-pellet-economy,aqa-brineshrimp-flakes,Use a sinking food; many also relish snails.,https://care.best4pets.in/fish/red-fin-tiger-loach,https://care.best4pets.in/fish/red-fin-tiger-loach/care/,https://best4pets.in/products/red-fin-tiger-loach,Red Fin Tiger Loach
RA-FSH-0225,red-lipstick-goby,red-lipstick-goby,Red Lipstick Goby,Goby,Gobiidae,Varies,Intermediate,Peaceful (with care),Bottom,40-75 L,1-3 in (2.5-8 cm),22-26°C,7.0-8.0,Medium-Hard (8-15 dGH),Carnivore,Pairs or single,3-5 years,,"Red Lipstick Goby is a small bottom goby, often territorial over a favourite cave. Some are strictly freshwater grazers while others (e.g. bumblebee gobies) prefer brackish water — check the species.",Confirm freshwater vs. brackish needs for the exact species. | Offer small live/frozen foods; many ignore dry flake. | Provide caves/territories — gobies defend a small patch.,aqa-brineshrimp-flakes,,Offer small live/frozen foods; many ignore flake.,https://care.best4pets.in/fish/red-lipstick-goby,https://care.best4pets.in/fish/red-lipstick-goby/care/,https://best4pets.in/products/red-lipstick-goby,Red Lipstick Goby
RA-FSH-0226,saulosi-cichlid,saulosi-cichlid-trio,Saulosi Cichlid,Cichlid (other),Cichlidae,Varies,Intermediate,Semi-aggressive,All levels,150-200 L,4-8 in — varies by species,23-28°C,6.5-8.0,Medium (5-20 dGH),Omnivore,Species-dependent,8-12 years,,Saulosi Cichlid is a cichlid whose exact requirements depend on its species and region. As a group these fish are territorial and appreciate structured decor and defined territories.,Confirm the species' origin (African rift vs. New World) to set the right water hardness. | Provide territory and broken sight-lines to reduce aggression. | Match tankmates to the species' adult size and temperament.,aqa-cichlid-colour-enhancer,aqa-brineshrimp-flakes,,https://care.best4pets.in/fish/saulosi-cichlid,https://care.best4pets.in/fish/saulosi-cichlid/care/,https://best4pets.in/products/saulosi-cichlid-trio,Saulosi Cichlid (Pair)
RA-FSH-0227,maharaja-barb,maharaja-barb-rare,Maharaja barb,Barb,Cyprinidae,Asia,Beginner-Intermediate,Semi-aggressive,Middle,115 L,2-3 in (5-8 cm),22-26°C,6.0-7.5,Soft-Medium (4-15 dGH),Omnivore,Shoal of 6 or more,5 years,,"Maharaja barb is an active, hardy barb. Kept in good numbers it's a lively community fish, but small groups can turn nippy toward long-finned tankmates.","Keep a shoal of 6+ to spread out natural nipping behaviour. | Avoid slow, long-finned tankmates (e.g. bettas, angelfish, guppies). | Provide open swimming space for this fast, energetic fish.",aqa-micro-pellet-colour-enhancing,aqa-brineshrimp-flakes,,https://care.best4pets.in/fish/maharaja-barb,https://care.best4pets.in/fish/maharaja-barb/care/,https://best4pets.in/products/maharaja-barb-rare,Maharaja barb *Rare*
RA-FSH-0228,wagtail-pintail-platy,wagtail-pintail-platy,Wagtail Pintail Platy,Molly/Platy/Swordtail,Poeciliidae,Central America (livebearer),Beginner,Peaceful,Middle,75-115 L,2-5 in (5-13 cm),22-28°C,7.0-8.2,Medium-Hard (10-25 dGH),Omnivore (veg-leaning),Groups,3-5 years,,"Wagtail Pintail Platy is a hardy, peaceful livebearer that does best in hard, alkaline water with plenty of vegetable matter in its diet. An easy, active community fish.","Hard, alkaline water keeps these livebearers healthiest (mollies especially). | Include algae/veg-based foods — blanched vegetables and spirulina. | Keep in groups; expect regular broods of live young.",aqa-micro-pellet-colour-enhancing,aqa-brineshrimp-flakes,Add algae/vegetable matter for this veg-leaning livebearer.,https://care.best4pets.in/fish/wagtail-pintail-platy,https://care.best4pets.in/fish/wagtail-pintail-platy/care/,https://best4pets.in/products/wagtail-pintail-platy,Wagtail Pintail Platy (Pair)
RA-FSH-0229,neon-platy,neon-platy,Neon platy,Molly/Platy/Swordtail,Poeciliidae,Central America (livebearer),Beginner,Peaceful,Middle,75-115 L,2-5 in (5-13 cm),22-28°C,7.0-8.2,Medium-Hard (10-25 dGH),Omnivore (veg-leaning),Groups,3-5 years,,"Neon platy is a hardy, peaceful livebearer that does best in hard, alkaline water with plenty of vegetable matter in its diet. An easy, active community fish.","Hard, alkaline water keeps these livebearers healthiest (mollies especially). | Include algae/veg-based foods — blanched vegetables and spirulina. | Keep in groups; expect regular broods of live young.",aqa-micro-pellet-colour-enhancing,aqa-brineshrimp-flakes,Add algae/vegetable matter for this veg-leaning livebearer.,https://care.best4pets.in/fish/neon-platy,https://care.best4pets.in/fish/neon-platy/care/,https://best4pets.in/products/neon-platy,Neon platy
RA-FSH-0230,copper-catfish,copper-catfish-rare,Copper Catfish,Catfish (other),Siluriformes,Varies,Intermediate,Peaceful (with care),Bottom,150-475 L (species-dependent),3-24 in — varies by species,22-28°C,6.0-7.8,Soft-Medium (5-15 dGH),Omnivore/Carnivore,Species-dependent,8-15 years,,"Copper Catfish is a catfish whose needs depend heavily on species. Many are nocturnal and appreciate caves; some (e.g. Synodontis) stay moderate while others (shovelnose, redtail) grow very large.",Provide caves and shaded retreats — many catfish are nocturnal. | Confirm the species' adult size before buying; some grow far too large for home tanks. | Feed after lights-out with sinking foods to ensure they get enough.,aqa-micro-pellet-economy,aqa-brineshrimp-flakes,Feed after lights-out; larger/predatory species need meaty foods.,https://care.best4pets.in/fish/copper-catfish,https://care.best4pets.in/fish/copper-catfish/care/,https://best4pets.in/products/copper-catfish-rare,Copper Catfish *Rare*
RA-FSH-0231,mango-goby-first-time-ever,mango-goby-first-time-ever,Mango Goby First Time Ever,Goby,Gobiidae,Varies,Intermediate,Peaceful (with care),Bottom,40-75 L,1-3 in (2.5-8 cm),22-26°C,7.0-8.0,Medium-Hard (8-15 dGH),Carnivore,Pairs or single,3-5 years,,"Mango Goby First Time Ever is a small bottom goby, often territorial over a favourite cave. Some are strictly freshwater grazers while others (e.g. bumblebee gobies) prefer brackish water — check the species.",Confirm freshwater vs. brackish needs for the exact species. | Offer small live/frozen foods; many ignore dry flake. | Provide caves/territories — gobies defend a small patch.,aqa-brineshrimp-flakes,,Offer small live/frozen foods; many ignore flake.,https://care.best4pets.in/fish/mango-goby-first-time-ever,https://care.best4pets.in/fish/mango-goby-first-time-ever/care/,https://best4pets.in/products/mango-goby-first-time-ever,Mango Goby **First Time Ever**
RA-FSH-0232,black-kuhli-loach,black-kuhli-loach-rare,Black Kuhli Loach,Loach,Cobitidae / Botiidae,Asia,Beginner-Intermediate,Peaceful (with care),Bottom,115-280 L (species-dependent),2-12 in — varies by species,24-28°C,6.0-7.5,Soft-Medium (3-15 dGH),Omnivore,Groups of 5 or more,10-15 years,,Black Kuhli Loach is a social bottom-dwelling loach that does best in groups and appreciates smooth substrate and hiding spots. Some stay small; clown loaches grow large and long-lived.,Keep in groups of 5+ — loaches are social and pine when kept singly. | Use smooth substrate and provide caves/tunnels for security. | Many relish snails; confirm adult size (clown loach reaches ~30 cm).,aqa-micro-pellet-economy,aqa-brineshrimp-flakes,Use a sinking food; many also relish snails.,https://care.best4pets.in/fish/black-kuhli-loach,https://care.best4pets.in/fish/black-kuhli-loach/care/,https://best4pets.in/products/black-kuhli-loach-rare,Black Kuhli Loach **RARE**
RA-FSH-0233,golden-mahseer,golden-mahseer-2inch,Golden mahseer,Oddball/Predator,Various,Varies,Intermediate-Advanced,Semi-aggressive,All levels,950 L,18-36 in (45-90 cm),24-28°C,6.5-7.5,Soft-Medium (5-15 dGH),Carnivore,Solitary or species-dependent,10-20 years,6 in,"Golden mahseer is a specialist 'oddball' predator (such as bichirs, arowana, gar, knifefish or eels). Most grow large and hunt, so the exact species dictates tank size and tankmates.","Use a tight, weighted lid — most oddball predators jump or climb. | Predatory: never house with fish small enough to be swallowed. | Research the exact species — many outgrow standard aquariums dramatically.",aqa-brineshrimp-flakes,,Predatory — feed meaty foods sized to the fish; large species need large prey items.,https://care.best4pets.in/fish/golden-mahseer,https://care.best4pets.in/fish/golden-mahseer/care/,https://best4pets.in/products/golden-mahseer-2inch,"Golden mahseer 6"""
RA-FSH-0234,red-turquoise-discus,red-turquoise-discus-3-5inch,Red Turquoise Discus,Discus,Cichlidae,"Amazon, South America",Advanced,Peaceful,Middle,200+ L (group),6-8 in (15-20 cm),28-31°C,5.5-7.0,Soft (1-8 dGH),Omnivore/Carnivore,Groups of 6+,10-15 years,3.5 in,"Red Turquoise Discus is the 'king of the aquarium' — a stunning but demanding cichlid needing very warm, soft, pristine water and a group for security. Best for experienced keepers.","Keep very warm (28-31°C) — warmer than most community fish. | Soft, acidic, spotless water with frequent large water changes. | Keep 6+ to reduce bullying; feed high-quality varied foods often.",aqa-cichlid-colour-enhancer,aqa-brineshrimp-flakes,Feed several small meals of high-protein food daily.,https://care.best4pets.in/fish/red-turquoise-discus,https://care.best4pets.in/fish/red-turquoise-discus/care/,https://best4pets.in/products/red-turquoise-discus-3-5inch,Red Turquoise Discus 3.5inch
RA-FSH-0235,red-white-discus,red-white-discus-3inch,Red White Discus,Discus,Cichlidae,"Amazon, South America",Advanced,Peaceful,Middle,200+ L (group),6-8 in (15-20 cm),28-31°C,5.5-7.0,Soft (1-8 dGH),Omnivore/Carnivore,Groups of 6+,10-15 years,3 in,"Red White Discus is the 'king of the aquarium' — a stunning but demanding cichlid needing very warm, soft, pristine water and a group for security. Best for experienced keepers.","Keep very warm (28-31°C) — warmer than most community fish. | Soft, acidic, spotless water with frequent large water changes. | Keep 6+ to reduce bullying; feed high-quality varied foods often.",aqa-cichlid-colour-enhancer,aqa-brineshrimp-flakes,Feed several small meals of high-protein food daily.,https://care.best4pets.in/fish/red-white-discus,https://care.best4pets.in/fish/red-white-discus/care/,https://best4pets.in/products/red-white-discus-3inch,Red White Discus 3inch
RA-FSH-0236,full-gold-guppy,albino-gold-guppy-pairss,Full Gold Guppy,Guppy/Endler,Poeciliidae,Central/South America (livebearer),Beginner,Peaceful,Top-Middle,40-75 L,1-2.5 in (2.5-6 cm),22-28°C,7.0-8.0,Medium-Hard (8-20 dGH),Omnivore,Groups (more females than males),2-3 years,,"Full Gold Guppy is a colourful, hardy livebearer and one of the easiest fish in the hobby. It breeds readily and thrives in harder, alkaline water.","Prefers harder, alkaline water — avoid soft, acidic setups. | Keep 2-3 females per male to reduce harassment of females. | Breeds prolifically; provide plant cover for fry or expect a growing colony.",aqa-micro-pellet-colour-enhancing,aqa-brineshrimp-flakes,,https://care.best4pets.in/fish/full-gold-guppy,https://care.best4pets.in/fish/full-gold-guppy/care/,https://best4pets.in/products/albino-gold-guppy-pairss,Full Gold Guppy (Pair)
RA-FSH-0237,japanese-blue-tail-guppy,japanese-blue-tail-guppy-pair,Japanese Blue Tail Guppy,Guppy/Endler,Poeciliidae,Central/South America (livebearer),Beginner,Peaceful,Top-Middle,40-75 L,1-2.5 in (2.5-6 cm),22-28°C,7.0-8.0,Medium-Hard (8-20 dGH),Omnivore,Groups (more females than males),2-3 years,,"Japanese Blue Tail Guppy is a colourful, hardy livebearer and one of the easiest fish in the hobby. It breeds readily and thrives in harder, alkaline water.","Prefers harder, alkaline water — avoid soft, acidic setups. | Keep 2-3 females per male to reduce harassment of females. | Breeds prolifically; provide plant cover for fry or expect a growing colony.",aqa-micro-pellet-colour-enhancing,aqa-brineshrimp-flakes,,https://care.best4pets.in/fish/japanese-blue-tail-guppy,https://care.best4pets.in/fish/japanese-blue-tail-guppy/care/,https://best4pets.in/products/japanese-blue-tail-guppy-pair,Japanese Blue Tail Guppy (Pair)
RA-FSH-0238,spike-tail-paradise-fish,spike-tail-paradise-fish,Spike Tail Paradise Fish,Gourami/Anabantid,Osphronemidae,Southeast Asia,Beginner-Intermediate,Peaceful (with care),Top-Middle,75-115 L,2-6 in (5-15 cm),23-28°C,6.0-7.5,Soft-Medium (4-15 dGH),Omnivore,Pairs or single,3-5 years,,"Spike Tail Paradise Fish is a labyrinth fish that gulps air at the surface and appreciates calm water. Generally peaceful, though males can be territorial with their own kind.","Keep calm water with surface access for air-breathing. | Avoid keeping multiple males in a small tank — they turn territorial. | Provide floating plants and gentle flow for a secure, settled fish.",aqa-micro-pellet-colour-enhancing,aqa-brineshrimp-flakes,,https://care.best4pets.in/fish/spike-tail-paradise-fish,https://care.best4pets.in/fish/spike-tail-paradise-fish/care/,https://best4pets.in/products/spike-tail-paradise-fish,Spike Tail Paradise Fish
RA-FSH-0239,channa-stewartii,channa-stewartii-karbi-anglong-grade-a,Channa stewartii,Snakehead,Channidae,Asia / Africa,Intermediate-Advanced,Aggressive,All levels,200-475 L (species-dependent),6-40 in — varies hugely by species,22-28°C,6.0-7.5,Soft-Medium (5-15 dGH),Carnivore,Solitary or bonded pair,10-15 years,6-8 in,"Channa stewartii is a predatory air-breathing snakehead. Species range from ~15 cm dwarves to metre-long giants, so the exact species dictates tank size. All are escape artists and hunters.","A tight, weighted lid is essential — snakeheads are determined jumpers. | Predatory: do not house with fish small enough to be eaten. | Confirm the species' adult size before buying — it ranges from 15 cm to over 1 m.",aqa-brineshrimp-flakes,,Predatory — feed meaty foods sized to the fish.,https://care.best4pets.in/fish/channa-stewartii,https://care.best4pets.in/fish/channa-stewartii/care/,https://best4pets.in/products/channa-stewartii-karbi-anglong-grade-a,Channa stewartii 6-8inch
RA-FSH-0240,hump-head-glassfish,hump-head-glassfish-super-rare,Hump Head Glassfish,Oddball/Predator,Various,Varies,Intermediate-Advanced,Aggressive,All levels,280-1140+ L (species-dependent),6-48 in — varies hugely by species,24-28°C,6.5-7.5,Soft-Medium (5-15 dGH),Carnivore,Solitary or species-dependent,10-20 years,,"Hump Head Glassfish is a specialist 'oddball' predator (such as bichirs, arowana, gar, knifefish or eels). Most grow large and hunt, so the exact species dictates tank size and tankmates.","Use a tight, weighted lid — most oddball predators jump or climb. | Predatory: never house with fish small enough to be swallowed. | Research the exact species — many outgrow standard aquariums dramatically.",aqa-brineshrimp-flakes,,Predatory — feed meaty foods sized to the fish; large species need large prey items.,https://care.best4pets.in/fish/hump-head-glassfish,https://care.best4pets.in/fish/hump-head-glassfish/care/,https://best4pets.in/products/hump-head-glassfish-super-rare,Hump Head Glassfish *Super Rare*
RA-FSH-0241,red-tail-loach-l,red-tail-loach,Red Tail Loach L,Loach,Cobitidae / Botiidae,Asia,Beginner-Intermediate,Peaceful (with care),Bottom,115-280 L (species-dependent),2-12 in — varies by species,24-28°C,6.0-7.5,Soft-Medium (3-15 dGH),Omnivore,Groups of 5 or more,10-15 years,,Red Tail Loach L is a social bottom-dwelling loach that does best in groups and appreciates smooth substrate and hiding spots. Some stay small; clown loaches grow large and long-lived.,Keep in groups of 5+ — loaches are social and pine when kept singly. | Use smooth substrate and provide caves/tunnels for security. | Many relish snails; confirm adult size (clown loach reaches ~30 cm).,aqa-micro-pellet-economy,aqa-brineshrimp-flakes,Use a sinking food; many also relish snails.,https://care.best4pets.in/fish/red-tail-loach-l,https://care.best4pets.in/fish/red-tail-loach-l/care/,https://best4pets.in/products/red-tail-loach,Red Tail Loach L (Pair)
RA-FSH-0242,female-halfmoon-betta,female-betta-import-large,Female Halfmoon Betta,Betta,Osphronemidae,Southeast Asia,Beginner,Aggressive,Top-Middle,20 L,2.5-3 in (6-8 cm),24-28°C,6.0-7.5,Soft-Medium (2-15 dGH),Carnivore,Solitary (one male per tank),3-5 years,,"Female Halfmoon Betta is a labyrinth fish that breathes air from the surface. Males are beautiful but territorial and must be kept one to a tank; they prefer warm, still water.","One male per tank — males fight, sometimes to the death. | Warm, stable water and gentle flow (strong currents stress them). | Carnivore: feed betta pellets plus frozen bloodworms/brine shrimp.",aqa-micro-pellet-colour-enhancing,aqa-brineshrimp-flakes,,https://care.best4pets.in/fish/female-halfmoon-betta,https://care.best4pets.in/fish/female-halfmoon-betta/care/,https://best4pets.in/products/female-betta-import-large,Female Halfmoon Betta (Import)
RA-FSH-0243,fire-mouth-cichlid,fire-mouth-cichlid-4,Fire Mouth Cichlid,Cichlid (other),Cichlidae,Varies,Intermediate,Semi-aggressive,All levels,150-200 L,4-8 in — varies by species,23-28°C,6.5-8.0,Medium (5-20 dGH),Omnivore,Species-dependent,8-12 years,4 in,Fire Mouth Cichlid is a cichlid whose exact requirements depend on its species and region. As a group these fish are territorial and appreciate structured decor and defined territories.,Confirm the species' origin (African rift vs. New World) to set the right water hardness. | Provide territory and broken sight-lines to reduce aggression. | Match tankmates to the species' adult size and temperament.,aqa-cichlid-colour-enhancer,aqa-brineshrimp-flakes,,https://care.best4pets.in/fish/fire-mouth-cichlid,https://care.best4pets.in/fish/fire-mouth-cichlid/care/,https://best4pets.in/products/fire-mouth-cichlid-4,"Fire Mouth Cichlid 4"""
RA-FSH-0244,afra-cobue-cichlid,afra-cobue-cichlid,Afra Cobue Cichlid,Cichlid (other),Cichlidae,Varies,Intermediate,Semi-aggressive,All levels,150-200 L,4-8 in — varies by species,23-28°C,6.5-8.0,Medium (5-20 dGH),Omnivore,Species-dependent,8-12 years,2 in,Afra Cobue Cichlid is a cichlid whose exact requirements depend on its species and region. As a group these fish are territorial and appreciate structured decor and defined territories.,Confirm the species' origin (African rift vs. New World) to set the right water hardness. | Provide territory and broken sight-lines to reduce aggression. | Match tankmates to the species' adult size and temperament.,aqa-cichlid-colour-enhancer,aqa-brineshrimp-flakes,,https://care.best4pets.in/fish/afra-cobue-cichlid,https://care.best4pets.in/fish/afra-cobue-cichlid/care/,https://best4pets.in/products/afra-cobue-cichlid,Afra Cobue Cichlid 2inch (Pair)
RA-FSH-0245,sunflower-hongi-cichlid,sunflower-hongi-cichlid-1-75inch,Sunflower Hongi Cichlid,Cichlid (other),Cichlidae,Varies,Intermediate,Semi-aggressive,All levels,150-200 L,4-8 in — varies by species,23-28°C,6.5-8.0,Medium (5-20 dGH),Omnivore,Species-dependent,8-12 years,2 in,Sunflower Hongi Cichlid is a cichlid whose exact requirements depend on its species and region. As a group these fish are territorial and appreciate structured decor and defined territories.,Confirm the species' origin (African rift vs. New World) to set the right water hardness. | Provide territory and broken sight-lines to reduce aggression. | Match tankmates to the species' adult size and temperament.,aqa-cichlid-colour-enhancer,aqa-brineshrimp-flakes,,https://care.best4pets.in/fish/sunflower-hongi-cichlid,https://care.best4pets.in/fish/sunflower-hongi-cichlid/care/,https://best4pets.in/products/sunflower-hongi-cichlid-1-75inch,Sunflower Hongi Cichlid 2inch (Pair)
RA-FSH-0246,panda-oranda,panda-oranda-4inch,Panda Oranda,Goldfish,Cyprinidae (coldwater),Selectively bred (China),Beginner-Intermediate,Peaceful,All levels,75-115 L per fish,6-8 in fancy (15-20 cm),18-24°C,7.0-8.4,Medium-Hard (8-20 dGH),Omnivore,Groups,10-15+ years,3 in,"Panda Oranda is a hardy coldwater fish that needs no heater but produces a heavy bioload, so strong filtration and space are essential. A long-lived, personable pet.",Coldwater fish — no heater needed; keep below ~24°C. | Big bioload: over-filter and do generous water changes. | Feed sinking foods to fancy types to reduce swim-bladder/buoyancy issues.,aqa-micro-pellet-economy,,Feed a sinking staple plus vegetable matter; avoid overfeeding.,https://care.best4pets.in/fish/panda-oranda,https://care.best4pets.in/fish/panda-oranda/care/,https://best4pets.in/products/panda-oranda-4inch,Panda Oranda 3inch
RA-FSH-0247,tri-colour-oranda-a-grade,tri-colour-oranda-4inch,Tri Colour Oranda A Grade,Goldfish,Cyprinidae (coldwater),Selectively bred (China),Beginner-Intermediate,Peaceful,All levels,75-115 L per fish,6-8 in fancy (15-20 cm),18-24°C,7.0-8.4,Medium-Hard (8-20 dGH),Omnivore,Groups,10-15+ years,3 in,"Tri Colour Oranda A Grade is a hardy coldwater fish that needs no heater but produces a heavy bioload, so strong filtration and space are essential. A long-lived, personable pet.",Coldwater fish — no heater needed; keep below ~24°C. | Big bioload: over-filter and do generous water changes. | Feed sinking foods to fancy types to reduce swim-bladder/buoyancy issues.,aqa-micro-pellet-economy,,Feed a sinking staple plus vegetable matter; avoid overfeeding.,https://care.best4pets.in/fish/tri-colour-oranda-a-grade,https://care.best4pets.in/fish/tri-colour-oranda-a-grade/care/,https://best4pets.in/products/tri-colour-oranda-4inch,Tri Colour Oranda 3inch A Grade
RA-FSH-0248,female-betta,female-betta-1-25inch-mix-colour,Female Betta,Betta,Osphronemidae,Southeast Asia,Beginner,Aggressive,Top-Middle,20 L,2.5-3 in (6-8 cm),24-28°C,6.0-7.5,Soft-Medium (2-15 dGH),Carnivore,Solitary (one male per tank),3-5 years,1.25 in,"Female Betta is a labyrinth fish that breathes air from the surface. Males are beautiful but territorial and must be kept one to a tank; they prefer warm, still water.","One male per tank — males fight, sometimes to the death. | Warm, stable water and gentle flow (strong currents stress them). | Carnivore: feed betta pellets plus frozen bloodworms/brine shrimp.",aqa-micro-pellet-colour-enhancing,aqa-brineshrimp-flakes,,https://care.best4pets.in/fish/female-betta,https://care.best4pets.in/fish/female-betta/care/,https://best4pets.in/products/female-betta-1-25inch-mix-colour,Female Betta 1.25inch (Mix Colour)
RA-FSH-0249,dwarf-blue-gourami,dwarf-blue-gourami-wild,Dwarf Blue Gourami,Gourami/Anabantid,Osphronemidae,Southeast Asia,Beginner-Intermediate,Peaceful (with care),Top-Middle,75-115 L,2-6 in (5-15 cm),23-28°C,6.0-7.5,Soft-Medium (4-15 dGH),Omnivore,Pairs or single,3-5 years,,"Dwarf Blue Gourami is a labyrinth fish that gulps air at the surface and appreciates calm water. Generally peaceful, though males can be territorial with their own kind.","Keep calm water with surface access for air-breathing. | Avoid keeping multiple males in a small tank — they turn territorial. | Provide floating plants and gentle flow for a secure, settled fish.",aqa-micro-pellet-colour-enhancing,aqa-brineshrimp-flakes,,https://care.best4pets.in/fish/dwarf-blue-gourami,https://care.best4pets.in/fish/dwarf-blue-gourami/care/,https://best4pets.in/products/dwarf-blue-gourami-wild,Dwarf Blue Gourami (Pair)
RA-FSH-0250,golden-halfmoon,golden-halfmoon,Golden Halfmoon,Betta,Osphronemidae,Southeast Asia,Beginner,Aggressive,Top-Middle,20 L,2.5-3 in (6-8 cm),24-28°C,6.0-7.5,Soft-Medium (2-15 dGH),Carnivore,Solitary (one male per tank),3-5 years,,"Golden Halfmoon is a labyrinth fish that breathes air from the surface. Males are beautiful but territorial and must be kept one to a tank; they prefer warm, still water.","One male per tank — males fight, sometimes to the death. | Warm, stable water and gentle flow (strong currents stress them). | Carnivore: feed betta pellets plus frozen bloodworms/brine shrimp.",aqa-micro-pellet-colour-enhancing,aqa-brineshrimp-flakes,,https://care.best4pets.in/fish/golden-halfmoon,https://care.best4pets.in/fish/golden-halfmoon/care/,https://best4pets.in/products/golden-halfmoon,Golden Halfmoon
RA-FSH-0251,albino-glowlight-tetra,albino-glowlight-tetra,Albino Glowlight Tetra,Tetra/Characin,Characidae,South America,Beginner,Peaceful,Middle,75 L,1.5-2.5 in (4-6 cm),22-27°C,5.5-7.5,Soft-Medium (2-15 dGH),Omnivore,Shoal of 6 or more,3-5 years,,"Albino Glowlight Tetra is a small, active schooling characin that shows its best colour and behaviour in a group. Peaceful and undemanding, it's ideal for planted community aquariums.","Keep in a shoal of at least 6 — lone specimens are shy and washed-out. | Offer a varied diet of quality micro-pellets, flakes and frozen foods. | Best in a planted tank with open swimming space and gentle flow.",aqa-micro-pellet-colour-enhancing,aqa-brineshrimp-flakes,,https://care.best4pets.in/fish/albino-glowlight-tetra,https://care.best4pets.in/fish/albino-glowlight-tetra/care/,https://best4pets.in/products/albino-glowlight-tetra,Albino Glowlight Tetra (Pair)
RA-FSH-0252,platinum-halfmoon-dragon-guppy,platinum-halfmoon-dragon-guppy-male-only,Platinum Halfmoon Dragon Guppy,Betta,Osphronemidae,Southeast Asia,Beginner,Aggressive,Top-Middle,20 L,2.5-3 in (6-8 cm),24-28°C,6.0-7.5,Soft-Medium (2-15 dGH),Carnivore,Solitary (one male per tank),3-5 years,,"Platinum Halfmoon Dragon Guppy is a labyrinth fish that breathes air from the surface. Males are beautiful but territorial and must be kept one to a tank; they prefer warm, still water.","One male per tank — males fight, sometimes to the death. | Warm, stable water and gentle flow (strong currents stress them). | Carnivore: feed betta pellets plus frozen bloodworms/brine shrimp.",aqa-micro-pellet-colour-enhancing,aqa-brineshrimp-flakes,,https://care.best4pets.in/fish/platinum-halfmoon-dragon-guppy,https://care.best4pets.in/fish/platinum-halfmoon-dragon-guppy/care/,https://best4pets.in/products/platinum-halfmoon-dragon-guppy-male-only,Platinum Halfmoon Dragon Guppy (Male Only)
RA-FSH-0253,tropheus-kasakalawe,tropheus-kasakalawe-5inch,Tropheus kasakalawe,Tanganyikan Cichlid,Cichlidae,"Lake Tanganyika, East Africa",Intermediate,Territorial,All levels,115-200 L (species-dependent),2-14 in — varies by species,24-28°C,7.8-9.0,Hard / Alkaline (10-20 dGH),Carnivore/Omnivore,Colony or pair (species-dependent),8-15 years,5 in,"Tropheus kasakalawe is a Lake Tanganyika cichlid needing hard, alkaline water. This group ranges from tiny shell-dwellers to large Frontosa, so check the specific species' adult size and setup.","Hard, alkaline water with the right decor — shells for shell-dwellers, rock for others. | Adult size varies enormously across this group — confirm the species before stocking. | Feed appropriately: many are micro-predators; avoid excess for the smaller species.",aqa-cichlid-colour-enhancer,aqa-brineshrimp-flakes,,https://care.best4pets.in/fish/tropheus-kasakalawe,https://care.best4pets.in/fish/tropheus-kasakalawe/care/,https://best4pets.in/products/tropheus-kasakalawe-5inch,Tropheus kasakalawe 5inch
RA-FSH-0254,tropheus-ikola,tropheus-ikola-5inch,Tropheus ikola,Tanganyikan Cichlid,Cichlidae,"Lake Tanganyika, East Africa",Intermediate,Territorial,All levels,115-200 L (species-dependent),2-14 in — varies by species,24-28°C,7.8-9.0,Hard / Alkaline (10-20 dGH),Carnivore/Omnivore,Colony or pair (species-dependent),8-15 years,5 in,"Tropheus ikola is a Lake Tanganyika cichlid needing hard, alkaline water. This group ranges from tiny shell-dwellers to large Frontosa, so check the specific species' adult size and setup.","Hard, alkaline water with the right decor — shells for shell-dwellers, rock for others. | Adult size varies enormously across this group — confirm the species before stocking. | Feed appropriately: many are micro-predators; avoid excess for the smaller species.",aqa-cichlid-colour-enhancer,aqa-brineshrimp-flakes,,https://care.best4pets.in/fish/tropheus-ikola,https://care.best4pets.in/fish/tropheus-ikola/care/,https://best4pets.in/products/tropheus-ikola-5inch,Tropheus ikola 5inch
RA-FSH-0255,tropheus-kachese,tropheus-kachese-5inch,Tropheus kachese,Tanganyikan Cichlid,Cichlidae,"Lake Tanganyika, East Africa",Intermediate,Territorial,All levels,115-200 L (species-dependent),2-14 in — varies by species,24-28°C,7.8-9.0,Hard / Alkaline (10-20 dGH),Carnivore/Omnivore,Colony or pair (species-dependent),8-15 years,5 in,"Tropheus kachese is a Lake Tanganyika cichlid needing hard, alkaline water. This group ranges from tiny shell-dwellers to large Frontosa, so check the specific species' adult size and setup.","Hard, alkaline water with the right decor — shells for shell-dwellers, rock for others. | Adult size varies enormously across this group — confirm the species before stocking. | Feed appropriately: many are micro-predators; avoid excess for the smaller species.",aqa-cichlid-colour-enhancer,aqa-brineshrimp-flakes,,https://care.best4pets.in/fish/tropheus-kachese,https://care.best4pets.in/fish/tropheus-kachese/care/,https://best4pets.in/products/tropheus-kachese-5inch,Tropheus kachese 5inch
RA-FSH-0256,madagascar-rainbow,madagascar-rainbow,Madagascar Rainbow,Rainbowfish,Melanotaeniidae,Australia / New Guinea,Beginner-Intermediate,Peaceful,Middle-Top,115 L,2-5 in (5-13 cm),23-28°C,7.0-8.0,Medium-Hard (8-20 dGH),Omnivore,Shoal of 6 or more,5-8 years,,"Madagascar Rainbow is an active, peaceful schooling fish whose colours intensify with age and in a group. It prefers neutral-to-hard water and plenty of open swimming space.","Keep 6+ — colour and confidence build in a shoal (and with mature males). | Neutral to slightly alkaline, harder water suits them well. | Give long open swimming lanes; they're fast, active swimmers.",aqa-micro-pellet-colour-enhancing,aqa-brineshrimp-flakes,,https://care.best4pets.in/fish/madagascar-rainbow,https://care.best4pets.in/fish/madagascar-rainbow/care/,https://best4pets.in/products/madagascar-rainbow,Madagascar Rainbow XXL
RA-FSH-0257,red-phantom-tetra,red-phantom-tetra,Red Phantom Tetra,Tetra/Characin,Characidae,South America,Beginner,Peaceful,Middle,75 L,1.5-2.5 in (4-6 cm),22-27°C,5.5-7.5,Soft-Medium (2-15 dGH),Omnivore,Shoal of 6 or more,3-5 years,,"Red Phantom Tetra is a small, active schooling characin that shows its best colour and behaviour in a group. Peaceful and undemanding, it's ideal for planted community aquariums.","Keep in a shoal of at least 6 — lone specimens are shy and washed-out. | Offer a varied diet of quality micro-pellets, flakes and frozen foods. | Best in a planted tank with open swimming space and gentle flow.",aqa-micro-pellet-colour-enhancing,aqa-brineshrimp-flakes,,https://care.best4pets.in/fish/red-phantom-tetra,https://care.best4pets.in/fish/red-phantom-tetra/care/,https://best4pets.in/products/red-phantom-tetra,Red Phantom Tetra (Pair)
RA-FSH-0258,similis-shell-dweller,similis-shell-dweller,Similis Shell Dweller,Tanganyikan Cichlid,Cichlidae,"Lake Tanganyika, East Africa",Intermediate,Territorial,All levels,75 L,1.5-2.5 in (4-6 cm),24-28°C,7.8-9.0,Hard / Alkaline (10-20 dGH),Carnivore/Omnivore,Colony or pair (species-dependent),8-15 years,,"Similis Shell Dweller is a Lake Tanganyika cichlid needing hard, alkaline water. This group ranges from tiny shell-dwellers to large Frontosa, so check the specific species' adult size and setup.","Hard, alkaline water with the right decor — shells for shell-dwellers, rock for others. | Adult size varies enormously across this group — confirm the species before stocking. | Feed appropriately: many are micro-predators; avoid excess for the smaller species.",aqa-cichlid-colour-enhancer,aqa-brineshrimp-flakes,,https://care.best4pets.in/fish/similis-shell-dweller,https://care.best4pets.in/fish/similis-shell-dweller/care/,https://best4pets.in/products/similis-shell-dweller,Similis Shell Dweller
RA-FSH-0259,daffodil-cichlid,daffodil-cichlid,Daffodil Cichlid,Cichlid (other),Cichlidae,Varies,Intermediate,Semi-aggressive,All levels,150-200 L,4-8 in — varies by species,23-28°C,6.5-8.0,Medium (5-20 dGH),Omnivore,Species-dependent,8-12 years,1.75 in,Daffodil Cichlid is a cichlid whose exact requirements depend on its species and region. As a group these fish are territorial and appreciate structured decor and defined territories.,Confirm the species' origin (African rift vs. New World) to set the right water hardness. | Provide territory and broken sight-lines to reduce aggression. | Match tankmates to the species' adult size and temperament.,aqa-cichlid-colour-enhancer,aqa-brineshrimp-flakes,,https://care.best4pets.in/fish/daffodil-cichlid,https://care.best4pets.in/fish/daffodil-cichlid/care/,https://best4pets.in/products/daffodil-cichlid,"Daffodil Cichlid 1.75"""
RA-FSH-0260,peppered-cory,peppered-cory,Peppered Cory,Corydoras,Callichthyidae,South America,Beginner,Peaceful,Bottom,75 L,1-3 in (2.5-8 cm),22-26°C,6.0-7.5,Soft-Medium (2-15 dGH),Omnivore (bottom),Shoal of 6 or more,5-8 years,,"Peppered Cory is a peaceful, sociable bottom-dwelling catfish that shoals and constantly forages. A superb, hardy community cleanup fish that's happiest in a group.",Use smooth sand or rounded gravel to protect their delicate barbels. | Keep 6+ together — Corydoras are highly social and stressed when alone. | Feed sinking foods; don't assume they'll survive on leftovers alone.,aqa-micro-pellet-economy,aqa-brineshrimp-flakes,Use a sinking pellet so this bottom-feeder gets its share.,https://care.best4pets.in/fish/peppered-cory,https://care.best4pets.in/fish/peppered-cory/care/,https://best4pets.in/products/peppered-cory,Peppered Cory (Pair)
RA-FSH-0261,albino-golden-guppy,albino-golden-guppy,Albino Golden Guppy,Guppy/Endler,Poeciliidae,Central/South America (livebearer),Beginner,Peaceful,Top-Middle,40-75 L,1-2.5 in (2.5-6 cm),22-28°C,7.0-8.0,Medium-Hard (8-20 dGH),Omnivore,Groups (more females than males),2-3 years,,"Albino Golden Guppy is a colourful, hardy livebearer and one of the easiest fish in the hobby. It breeds readily and thrives in harder, alkaline water.","Prefers harder, alkaline water — avoid soft, acidic setups. | Keep 2-3 females per male to reduce harassment of females. | Breeds prolifically; provide plant cover for fry or expect a growing colony.",aqa-micro-pellet-colour-enhancing,aqa-brineshrimp-flakes,,https://care.best4pets.in/fish/albino-golden-guppy,https://care.best4pets.in/fish/albino-golden-guppy/care/,https://best4pets.in/products/albino-golden-guppy,Albino Golden Guppy (Pair)
RA-FSH-0262,royal-spotted-hilltrout,royal-spotted-hilltrout,Royal Spotted Hilltrout,Oddball/Predator,Various,Varies,Intermediate-Advanced,Aggressive,All levels,280-1140+ L (species-dependent),6-48 in — varies hugely by species,24-28°C,6.5-7.5,Soft-Medium (5-15 dGH),Carnivore,Solitary or species-dependent,10-20 years,,"Royal Spotted Hilltrout is a specialist 'oddball' predator (such as bichirs, arowana, gar, knifefish or eels). Most grow large and hunt, so the exact species dictates tank size and tankmates.","Use a tight, weighted lid — most oddball predators jump or climb. | Predatory: never house with fish small enough to be swallowed. | Research the exact species — many outgrow standard aquariums dramatically.",aqa-brineshrimp-flakes,,Predatory — feed meaty foods sized to the fish; large species need large prey items.,https://care.best4pets.in/fish/royal-spotted-hilltrout,https://care.best4pets.in/fish/royal-spotted-hilltrout/care/,https://best4pets.in/products/royal-spotted-hilltrout,Royal Spotted Hilltrout
RA-FSH-0263,pineapple-swordtail,pineapple-swordtail,Pineapple Swordtail,Molly/Platy/Swordtail,Poeciliidae,Central America (livebearer),Beginner,Peaceful,Middle,75-115 L,2-5 in (5-13 cm),22-28°C,7.0-8.2,Medium-Hard (10-25 dGH),Omnivore (veg-leaning),Groups,3-5 years,,"Pineapple Swordtail is a hardy, peaceful livebearer that does best in hard, alkaline water with plenty of vegetable matter in its diet. An easy, active community fish.","Hard, alkaline water keeps these livebearers healthiest (mollies especially). | Include algae/veg-based foods — blanched vegetables and spirulina. | Keep in groups; expect regular broods of live young.",aqa-micro-pellet-colour-enhancing,aqa-brineshrimp-flakes,Add algae/vegetable matter for this veg-leaning livebearer.,https://care.best4pets.in/fish/pineapple-swordtail,https://care.best4pets.in/fish/pineapple-swordtail/care/,https://best4pets.in/products/pineapple-swordtail,Pineapple Swordtail (Pair)
RA-FSH-0264,kodagu-loach,kodagu-loach,Kodagu loach,Loach,Cobitidae / Botiidae,Asia,Beginner-Intermediate,Peaceful (with care),Bottom,115-280 L (species-dependent),2-12 in — varies by species,24-28°C,6.0-7.5,Soft-Medium (3-15 dGH),Omnivore,Groups of 5 or more,10-15 years,,Kodagu loach is a social bottom-dwelling loach that does best in groups and appreciates smooth substrate and hiding spots. Some stay small; clown loaches grow large and long-lived.,Keep in groups of 5+ — loaches are social and pine when kept singly. | Use smooth substrate and provide caves/tunnels for security. | Many relish snails; confirm adult size (clown loach reaches ~30 cm).,aqa-micro-pellet-economy,aqa-brineshrimp-flakes,Use a sinking food; many also relish snails.,https://care.best4pets.in/fish/kodagu-loach,https://care.best4pets.in/fish/kodagu-loach/care/,https://best4pets.in/products/kodagu-loach,Kodagu loach
RA-FSH-0265,blue-tail-snakeskin-guppy,blue-tail-snakeskin-guppy-pair,Blue Tail Snakeskin Guppy,Guppy/Endler,Poeciliidae,Central/South America (livebearer),Beginner,Peaceful,Top-Middle,40-75 L,1-2.5 in (2.5-6 cm),22-28°C,7.0-8.0,Medium-Hard (8-20 dGH),Omnivore,Groups (more females than males),2-3 years,,"Blue Tail Snakeskin Guppy is a colourful, hardy livebearer and one of the easiest fish in the hobby. It breeds readily and thrives in harder, alkaline water.","Prefers harder, alkaline water — avoid soft, acidic setups. | Keep 2-3 females per male to reduce harassment of females. | Breeds prolifically; provide plant cover for fry or expect a growing colony.",aqa-micro-pellet-colour-enhancing,aqa-brineshrimp-flakes,,https://care.best4pets.in/fish/blue-tail-snakeskin-guppy,https://care.best4pets.in/fish/blue-tail-snakeskin-guppy/care/,https://best4pets.in/products/blue-tail-snakeskin-guppy-pair,Blue Tail Snakeskin Guppy (Pair)
RA-FSH-0266,red-grass-guppy,red-grass-guppy-pairs,Red Grass Guppy,Guppy/Endler,Poeciliidae,Central/South America (livebearer),Beginner,Peaceful,Top-Middle,40-75 L,1-2.5 in (2.5-6 cm),22-28°C,7.0-8.0,Medium-Hard (8-20 dGH),Omnivore,Groups (more females than males),2-3 years,,"Red Grass Guppy is a colourful, hardy livebearer and one of the easiest fish in the hobby. It breeds readily and thrives in harder, alkaline water.","Prefers harder, alkaline water — avoid soft, acidic setups. | Keep 2-3 females per male to reduce harassment of females. | Breeds prolifically; provide plant cover for fry or expect a growing colony.",aqa-micro-pellet-colour-enhancing,aqa-brineshrimp-flakes,,https://care.best4pets.in/fish/red-grass-guppy,https://care.best4pets.in/fish/red-grass-guppy/care/,https://best4pets.in/products/red-grass-guppy-pairs,Red Grass Guppy (Pairs)
RA-FSH-0267,blue-grass-guppy,blue-grass-guppy-pair,Blue Grass Guppy,Guppy/Endler,Poeciliidae,Central/South America (livebearer),Beginner,Peaceful,Top-Middle,40-75 L,1-2.5 in (2.5-6 cm),22-28°C,7.0-8.0,Medium-Hard (8-20 dGH),Omnivore,Groups (more females than males),2-3 years,,"Blue Grass Guppy is a colourful, hardy livebearer and one of the easiest fish in the hobby. It breeds readily and thrives in harder, alkaline water.","Prefers harder, alkaline water — avoid soft, acidic setups. | Keep 2-3 females per male to reduce harassment of females. | Breeds prolifically; provide plant cover for fry or expect a growing colony.",aqa-micro-pellet-colour-enhancing,aqa-brineshrimp-flakes,,https://care.best4pets.in/fish/blue-grass-guppy,https://care.best4pets.in/fish/blue-grass-guppy/care/,https://best4pets.in/products/blue-grass-guppy-pair,Blue Grass Guppy (Pair)
RA-FSH-0268,strawberry-cichlid-blackeye,strawberry-cichlid-blackeye-4,Strawberry Cichlid Blackeye,African Rift Cichlid (Malawi),Cichlidae,"Lake Malawi, East Africa",Intermediate,Aggressive,All levels,200 L,4-6 in (10-15 cm),24-28°C,7.8-8.6,Hard / Alkaline (10-20 dGH),Omnivore,Groups (species-appropriate),8-10 years,4 in,"Strawberry Cichlid Blackeye is a colourful, boldly territorial Lake Malawi cichlid. It needs hard, alkaline water and a rocky, cave-filled aquascape, with stocking planned to spread aggression.","Hard, alkaline water is essential — not for soft-water community tanks. | Build rockwork with many caves; keep them appropriately stocked to diffuse aggression. | Mbuna need veg-based food (avoid excess protein → Malawi bloat); peacocks/haps take more protein.",aqa-cichlid-colour-enhancer,aqa-brineshrimp-flakes,Mbuna are veg-leaning — keep protein moderate to avoid bloat.,https://care.best4pets.in/fish/strawberry-cichlid-blackeye,https://care.best4pets.in/fish/strawberry-cichlid-blackeye/care/,https://best4pets.in/products/strawberry-cichlid-blackeye-4,"Strawberry Cichlid Blackeye 4"""
RA-FSH-0269,red-shoulder-severum,red-shoulder-severum-4inch,Red Shoulder Severum,SA/CA Cichlid (large),Cichlidae,Central/South America,Intermediate-Advanced,Semi-aggressive,All levels,280 L,8-12 in (20-30 cm),23-28°C,6.5-7.5,Medium (5-20 dGH),Carnivore/Omnivore,Solitary or bonded pair,10-15 years,4 in,"Red Shoulder Severum is a large, characterful New World cichlid. These fish are intelligent and territorial, needing a big tank, strong filtration and robust decor. Adult size varies widely by species.",Provide a large tank with powerful filtration and secure hardscape. | Territorial and often aggressive — choose tankmates carefully and confirm the species' temperament. | Confirm the exact species' adult size before stocking — some exceed 30 cm.,aqa-cichlid-colour-enhancer,aqa-brineshrimp-flakes,Larger specimens need bigger meaty/pellet foods.,https://care.best4pets.in/fish/red-shoulder-severum,https://care.best4pets.in/fish/red-shoulder-severum/care/,https://best4pets.in/products/red-shoulder-severum-4inch,Red Shoulder Severum 4inch
RA-FSH-0270,nemo-candy-halfmoon-betta,galaxy-nemo-halfmoon-betta-male-only,Nemo Candy Halfmoon Betta,Betta,Osphronemidae,Southeast Asia,Beginner,Aggressive,Top-Middle,20 L,2.5-3 in (6-8 cm),24-28°C,6.0-7.5,Soft-Medium (2-15 dGH),Carnivore,Solitary (one male per tank),3-5 years,,"Nemo Candy Halfmoon Betta is a labyrinth fish that breathes air from the surface. Males are beautiful but territorial and must be kept one to a tank; they prefer warm, still water.","One male per tank — males fight, sometimes to the death. | Warm, stable water and gentle flow (strong currents stress them). | Carnivore: feed betta pellets plus frozen bloodworms/brine shrimp.",aqa-micro-pellet-colour-enhancing,aqa-brineshrimp-flakes,,https://care.best4pets.in/fish/nemo-candy-halfmoon-betta,https://care.best4pets.in/fish/nemo-candy-halfmoon-betta/care/,https://best4pets.in/products/galaxy-nemo-halfmoon-betta-male-only,Nemo Candy Halfmoon Betta
RA-FSH-0271,black-bristlenose,black-bristlenose-pair,Black Bristlenose,Pleco (L-number/Bristlenose),Loricariidae,South America,Beginner-Intermediate,Peaceful (with care),Bottom,115 L,4-5 in (10-13 cm),24-28°C,6.0-7.5,Soft-Medium (2-15 dGH),Omnivore,Solitary (can be territorial),10-15 years,2-2.5 in,"Black Bristlenose is a loricariid catfish. Sizes range from a 12 cm bristlenose to an 45 cm+ common pleco, so confirm the species. Most graze biofilm and need driftwood and sinking foods.","Provide driftwood — many species rasp on wood as part of their diet. | Don't rely on tank algae alone; offer sinking wafers and vegetables (Hypancistrus are carnivores). | Confirm adult size before buying — bristlenose stay ~12 cm, common/sailfin plecos exceed 40 cm.",aqa-micro-pellet-economy,,"Supplement with algae wafers, vegetables and driftwood (Hypancistrus need meaty food).",https://care.best4pets.in/fish/black-bristlenose,https://care.best4pets.in/fish/black-bristlenose/care/,https://best4pets.in/products/black-bristlenose-pair,"Black Bristlenose 2-2.5"" (Pair)"
RA-FSH-0272,baby-flowerhorn-with-hump,baby-flowerhorn-with-hump-3-inch,Baby Flowerhorn with Hump,SA/CA Cichlid (large),Cichlidae,Central/South America,Intermediate-Advanced,Aggressive,All levels,280 L,12-16 in (30-40 cm),23-28°C,6.5-7.5,Medium (5-20 dGH),Carnivore/Omnivore,Solitary or bonded pair,10-15 years,4 in,"Baby Flowerhorn with Hump is a large, characterful New World cichlid. These fish are intelligent and territorial, needing a big tank, strong filtration and robust decor. Adult size varies widely by species.",Provide a large tank with powerful filtration and secure hardscape. | Territorial and often aggressive — choose tankmates carefully and confirm the species' temperament. | Confirm the exact species' adult size before stocking — some exceed 30 cm.,aqa-cichlid-colour-enhancer,aqa-brineshrimp-flakes,Larger specimens need bigger meaty/pellet foods.,https://care.best4pets.in/fish/baby-flowerhorn-with-hump,https://care.best4pets.in/fish/baby-flowerhorn-with-hump/care/,https://best4pets.in/products/baby-flowerhorn-with-hump-3-inch,Baby Flowerhorn with Hump 4 Inch
RA-FSH-0273,golden-baloon-ramirezi,baloon-golden-ramirezi,Golden Baloon Ramirezi,Dwarf Cichlid (Apisto/Ram),Cichlidae,South America,Intermediate,Peaceful (with care),Bottom-Middle,75-115 L,2-3.5 in (5-9 cm),26-29°C,5.5-7.0,Soft (2-10 dGH),Carnivore/Omnivore,Pairs,2-4 years,,"Golden Baloon Ramirezi is a colourful dwarf cichlid best kept as a pair in warm, soft water with caves and territory. Peaceful in a community, but defends a small breeding territory.","Warm, soft, slightly acidic water suits dwarf cichlids best. | Provide caves and broken sight-lines so a pair can hold territory. | Rams (Mikrogeophagus) want the warm end (28-30°C) and stable water.",aqa-cichlid-colour-enhancer,aqa-brineshrimp-flakes,,https://care.best4pets.in/fish/golden-baloon-ramirezi,https://care.best4pets.in/fish/golden-baloon-ramirezi/care/,https://best4pets.in/products/baloon-golden-ramirezi,Golden Baloon Ramirezi Large Import (Pair)
RA-FSH-0274,red-white-ranchu-gold,red-white-ranchu-gold-3inch,Red White Ranchu Gold,Goldfish,Cyprinidae (coldwater),Selectively bred (China),Beginner-Intermediate,Peaceful,All levels,75-115 L per fish,6-8 in fancy (15-20 cm),18-24°C,7.0-8.4,Medium-Hard (8-20 dGH),Omnivore,Groups,10-15+ years,2 in,"Red White Ranchu Gold is a hardy coldwater fish that needs no heater but produces a heavy bioload, so strong filtration and space are essential. A long-lived, personable pet.",Coldwater fish — no heater needed; keep below ~24°C. | Big bioload: over-filter and do generous water changes. | Feed sinking foods to fancy types to reduce swim-bladder/buoyancy issues.,aqa-micro-pellet-economy,,Feed a sinking staple plus vegetable matter; avoid overfeeding.,https://care.best4pets.in/fish/red-white-ranchu-gold,https://care.best4pets.in/fish/red-white-ranchu-gold/care/,https://best4pets.in/products/red-white-ranchu-gold-3inch,Red White Ranchu Gold 2inch (Pair)
RA-FSH-0275,white-tuxedo-guppy,white-tuxedo-guppy,White Tuxedo Guppy,Guppy/Endler,Poeciliidae,Central/South America (livebearer),Beginner,Peaceful,Top-Middle,40-75 L,1-2.5 in (2.5-6 cm),22-28°C,7.0-8.0,Medium-Hard (8-20 dGH),Omnivore,Groups (more females than males),2-3 years,,"White Tuxedo Guppy is a colourful, hardy livebearer and one of the easiest fish in the hobby. It breeds readily and thrives in harder, alkaline water.","Prefers harder, alkaline water — avoid soft, acidic setups. | Keep 2-3 females per male to reduce harassment of females. | Breeds prolifically; provide plant cover for fry or expect a growing colony.",aqa-micro-pellet-colour-enhancing,aqa-brineshrimp-flakes,,https://care.best4pets.in/fish/white-tuxedo-guppy,https://care.best4pets.in/fish/white-tuxedo-guppy/care/,https://best4pets.in/products/white-tuxedo-guppy,White Tuxedo Guppy (Pair)
RA-FSH-0276,multicolour-dragon-guppy,multicolour-dragon-guppy,Multicolour Dragon Guppy,Guppy/Endler,Poeciliidae,Central/South America (livebearer),Beginner,Peaceful,Top-Middle,40-75 L,1-2.5 in (2.5-6 cm),22-28°C,7.0-8.0,Medium-Hard (8-20 dGH),Omnivore,Groups (more females than males),2-3 years,,"Multicolour Dragon Guppy is a colourful, hardy livebearer and one of the easiest fish in the hobby. It breeds readily and thrives in harder, alkaline water.","Prefers harder, alkaline water — avoid soft, acidic setups. | Keep 2-3 females per male to reduce harassment of females. | Breeds prolifically; provide plant cover for fry or expect a growing colony.",aqa-micro-pellet-colour-enhancing,aqa-brineshrimp-flakes,,https://care.best4pets.in/fish/multicolour-dragon-guppy,https://care.best4pets.in/fish/multicolour-dragon-guppy/care/,https://best4pets.in/products/multicolour-dragon-guppy,Multicolour Dragon Guppy (Pair)
RA-FSH-0277,betta-rubra,betta-rubra-super-super-rare-pair,Betta rubra,Betta,Osphronemidae,Southeast Asia,Beginner,Aggressive,Top-Middle,20 L,2.5-3 in (6-8 cm),24-28°C,6.0-7.5,Soft-Medium (2-15 dGH),Carnivore,Solitary (one male per tank),3-5 years,,"Betta rubra is a labyrinth fish that breathes air from the surface. Males are beautiful but territorial and must be kept one to a tank; they prefer warm, still water.","One male per tank — males fight, sometimes to the death. | Warm, stable water and gentle flow (strong currents stress them). | Carnivore: feed betta pellets plus frozen bloodworms/brine shrimp.",aqa-micro-pellet-colour-enhancing,aqa-brineshrimp-flakes,,https://care.best4pets.in/fish/betta-rubra,https://care.best4pets.in/fish/betta-rubra/care/,https://best4pets.in/products/betta-rubra-super-super-rare-pair,Betta rubra *Super Super Rare* (Pair)
RA-FSH-0278,orange-bubble-eye-goldfish-2,bubble-eye-goldfish-4-5inch,Orange Bubble Eye Goldfish,Goldfish,Cyprinidae (coldwater),Selectively bred (China),Beginner-Intermediate,Peaceful,All levels,75-115 L per fish,6-8 in fancy (15-20 cm),18-24°C,7.0-8.4,Medium-Hard (8-20 dGH),Omnivore,Groups,10-15+ years,5 in,"Orange Bubble Eye Goldfish is a hardy coldwater fish that needs no heater but produces a heavy bioload, so strong filtration and space are essential. A long-lived, personable pet.",Coldwater fish — no heater needed; keep below ~24°C. | Big bioload: over-filter and do generous water changes. | Feed sinking foods to fancy types to reduce swim-bladder/buoyancy issues.,aqa-micro-pellet-economy,,Feed a sinking staple plus vegetable matter; avoid overfeeding.,https://care.best4pets.in/fish/orange-bubble-eye-goldfish-2,https://care.best4pets.in/fish/orange-bubble-eye-goldfish-2/care/,https://best4pets.in/products/bubble-eye-goldfish-4-5inch,Orange Bubble Eye Goldfish 5inch
RA-FSH-0279,shubunkin-goldfish,shubunkin-goldfish-4inch,Shubunkin Goldfish,Goldfish,Cyprinidae (coldwater),Selectively bred (China),Beginner-Intermediate,Peaceful,All levels,280 L / pond,10-12 in (25-30 cm),18-24°C,7.0-8.4,Medium-Hard (8-20 dGH),Omnivore,Groups,10-15+ years,5-6 in,"Shubunkin Goldfish is a hardy coldwater fish that needs no heater but produces a heavy bioload, so strong filtration and space are essential. A long-lived, personable pet.",Coldwater fish — no heater needed; keep below ~24°C. | Big bioload: over-filter and do generous water changes. | Feed sinking foods to fancy types to reduce swim-bladder/buoyancy issues.,aqa-micro-pellet-economy,,Feed a sinking staple plus vegetable matter; avoid overfeeding.,https://care.best4pets.in/fish/shubunkin-goldfish,https://care.best4pets.in/fish/shubunkin-goldfish/care/,https://best4pets.in/products/shubunkin-goldfish-4inch,Shubunkin Goldfish 5-6inch (Pair)
RA-FSH-0280,red-ranchu-gold,red-ranchu-gold-2-5inch,Red Ranchu Gold,Goldfish,Cyprinidae (coldwater),Selectively bred (China),Beginner-Intermediate,Peaceful,All levels,75-115 L per fish,6-8 in fancy (15-20 cm),18-24°C,7.0-8.4,Medium-Hard (8-20 dGH),Omnivore,Groups,10-15+ years,3 in,"Red Ranchu Gold is a hardy coldwater fish that needs no heater but produces a heavy bioload, so strong filtration and space are essential. A long-lived, personable pet.",Coldwater fish — no heater needed; keep below ~24°C. | Big bioload: over-filter and do generous water changes. | Feed sinking foods to fancy types to reduce swim-bladder/buoyancy issues.,aqa-micro-pellet-economy,,Feed a sinking staple plus vegetable matter; avoid overfeeding.,https://care.best4pets.in/fish/red-ranchu-gold,https://care.best4pets.in/fish/red-ranchu-gold/care/,https://best4pets.in/products/red-ranchu-gold-2-5inch,Red Ranchu Gold 3inch (Import)
RA-FSH-0281,showa-swordtail,showa-swordtail,Showa Swordtail,Molly/Platy/Swordtail,Poeciliidae,Central America (livebearer),Beginner,Peaceful,Middle,75-115 L,2-5 in (5-13 cm),22-28°C,7.0-8.2,Medium-Hard (10-25 dGH),Omnivore (veg-leaning),Groups,3-5 years,,"Showa Swordtail is a hardy, peaceful livebearer that does best in hard, alkaline water with plenty of vegetable matter in its diet. An easy, active community fish.","Hard, alkaline water keeps these livebearers healthiest (mollies especially). | Include algae/veg-based foods — blanched vegetables and spirulina. | Keep in groups; expect regular broods of live young.",aqa-micro-pellet-colour-enhancing,aqa-brineshrimp-flakes,Add algae/vegetable matter for this veg-leaning livebearer.,https://care.best4pets.in/fish/showa-swordtail,https://care.best4pets.in/fish/showa-swordtail/care/,https://best4pets.in/products/showa-swordtail,Showa Swordtail
RA-FSH-0282,diamond-angelfish,diamond-angelfish-large,Diamond Angelfish,Angelfish,Cichlidae,"Amazon, South America",Intermediate,Semi-aggressive,Middle,115 L (tall),"6 in tall, to 8 in (15-20 cm)",25-29°C,6.0-7.5,Soft-Medium (3-15 dGH),Omnivore,Pairs / small groups,8-10 years,,"Diamond Angelfish is a graceful South American cichlid with a tall body that needs a deep tank. Peaceful for a cichlid, but pairs get territorial when breeding and may eat very small fish.","Use a tall tank to accommodate the fins and body shape. | May eat very small fish (e.g. neon tetras) — choose tankmates by size. | Warm, soft-to-neutral water; pairs become territorial when spawning.",aqa-cichlid-colour-enhancer,aqa-brineshrimp-flakes,,https://care.best4pets.in/fish/diamond-angelfish,https://care.best4pets.in/fish/diamond-angelfish/care/,https://best4pets.in/products/diamond-angelfish-large,Diamond Angelfish Large
RA-FSH-0283,chameleeon-whiptail-first-time-in-india,chameleeon-whiptail-first-time-in-india-5inch,Chameleeon Whiptail First Time in India,Pleco (L-number/Bristlenose),Loricariidae,South America,Beginner-Intermediate,Peaceful (with care),Bottom,115 L (varies by species),4-18 in — varies by species,24-28°C,6.0-7.5,Soft-Medium (2-15 dGH),Omnivore,Solitary (can be territorial),10-15 years,5 in,"Chameleeon Whiptail First Time in India is a loricariid catfish. Sizes range from a 12 cm bristlenose to an 45 cm+ common pleco, so confirm the species. Most graze biofilm and need driftwood and sinking foods.","Provide driftwood — many species rasp on wood as part of their diet. | Don't rely on tank algae alone; offer sinking wafers and vegetables (Hypancistrus are carnivores). | Confirm adult size before buying — bristlenose stay ~12 cm, common/sailfin plecos exceed 40 cm.",aqa-micro-pellet-economy,,"Supplement with algae wafers, vegetables and driftwood (Hypancistrus need meaty food).",https://care.best4pets.in/fish/chameleeon-whiptail-first-time-in-india,https://care.best4pets.in/fish/chameleeon-whiptail-first-time-in-india/care/,https://best4pets.in/products/chameleeon-whiptail-first-time-in-india-5inch,Chameleeon Whiptail **First Time in India** 5inch
RA-FSH-0284,german-black-ram-cichlid,german-black-ram-cichlid-first-time-in-india,German Black Ram Cichlid,Dwarf Cichlid (Apisto/Ram),Cichlidae,South America,Intermediate-Advanced,Peaceful (with care),Bottom-Middle,75-115 L,2-3.5 in (5-9 cm),28-30°C,5.5-7.0,Soft (2-10 dGH),Carnivore/Omnivore,Pairs,2-4 years,,"German Black Ram Cichlid is a colourful dwarf cichlid best kept as a pair in warm, soft water with caves and territory. Peaceful in a community, but defends a small breeding territory.","Warm, soft, slightly acidic water suits dwarf cichlids best. | Provide caves and broken sight-lines so a pair can hold territory. | Rams (Mikrogeophagus) want the warm end (28-30°C) and stable water.",aqa-cichlid-colour-enhancer,aqa-brineshrimp-flakes,,https://care.best4pets.in/fish/german-black-ram-cichlid,https://care.best4pets.in/fish/german-black-ram-cichlid/care/,https://best4pets.in/products/german-black-ram-cichlid-first-time-in-india,German Black Ram Cichlid (Pair)
RA-FSH-0285,sunset-platy,sunset-platy,Sunset Platy,Molly/Platy/Swordtail,Poeciliidae,Central America (livebearer),Beginner,Peaceful,Middle,75-115 L,2-5 in (5-13 cm),22-28°C,7.0-8.2,Medium-Hard (10-25 dGH),Omnivore (veg-leaning),Groups,3-5 years,,"Sunset Platy is a hardy, peaceful livebearer that does best in hard, alkaline water with plenty of vegetable matter in its diet. An easy, active community fish.","Hard, alkaline water keeps these livebearers healthiest (mollies especially). | Include algae/veg-based foods — blanched vegetables and spirulina. | Keep in groups; expect regular broods of live young.",aqa-micro-pellet-colour-enhancing,aqa-brineshrimp-flakes,Add algae/vegetable matter for this veg-leaning livebearer.,https://care.best4pets.in/fish/sunset-platy,https://care.best4pets.in/fish/sunset-platy/care/,https://best4pets.in/products/sunset-platy,Sunset Platy
RA-FSH-0286,electric-moscow-blue-guppy,electrric-moscoww-blue-guppy-pair,Electric Moscow Blue Guppy,Guppy/Endler,Poeciliidae,Central/South America (livebearer),Beginner,Peaceful,Top-Middle,40-75 L,1-2.5 in (2.5-6 cm),22-28°C,7.0-8.0,Medium-Hard (8-20 dGH),Omnivore,Groups (more females than males),2-3 years,,"Electric Moscow Blue Guppy is a colourful, hardy livebearer and one of the easiest fish in the hobby. It breeds readily and thrives in harder, alkaline water.","Prefers harder, alkaline water — avoid soft, acidic setups. | Keep 2-3 females per male to reduce harassment of females. | Breeds prolifically; provide plant cover for fry or expect a growing colony.",aqa-micro-pellet-colour-enhancing,aqa-brineshrimp-flakes,,https://care.best4pets.in/fish/electric-moscow-blue-guppy,https://care.best4pets.in/fish/electric-moscow-blue-guppy/care/,https://best4pets.in/products/electrric-moscoww-blue-guppy-pair,Electric Moscow Blue Guppy (Pair)
RA-FSH-0287,albino-topaz-guppy,albino-topaz-guppy,Albino Topaz Guppy,Guppy/Endler,Poeciliidae,Central/South America (livebearer),Beginner,Peaceful,Top-Middle,40-75 L,1-2.5 in (2.5-6 cm),22-28°C,7.0-8.0,Medium-Hard (8-20 dGH),Omnivore,Groups (more females than males),2-3 years,,"Albino Topaz Guppy is a colourful, hardy livebearer and one of the easiest fish in the hobby. It breeds readily and thrives in harder, alkaline water.","Prefers harder, alkaline water — avoid soft, acidic setups. | Keep 2-3 females per male to reduce harassment of females. | Breeds prolifically; provide plant cover for fry or expect a growing colony.",aqa-micro-pellet-colour-enhancing,aqa-brineshrimp-flakes,,https://care.best4pets.in/fish/albino-topaz-guppy,https://care.best4pets.in/fish/albino-topaz-guppy/care/,https://best4pets.in/products/albino-topaz-guppy,Albino Topaz Guppy (Pair)
RA-FSH-0288,frogmouth-catfish,frogmouth-catfish-4-5inch,Frogmouth Catfish,Catfish (other),Siluriformes,Varies,Intermediate,Peaceful (with care),Bottom,150-475 L (species-dependent),3-24 in — varies by species,22-28°C,6.0-7.8,Soft-Medium (5-15 dGH),Omnivore/Carnivore,Species-dependent,8-15 years,4-5 in,"Frogmouth Catfish is a catfish whose needs depend heavily on species. Many are nocturnal and appreciate caves; some (e.g. Synodontis) stay moderate while others (shovelnose, redtail) grow very large.",Provide caves and shaded retreats — many catfish are nocturnal. | Confirm the species' adult size before buying; some grow far too large for home tanks. | Feed after lights-out with sinking foods to ensure they get enough.,aqa-micro-pellet-economy,aqa-brineshrimp-flakes,Feed after lights-out; larger/predatory species need meaty foods.,https://care.best4pets.in/fish/frogmouth-catfish,https://care.best4pets.in/fish/frogmouth-catfish/care/,https://best4pets.in/products/frogmouth-catfish-4-5inch,Frogmouth Catfish 4-5inch
RA-FSH-0289,yellow-tail-mpanga,yellow-tail-mpanga,Yellow Tail Mpanga,African Rift Cichlid (Malawi),Cichlidae,"Lake Malawi, East Africa",Intermediate,Aggressive,All levels,200 L,4-6 in (10-15 cm),24-28°C,7.8-8.6,Hard / Alkaline (10-20 dGH),Omnivore,Groups (species-appropriate),8-10 years,2-2.75 in,"Yellow Tail Mpanga is a colourful, boldly territorial Lake Malawi cichlid. It needs hard, alkaline water and a rocky, cave-filled aquascape, with stocking planned to spread aggression.","Hard, alkaline water is essential — not for soft-water community tanks. | Build rockwork with many caves; keep them appropriately stocked to diffuse aggression. | Mbuna need veg-based food (avoid excess protein → Malawi bloat); peacocks/haps take more protein.",aqa-cichlid-colour-enhancer,aqa-brineshrimp-flakes,Mbuna are veg-leaning — keep protein moderate to avoid bloat.,https://care.best4pets.in/fish/yellow-tail-mpanga,https://care.best4pets.in/fish/yellow-tail-mpanga/care/,https://best4pets.in/products/yellow-tail-mpanga,Yellow Tail Mpanga 2-2.75inch
RA-FSH-0290,white-halfmoon-betta,white-halfmoon-betta,White Halfmoon Betta,Betta,Osphronemidae,Southeast Asia,Beginner,Aggressive,Top-Middle,20 L,2.5-3 in (6-8 cm),24-28°C,6.0-7.5,Soft-Medium (2-15 dGH),Carnivore,Solitary (one male per tank),3-5 years,,"White Halfmoon Betta is a labyrinth fish that breathes air from the surface. Males are beautiful but territorial and must be kept one to a tank; they prefer warm, still water.","One male per tank — males fight, sometimes to the death. | Warm, stable water and gentle flow (strong currents stress them). | Carnivore: feed betta pellets plus frozen bloodworms/brine shrimp.",aqa-micro-pellet-colour-enhancing,aqa-brineshrimp-flakes,,https://care.best4pets.in/fish/white-halfmoon-betta,https://care.best4pets.in/fish/white-halfmoon-betta/care/,https://best4pets.in/products/white-halfmoon-betta,White Halfmoon Betta
RA-FSH-0291,albino-corydoras,albino-corydoras,Albino Corydoras,Corydoras,Callichthyidae,South America,Beginner,Peaceful,Bottom,75 L,1-3 in (2.5-8 cm),22-26°C,6.0-7.5,Soft-Medium (2-15 dGH),Omnivore (bottom),Shoal of 6 or more,5-8 years,,"Albino Corydoras is a peaceful, sociable bottom-dwelling catfish that shoals and constantly forages. A superb, hardy community cleanup fish that's happiest in a group.",Use smooth sand or rounded gravel to protect their delicate barbels. | Keep 6+ together — Corydoras are highly social and stressed when alone. | Feed sinking foods; don't assume they'll survive on leftovers alone.,aqa-micro-pellet-economy,aqa-brineshrimp-flakes,Use a sinking pellet so this bottom-feeder gets its share.,https://care.best4pets.in/fish/albino-corydoras,https://care.best4pets.in/fish/albino-corydoras/care/,https://best4pets.in/products/albino-corydoras,Albino Corydoras (Pair)
RA-FSH-0292,red-tail-dolphin-shark,red-tail-dolphin-shark,Red Tail Dolphin Shark,Shark (cyprinid),Cyprinidae,Southeast Asia,Intermediate,Territorial,All levels,200 L,5-6 in (13-15 cm),22-26°C,6.5-7.5,Soft-Medium (5-15 dGH),Omnivore,Single (bala shark: groups),8-10 years,,Red Tail Dolphin Shark is an active 'shark' cyprinid. Red-tail and rainbow sharks are territorial and best kept singly; bala 'sharks' are peaceful but grow large and need a group and a big tank.,Red-tail / rainbow sharks: keep one per tank — they chase their own kind. | Bala sharks are gentle but reach ~30 cm and need a group + very large tank. | Provide a long tank with territory and hiding spots.,aqa-micro-pellet-colour-enhancing,aqa-brineshrimp-flakes,,https://care.best4pets.in/fish/red-tail-dolphin-shark,https://care.best4pets.in/fish/red-tail-dolphin-shark/care/,https://best4pets.in/products/red-tail-dolphin-shark,Red Tail Dolphin Shark
RA-FSH-0293,tiger-pleco,tiger-pleco-2-5-3,Tiger Pleco,Pleco (L-number/Bristlenose),Loricariidae,South America,Beginner-Intermediate,Peaceful (with care),Bottom,115 L (varies by species),4-18 in — varies by species,24-28°C,6.0-7.5,Soft-Medium (2-15 dGH),Omnivore,Solitary (can be territorial),10-15 years,2-2.5 in,"Tiger Pleco is a loricariid catfish. Sizes range from a 12 cm bristlenose to an 45 cm+ common pleco, so confirm the species. Most graze biofilm and need driftwood and sinking foods.","Provide driftwood — many species rasp on wood as part of their diet. | Don't rely on tank algae alone; offer sinking wafers and vegetables (Hypancistrus are carnivores). | Confirm adult size before buying — bristlenose stay ~12 cm, common/sailfin plecos exceed 40 cm.",aqa-micro-pellet-economy,,"Supplement with algae wafers, vegetables and driftwood (Hypancistrus need meaty food).",https://care.best4pets.in/fish/tiger-pleco,https://care.best4pets.in/fish/tiger-pleco/care/,https://best4pets.in/products/tiger-pleco-2-5-3,"Tiger Pleco 2-2.5"""
RA-FSH-0294,red-tiger-pleco-l-397,red-tiger-pleco-l-397,Red Tiger Pleco L 397,Pleco (L-number/Bristlenose),Loricariidae,South America,Beginner-Intermediate,Peaceful (with care),Bottom,115 L (varies by species),4-18 in — varies by species,24-28°C,6.0-7.5,Soft-Medium (2-15 dGH),Omnivore,Solitary (can be territorial),10-15 years,,"Red Tiger Pleco L 397 is a loricariid catfish. Sizes range from a 12 cm bristlenose to an 45 cm+ common pleco, so confirm the species. Most graze biofilm and need driftwood and sinking foods.","Provide driftwood — many species rasp on wood as part of their diet. | Don't rely on tank algae alone; offer sinking wafers and vegetables (Hypancistrus are carnivores). | Confirm adult size before buying — bristlenose stay ~12 cm, common/sailfin plecos exceed 40 cm.",aqa-micro-pellet-economy,,"Supplement with algae wafers, vegetables and driftwood (Hypancistrus need meaty food).",https://care.best4pets.in/fish/red-tiger-pleco-l-397,https://care.best4pets.in/fish/red-tiger-pleco-l-397/care/,https://best4pets.in/products/red-tiger-pleco-l-397,Red Tiger Pleco L 397
RA-FSH-0295,apistogramma-trifasciata-pair,apistogramma-trifasciata-pair,Apistogramma trifasciata Pair,Dwarf Cichlid (Apisto/Ram),Cichlidae,South America,Intermediate,Peaceful (with care),Bottom-Middle,75-115 L,2-3.5 in (5-9 cm),26-29°C,5.5-7.0,Soft (2-10 dGH),Carnivore/Omnivore,Pairs,2-4 years,,"Apistogramma trifasciata Pair is a colourful dwarf cichlid best kept as a pair in warm, soft water with caves and territory. Peaceful in a community, but defends a small breeding territory.","Warm, soft, slightly acidic water suits dwarf cichlids best. | Provide caves and broken sight-lines so a pair can hold territory. | Rams (Mikrogeophagus) want the warm end (28-30°C) and stable water.",aqa-cichlid-colour-enhancer,aqa-brineshrimp-flakes,,https://care.best4pets.in/fish/apistogramma-trifasciata-pair,https://care.best4pets.in/fish/apistogramma-trifasciata-pair/care/,https://best4pets.in/products/apistogramma-trifasciata-pair,Apistogramma trifasciata Pair
RA-FSH-0296,galaxy-blue-tail-guppy,galaxy-blue-tail-guppy-pair,Galaxy Blue Tail Guppy,Guppy/Endler,Poeciliidae,Central/South America (livebearer),Beginner,Peaceful,Top-Middle,40-75 L,1-2.5 in (2.5-6 cm),22-28°C,7.0-8.0,Medium-Hard (8-20 dGH),Omnivore,Groups (more females than males),2-3 years,,"Galaxy Blue Tail Guppy is a colourful, hardy livebearer and one of the easiest fish in the hobby. It breeds readily and thrives in harder, alkaline water.","Prefers harder, alkaline water — avoid soft, acidic setups. | Keep 2-3 females per male to reduce harassment of females. | Breeds prolifically; provide plant cover for fry or expect a growing colony.",aqa-micro-pellet-colour-enhancing,aqa-brineshrimp-flakes,,https://care.best4pets.in/fish/galaxy-blue-tail-guppy,https://care.best4pets.in/fish/galaxy-blue-tail-guppy/care/,https://best4pets.in/products/galaxy-blue-tail-guppy-pair,Galaxy Blue Tail Guppy (Pair)
RA-FSH-0297,pingu-guppy,pingu-guppy,Pingu Guppy,Guppy/Endler,Poeciliidae,Central/South America (livebearer),Beginner,Peaceful,Top-Middle,40-75 L,1-2.5 in (2.5-6 cm),22-28°C,7.0-8.0,Medium-Hard (8-20 dGH),Omnivore,Groups (more females than males),2-3 years,,"Pingu Guppy is a colourful, hardy livebearer and one of the easiest fish in the hobby. It breeds readily and thrives in harder, alkaline water.","Prefers harder, alkaline water — avoid soft, acidic setups. | Keep 2-3 females per male to reduce harassment of females. | Breeds prolifically; provide plant cover for fry or expect a growing colony.",aqa-micro-pellet-colour-enhancing,aqa-brineshrimp-flakes,,https://care.best4pets.in/fish/pingu-guppy,https://care.best4pets.in/fish/pingu-guppy/care/,https://best4pets.in/products/pingu-guppy,Pingu Guppy (Pair)
RA-FSH-0298,glow-green-tiger-barb,glow-green-tiger-barb,Glow Green Tiger Barb,Barb,Cyprinidae,Asia,Beginner-Intermediate,Semi-aggressive,Middle,115 L,2-3 in (5-8 cm),22-26°C,6.0-7.5,Soft-Medium (4-15 dGH),Omnivore,Shoal of 6 or more,5 years,,"Glow Green Tiger Barb is an active, hardy barb. Kept in good numbers it's a lively community fish, but small groups can turn nippy toward long-finned tankmates.","Keep a shoal of 6+ to spread out natural nipping behaviour. | Avoid slow, long-finned tankmates (e.g. bettas, angelfish, guppies). | Provide open swimming space for this fast, energetic fish.",aqa-micro-pellet-colour-enhancing,aqa-brineshrimp-flakes,,https://care.best4pets.in/fish/glow-green-tiger-barb,https://care.best4pets.in/fish/glow-green-tiger-barb/care/,https://best4pets.in/products/glow-green-tiger-barb,Glow Green Tiger Barb (Pair)
RA-FSH-0299,masked-brichardi,masked-brichardi-1-5inch,Masked Brichardi,Tanganyikan Cichlid,Cichlidae,"Lake Tanganyika, East Africa",Intermediate,Territorial,All levels,115-200 L (species-dependent),2-14 in — varies by species,24-28°C,7.8-9.0,Hard / Alkaline (10-20 dGH),Carnivore/Omnivore,Colony or pair (species-dependent),8-15 years,4 cm,"Masked Brichardi is a Lake Tanganyika cichlid needing hard, alkaline water. This group ranges from tiny shell-dwellers to large Frontosa, so check the specific species' adult size and setup.","Hard, alkaline water with the right decor — shells for shell-dwellers, rock for others. | Adult size varies enormously across this group — confirm the species before stocking. | Feed appropriately: many are micro-predators; avoid excess for the smaller species.",aqa-cichlid-colour-enhancer,aqa-brineshrimp-flakes,,https://care.best4pets.in/fish/masked-brichardi,https://care.best4pets.in/fish/masked-brichardi/care/,https://best4pets.in/products/masked-brichardi-1-5inch,Masked Brichardi 4cm
RA-FSH-0300,japanese-blue-gold-double-sword-guppy,japan-blue-gold-double-sword-guppy-pair,Japanese Blue Gold Double Sword Guppy,Guppy/Endler,Poeciliidae,Central/South America (livebearer),Beginner,Peaceful,Top-Middle,40-75 L,1-2.5 in (2.5-6 cm),22-28°C,7.0-8.0,Medium-Hard (8-20 dGH),Omnivore,Groups (more females than males),2-3 years,,"Japanese Blue Gold Double Sword Guppy is a colourful, hardy livebearer and one of the easiest fish in the hobby. It breeds readily and thrives in harder, alkaline water.","Prefers harder, alkaline water — avoid soft, acidic setups. | Keep 2-3 females per male to reduce harassment of females. | Breeds prolifically; provide plant cover for fry or expect a growing colony.",aqa-micro-pellet-colour-enhancing,aqa-brineshrimp-flakes,,https://care.best4pets.in/fish/japanese-blue-gold-double-sword-guppy,https://care.best4pets.in/fish/japanese-blue-gold-double-sword-guppy/care/,https://best4pets.in/products/japan-blue-gold-double-sword-guppy-pair,Japanese Blue Gold Double Sword Guppy (Pair)
RA-FSH-0301,mix-of-albino-black-veil-tail-bristlenose,albino-veil-tail-bristlenose-2inch,Mix of Albino & Black Veil Tail Bristlenose,Goldfish,Cyprinidae (coldwater),Selectively bred (China),Beginner-Intermediate,Peaceful,All levels,115 L,4-5 in (10-13 cm),18-24°C,7.0-8.4,Medium-Hard (8-20 dGH),Omnivore,Groups,10-15+ years,1.25 in,"Mix of Albino & Black Veil Tail Bristlenose is a hardy coldwater fish that needs no heater but produces a heavy bioload, so strong filtration and space are essential. A long-lived, personable pet.",Coldwater fish — no heater needed; keep below ~24°C. | Big bioload: over-filter and do generous water changes. | Feed sinking foods to fancy types to reduce swim-bladder/buoyancy issues.,aqa-micro-pellet-economy,,Feed a sinking staple plus vegetable matter; avoid overfeeding.,https://care.best4pets.in/fish/mix-of-albino-black-veil-tail-bristlenose,https://care.best4pets.in/fish/mix-of-albino-black-veil-tail-bristlenose/care/,https://best4pets.in/products/albino-veil-tail-bristlenose-2inch,"Mix of Albino & Black Veil Tail Bristlenose 1.25"""
RA-FSH-0302,livingstonii-cichlid-3,livingstonii-cichlid-4-5inch,Livingstonii Cichlid,African Rift Cichlid (Malawi),Cichlidae,"Lake Malawi, East Africa",Intermediate,Aggressive,All levels,200 L,4-6 in (10-15 cm),24-28°C,7.8-8.6,Hard / Alkaline (10-20 dGH),Omnivore,Groups (species-appropriate),8-10 years,3.5 in,"Livingstonii Cichlid is a colourful, boldly territorial Lake Malawi cichlid. It needs hard, alkaline water and a rocky, cave-filled aquascape, with stocking planned to spread aggression.","Hard, alkaline water is essential — not for soft-water community tanks. | Build rockwork with many caves; keep them appropriately stocked to diffuse aggression. | Mbuna need veg-based food (avoid excess protein → Malawi bloat); peacocks/haps take more protein.",aqa-cichlid-colour-enhancer,aqa-brineshrimp-flakes,Mbuna are veg-leaning — keep protein moderate to avoid bloat.,https://care.best4pets.in/fish/livingstonii-cichlid-3,https://care.best4pets.in/fish/livingstonii-cichlid-3/care/,https://best4pets.in/products/livingstonii-cichlid-4-5inch,Livingstonii Cichlid 3.5inch
RA-FSH-0303,sulphur-head-cichlid-aulonocara-maylandi-4,sulphur-head-cichlid-aulonocara-maylandi-5-inch,Sulphur Head Cichlid / Aulonocara maylandi,African Rift Cichlid (Malawi),Cichlidae,"Lake Malawi, East Africa",Intermediate,Aggressive,All levels,200 L,4-6 in (10-15 cm),24-28°C,7.8-8.6,Hard / Alkaline (10-20 dGH),Omnivore,Groups (species-appropriate),8-10 years,4 in,"Sulphur Head Cichlid / Aulonocara maylandi is a colourful, boldly territorial Lake Malawi cichlid. It needs hard, alkaline water and a rocky, cave-filled aquascape, with stocking planned to spread aggression.","Hard, alkaline water is essential — not for soft-water community tanks. | Build rockwork with many caves; keep them appropriately stocked to diffuse aggression. | Mbuna need veg-based food (avoid excess protein → Malawi bloat); peacocks/haps take more protein.",aqa-cichlid-colour-enhancer,aqa-brineshrimp-flakes,Mbuna are veg-leaning — keep protein moderate to avoid bloat.,https://care.best4pets.in/fish/sulphur-head-cichlid-aulonocara-maylandi-4,https://care.best4pets.in/fish/sulphur-head-cichlid-aulonocara-maylandi-4/care/,https://best4pets.in/products/sulphur-head-cichlid-aulonocara-maylandi-5-inch,Sulphur Head Cichlid / Aulonocara maylandi 4 inch (Import)
RA-FSH-0304,taiwan-reef-cichlid,taiwan-reef-cichlid-5inch,Taiwan Reef Cichlid,African Rift Cichlid (Malawi),Cichlidae,"Lake Malawi, East Africa",Intermediate,Aggressive,All levels,200 L,4-6 in (10-15 cm),24-28°C,7.8-8.6,Hard / Alkaline (10-20 dGH),Omnivore,Groups (species-appropriate),8-10 years,4 in,"Taiwan Reef Cichlid is a colourful, boldly territorial Lake Malawi cichlid. It needs hard, alkaline water and a rocky, cave-filled aquascape, with stocking planned to spread aggression.","Hard, alkaline water is essential — not for soft-water community tanks. | Build rockwork with many caves; keep them appropriately stocked to diffuse aggression. | Mbuna need veg-based food (avoid excess protein → Malawi bloat); peacocks/haps take more protein.",aqa-cichlid-colour-enhancer,aqa-brineshrimp-flakes,Mbuna are veg-leaning — keep protein moderate to avoid bloat.,https://care.best4pets.in/fish/taiwan-reef-cichlid,https://care.best4pets.in/fish/taiwan-reef-cichlid/care/,https://best4pets.in/products/taiwan-reef-cichlid-5inch,Taiwan Reef Cichlid 4inch (Import)
RA-FSH-0305,blue-peacock-cichlid-3,blue-peacock-cichlid-5inch,Blue Peacock Cichlid,African Rift Cichlid (Malawi),Cichlidae,"Lake Malawi, East Africa",Intermediate,Aggressive,All levels,200 L,4-6 in (10-15 cm),24-28°C,7.8-8.6,Hard / Alkaline (10-20 dGH),Omnivore,Groups (species-appropriate),8-10 years,4 in,"Blue Peacock Cichlid is a colourful, boldly territorial Lake Malawi cichlid. It needs hard, alkaline water and a rocky, cave-filled aquascape, with stocking planned to spread aggression.","Hard, alkaline water is essential — not for soft-water community tanks. | Build rockwork with many caves; keep them appropriately stocked to diffuse aggression. | Mbuna need veg-based food (avoid excess protein → Malawi bloat); peacocks/haps take more protein.",aqa-cichlid-colour-enhancer,aqa-brineshrimp-flakes,Mbuna are veg-leaning — keep protein moderate to avoid bloat.,https://care.best4pets.in/fish/blue-peacock-cichlid-3,https://care.best4pets.in/fish/blue-peacock-cichlid-3/care/,https://best4pets.in/products/blue-peacock-cichlid-5inch,Blue Peacock Cichlid 4inch
RA-FSH-0306,yellow-lab-2,yellow-lab-labidochromis-caeruleus-3,Yellow Lab,African Rift Cichlid (Malawi),Cichlidae,"Lake Malawi, East Africa",Intermediate,Aggressive,All levels,200 L,4-6 in (10-15 cm),24-28°C,7.8-8.6,Hard / Alkaline (10-20 dGH),Omnivore,Groups (species-appropriate),8-10 years,2 in,"Yellow Lab is a colourful, boldly territorial Lake Malawi cichlid. It needs hard, alkaline water and a rocky, cave-filled aquascape, with stocking planned to spread aggression.","Hard, alkaline water is essential — not for soft-water community tanks. | Build rockwork with many caves; keep them appropriately stocked to diffuse aggression. | Mbuna need veg-based food (avoid excess protein → Malawi bloat); peacocks/haps take more protein.",aqa-cichlid-colour-enhancer,aqa-brineshrimp-flakes,Mbuna are veg-leaning — keep protein moderate to avoid bloat.,https://care.best4pets.in/fish/yellow-lab-2,https://care.best4pets.in/fish/yellow-lab-2/care/,https://best4pets.in/products/yellow-lab-labidochromis-caeruleus-3,"Yellow Lab 2"" (Pair)"
RA-FSH-0307,tropheops-sp-red-cheek,tropheops-sp-red-cheek-rare,Tropheops sp. Red Cheek,African Rift Cichlid (Malawi),Cichlidae,"Lake Malawi, East Africa",Intermediate,Aggressive,All levels,200 L,4-6 in (10-15 cm),24-28°C,7.8-8.6,Hard / Alkaline (10-20 dGH),Omnivore,Groups (species-appropriate),8-10 years,2 in,"Tropheops sp. Red Cheek is a colourful, boldly territorial Lake Malawi cichlid. It needs hard, alkaline water and a rocky, cave-filled aquascape, with stocking planned to spread aggression.","Hard, alkaline water is essential — not for soft-water community tanks. | Build rockwork with many caves; keep them appropriately stocked to diffuse aggression. | Mbuna need veg-based food (avoid excess protein → Malawi bloat); peacocks/haps take more protein.",aqa-cichlid-colour-enhancer,aqa-brineshrimp-flakes,Mbuna are veg-leaning — keep protein moderate to avoid bloat.,https://care.best4pets.in/fish/tropheops-sp-red-cheek,https://care.best4pets.in/fish/tropheops-sp-red-cheek/care/,https://best4pets.in/products/tropheops-sp-red-cheek-rare,Tropheops sp. Red Cheek *rare* 2inch
RA-FSH-0308,red-cheek-tropheops-albino,red-cheek-tropheops-albino-2-5inch,Red Cheek Tropheops Albino,African Rift Cichlid (Malawi),Cichlidae,"Lake Malawi, East Africa",Intermediate,Aggressive,All levels,200 L,4-6 in (10-15 cm),24-28°C,7.8-8.6,Hard / Alkaline (10-20 dGH),Omnivore,Groups (species-appropriate),8-10 years,2 in,"Red Cheek Tropheops Albino is a colourful, boldly territorial Lake Malawi cichlid. It needs hard, alkaline water and a rocky, cave-filled aquascape, with stocking planned to spread aggression.","Hard, alkaline water is essential — not for soft-water community tanks. | Build rockwork with many caves; keep them appropriately stocked to diffuse aggression. | Mbuna need veg-based food (avoid excess protein → Malawi bloat); peacocks/haps take more protein.",aqa-cichlid-colour-enhancer,aqa-brineshrimp-flakes,Mbuna are veg-leaning — keep protein moderate to avoid bloat.,https://care.best4pets.in/fish/red-cheek-tropheops-albino,https://care.best4pets.in/fish/red-cheek-tropheops-albino/care/,https://best4pets.in/products/red-cheek-tropheops-albino-2-5inch,Red Cheek Tropheops Albino 2inch
RA-FSH-0309,mango-oscar,mango-oscar-3-inch,Mango Oscar,SA/CA Cichlid (large),Cichlidae,Central/South America,Intermediate,Aggressive,All levels,280 L,12-14 in (30-36 cm),23-28°C,6.5-7.5,Medium (5-20 dGH),Carnivore/Omnivore,Solitary or bonded pair,10-15 years,2.5-3 in,"Mango Oscar is a large, characterful New World cichlid. These fish are intelligent and territorial, needing a big tank, strong filtration and robust decor. Adult size varies widely by species.",Provide a large tank with powerful filtration and secure hardscape. | Territorial and often aggressive — choose tankmates carefully and confirm the species' temperament. | Confirm the exact species' adult size before stocking — some exceed 30 cm.,aqa-cichlid-colour-enhancer,aqa-brineshrimp-flakes,Larger specimens need bigger meaty/pellet foods.,https://care.best4pets.in/fish/mango-oscar,https://care.best4pets.in/fish/mango-oscar/care/,https://best4pets.in/products/mango-oscar-3-inch,Mango Oscar 2.5-3 inch
RA-FSH-0310,malawi-eye-biter-3,malawi-eye-biter-2inch,Malawi Eye Biter,African Rift Cichlid (Malawi),Cichlidae,"Lake Malawi, East Africa",Intermediate,Aggressive,All levels,200 L,4-6 in (10-15 cm),24-28°C,7.8-8.6,Hard / Alkaline (10-20 dGH),Omnivore,Groups (species-appropriate),8-10 years,2.5-3 in,"Malawi Eye Biter is a colourful, boldly territorial Lake Malawi cichlid. It needs hard, alkaline water and a rocky, cave-filled aquascape, with stocking planned to spread aggression.","Hard, alkaline water is essential — not for soft-water community tanks. | Build rockwork with many caves; keep them appropriately stocked to diffuse aggression. | Mbuna need veg-based food (avoid excess protein → Malawi bloat); peacocks/haps take more protein.",aqa-cichlid-colour-enhancer,aqa-brineshrimp-flakes,Mbuna are veg-leaning — keep protein moderate to avoid bloat.,https://care.best4pets.in/fish/malawi-eye-biter-3,https://care.best4pets.in/fish/malawi-eye-biter-3/care/,https://best4pets.in/products/malawi-eye-biter-2inch,Malawi Eye Biter 2.5-3inch (Import)
RA-FSH-0311,crabro-cichlid,crabro-cichlid-2inch,Crabro Cichlid,Cichlid (other),Cichlidae,Varies,Intermediate,Semi-aggressive,All levels,150-200 L,4-8 in — varies by species,23-28°C,6.5-8.0,Medium (5-20 dGH),Omnivore,Species-dependent,8-12 years,2 in,Crabro Cichlid is a cichlid whose exact requirements depend on its species and region. As a group these fish are territorial and appreciate structured decor and defined territories.,Confirm the species' origin (African rift vs. New World) to set the right water hardness. | Provide territory and broken sight-lines to reduce aggression. | Match tankmates to the species' adult size and temperament.,aqa-cichlid-colour-enhancer,aqa-brineshrimp-flakes,,https://care.best4pets.in/fish/crabro-cichlid,https://care.best4pets.in/fish/crabro-cichlid/care/,https://best4pets.in/products/crabro-cichlid-2inch,Crabro Cichlid 2inch
RA-FSH-0312,albino-yellow-lab,albino-yellow-lab-2inch,Albino Yellow Lab,African Rift Cichlid (Malawi),Cichlidae,"Lake Malawi, East Africa",Intermediate,Aggressive,All levels,200 L,4-6 in (10-15 cm),24-28°C,7.8-8.6,Hard / Alkaline (10-20 dGH),Omnivore,Groups (species-appropriate),8-10 years,1.75-2 in,"Albino Yellow Lab is a colourful, boldly territorial Lake Malawi cichlid. It needs hard, alkaline water and a rocky, cave-filled aquascape, with stocking planned to spread aggression.","Hard, alkaline water is essential — not for soft-water community tanks. | Build rockwork with many caves; keep them appropriately stocked to diffuse aggression. | Mbuna need veg-based food (avoid excess protein → Malawi bloat); peacocks/haps take more protein.",aqa-cichlid-colour-enhancer,aqa-brineshrimp-flakes,Mbuna are veg-leaning — keep protein moderate to avoid bloat.,https://care.best4pets.in/fish/albino-yellow-lab,https://care.best4pets.in/fish/albino-yellow-lab/care/,https://best4pets.in/products/albino-yellow-lab-2inch,Albino Yellow Lab 1.75-2inch (Pair)
RA-FSH-0313,clown-angelfish,clown-angelfish-large,Clown Angelfish,Angelfish,Cichlidae,"Amazon, South America",Intermediate,Semi-aggressive,Middle,115 L (tall),"6 in tall, to 8 in (15-20 cm)",25-29°C,6.0-7.5,Soft-Medium (3-15 dGH),Omnivore,Pairs / small groups,8-10 years,,"Clown Angelfish is a graceful South American cichlid with a tall body that needs a deep tank. Peaceful for a cichlid, but pairs get territorial when breeding and may eat very small fish.","Use a tall tank to accommodate the fins and body shape. | May eat very small fish (e.g. neon tetras) — choose tankmates by size. | Warm, soft-to-neutral water; pairs become territorial when spawning.",aqa-cichlid-colour-enhancer,aqa-brineshrimp-flakes,,https://care.best4pets.in/fish/clown-angelfish,https://care.best4pets.in/fish/clown-angelfish/care/,https://best4pets.in/products/clown-angelfish-large,Clown Angelfish Large
RA-FSH-0314,apsara-barb-red-necklace-barb,apsara-barb-red-necklace-barb-3inch,Apsara Barb / Red Necklace Barb,Barb,Cyprinidae,Asia,Beginner-Intermediate,Semi-aggressive,Middle,115 L,2-3 in (5-8 cm),22-26°C,6.0-7.5,Soft-Medium (4-15 dGH),Omnivore,Shoal of 6 or more,5 years,4-4.5 in,"Apsara Barb / Red Necklace Barb is an active, hardy barb. Kept in good numbers it's a lively community fish, but small groups can turn nippy toward long-finned tankmates.","Keep a shoal of 6+ to spread out natural nipping behaviour. | Avoid slow, long-finned tankmates (e.g. bettas, angelfish, guppies). | Provide open swimming space for this fast, energetic fish.",aqa-micro-pellet-colour-enhancing,aqa-brineshrimp-flakes,,https://care.best4pets.in/fish/apsara-barb-red-necklace-barb,https://care.best4pets.in/fish/apsara-barb-red-necklace-barb/care/,https://best4pets.in/products/apsara-barb-red-necklace-barb-3inch,Apsara Barb / Red Necklace Barb 4-4.5inch
RA-FSH-0315,noble-gourami,noble-gourami,Noble Gourami,Gourami/Anabantid,Osphronemidae,Southeast Asia,Beginner-Intermediate,Peaceful (with care),Top-Middle,75-115 L,2-6 in (5-15 cm),23-28°C,6.0-7.5,Soft-Medium (4-15 dGH),Omnivore,Pairs or single,3-5 years,,"Noble Gourami is a labyrinth fish that gulps air at the surface and appreciates calm water. Generally peaceful, though males can be territorial with their own kind.","Keep calm water with surface access for air-breathing. | Avoid keeping multiple males in a small tank — they turn territorial. | Provide floating plants and gentle flow for a secure, settled fish.",aqa-micro-pellet-colour-enhancing,aqa-brineshrimp-flakes,,https://care.best4pets.in/fish/noble-gourami,https://care.best4pets.in/fish/noble-gourami/care/,https://best4pets.in/products/noble-gourami,Noble Gourami
RA-FSH-0316,neon-rainbow-ml,neon-rainbow-large,Neon Rainbow ML,Rainbowfish,Melanotaeniidae,Australia / New Guinea,Beginner-Intermediate,Peaceful,Middle-Top,115 L,2-5 in (5-13 cm),23-28°C,7.0-8.0,Medium-Hard (8-20 dGH),Omnivore,Shoal of 6 or more,5-8 years,,"Neon Rainbow ML is an active, peaceful schooling fish whose colours intensify with age and in a group. It prefers neutral-to-hard water and plenty of open swimming space.","Keep 6+ — colour and confidence build in a shoal (and with mature males). | Neutral to slightly alkaline, harder water suits them well. | Give long open swimming lanes; they're fast, active swimmers.",aqa-micro-pellet-colour-enhancing,aqa-brineshrimp-flakes,,https://care.best4pets.in/fish/neon-rainbow-ml,https://care.best4pets.in/fish/neon-rainbow-ml/care/,https://best4pets.in/products/neon-rainbow-large,Neon Rainbow ML (Pair)
RA-FSH-0317,calico-ranchu-goldfish-2,calico-rachu-2inch,Calico Ranchu Goldfish,Goldfish,Cyprinidae (coldwater),Selectively bred (China),Beginner-Intermediate,Peaceful,All levels,75-115 L per fish,6-8 in fancy (15-20 cm),18-24°C,7.0-8.4,Medium-Hard (8-20 dGH),Omnivore,Groups,10-15+ years,2.5-3 in,"Calico Ranchu Goldfish is a hardy coldwater fish that needs no heater but produces a heavy bioload, so strong filtration and space are essential. A long-lived, personable pet.",Coldwater fish — no heater needed; keep below ~24°C. | Big bioload: over-filter and do generous water changes. | Feed sinking foods to fancy types to reduce swim-bladder/buoyancy issues.,aqa-micro-pellet-economy,,Feed a sinking staple plus vegetable matter; avoid overfeeding.,https://care.best4pets.in/fish/calico-ranchu-goldfish-2,https://care.best4pets.in/fish/calico-ranchu-goldfish-2/care/,https://best4pets.in/products/calico-rachu-2inch,Calico Ranchu Goldfish 2.5-3inch
RA-FSH-0318,oranda-pearlscale-goldfish,oranda-pearlscale-goldfish-4,Oranda Pearlscale Goldfish,Goldfish,Cyprinidae (coldwater),Selectively bred (China),Beginner-Intermediate,Peaceful,All levels,75-115 L per fish,6-8 in fancy (15-20 cm),18-24°C,7.0-8.4,Medium-Hard (8-20 dGH),Omnivore,Groups,10-15+ years,3-4 in,"Oranda Pearlscale Goldfish is a hardy coldwater fish that needs no heater but produces a heavy bioload, so strong filtration and space are essential. A long-lived, personable pet.",Coldwater fish — no heater needed; keep below ~24°C. | Big bioload: over-filter and do generous water changes. | Feed sinking foods to fancy types to reduce swim-bladder/buoyancy issues.,aqa-micro-pellet-economy,,Feed a sinking staple plus vegetable matter; avoid overfeeding.,https://care.best4pets.in/fish/oranda-pearlscale-goldfish,https://care.best4pets.in/fish/oranda-pearlscale-goldfish/care/,https://best4pets.in/products/oranda-pearlscale-goldfish-4,"Oranda Pearlscale Goldfish 3-4"""
RA-FSH-0319,blue-dolphin-2,blue-dolphin-2inch,Blue Dolphin,African Rift Cichlid (Malawi),Cichlidae,"Lake Malawi, East Africa",Intermediate,Aggressive,All levels,200 L,4-6 in (10-15 cm),24-28°C,7.8-8.6,Hard / Alkaline (10-20 dGH),Omnivore,Groups (species-appropriate),8-10 years,2.5 in,"Blue Dolphin is a colourful, boldly territorial Lake Malawi cichlid. It needs hard, alkaline water and a rocky, cave-filled aquascape, with stocking planned to spread aggression.","Hard, alkaline water is essential — not for soft-water community tanks. | Build rockwork with many caves; keep them appropriately stocked to diffuse aggression. | Mbuna need veg-based food (avoid excess protein → Malawi bloat); peacocks/haps take more protein.",aqa-cichlid-colour-enhancer,aqa-brineshrimp-flakes,Mbuna are veg-leaning — keep protein moderate to avoid bloat.,https://care.best4pets.in/fish/blue-dolphin-2,https://care.best4pets.in/fish/blue-dolphin-2/care/,https://best4pets.in/products/blue-dolphin-2inch,Blue Dolphin 2.5inch
RA-FSH-0320,red-shoulder-severum-a-grade,red-shoulder-severum-5inch,Red Shoulder Severum A Grade,SA/CA Cichlid (large),Cichlidae,Central/South America,Intermediate-Advanced,Semi-aggressive,All levels,280 L,8-12 in (20-30 cm),23-28°C,6.5-7.5,Medium (5-20 dGH),Carnivore/Omnivore,Solitary or bonded pair,10-15 years,4 in,"Red Shoulder Severum A Grade is a large, characterful New World cichlid. These fish are intelligent and territorial, needing a big tank, strong filtration and robust decor. Adult size varies widely by species.",Provide a large tank with powerful filtration and secure hardscape. | Territorial and often aggressive — choose tankmates carefully and confirm the species' temperament. | Confirm the exact species' adult size before stocking — some exceed 30 cm.,aqa-cichlid-colour-enhancer,aqa-brineshrimp-flakes,Larger specimens need bigger meaty/pellet foods.,https://care.best4pets.in/fish/red-shoulder-severum-a-grade,https://care.best4pets.in/fish/red-shoulder-severum-a-grade/care/,https://best4pets.in/products/red-shoulder-severum-5inch,Red Shoulder Severum A Grade 4inch
RA-FSH-0321,rainbow-snakehead,rainbow-snakehead-5inch,Rainbow snakehead,Snakehead,Channidae,Asia / Africa,Intermediate-Advanced,Aggressive,All levels,200-475 L (species-dependent),6-40 in — varies hugely by species,22-28°C,6.0-7.5,Soft-Medium (5-15 dGH),Carnivore,Solitary or bonded pair,10-15 years,5 in,"Rainbow snakehead is a predatory air-breathing snakehead. Species range from ~15 cm dwarves to metre-long giants, so the exact species dictates tank size. All are escape artists and hunters.","A tight, weighted lid is essential — snakeheads are determined jumpers. | Predatory: do not house with fish small enough to be eaten. | Confirm the species' adult size before buying — it ranges from 15 cm to over 1 m.",aqa-brineshrimp-flakes,,Predatory — feed meaty foods sized to the fish.,https://care.best4pets.in/fish/rainbow-snakehead,https://care.best4pets.in/fish/rainbow-snakehead/care/,https://best4pets.in/products/rainbow-snakehead-5inch,Rainbow snakehead 5inch
RA-FSH-0322,galaxy-loach,galaxy-loach,Galaxy Loach,Loach,Cobitidae / Botiidae,Asia,Beginner-Intermediate,Peaceful (with care),Bottom,115-280 L (species-dependent),2-12 in — varies by species,24-28°C,6.0-7.5,Soft-Medium (3-15 dGH),Omnivore,Groups of 5 or more,10-15 years,,Galaxy Loach is a social bottom-dwelling loach that does best in groups and appreciates smooth substrate and hiding spots. Some stay small; clown loaches grow large and long-lived.,Keep in groups of 5+ — loaches are social and pine when kept singly. | Use smooth substrate and provide caves/tunnels for security. | Many relish snails; confirm adult size (clown loach reaches ~30 cm).,aqa-micro-pellet-economy,aqa-brineshrimp-flakes,Use a sinking food; many also relish snails.,https://care.best4pets.in/fish/galaxy-loach,https://care.best4pets.in/fish/galaxy-loach/care/,https://best4pets.in/products/galaxy-loach,Galaxy Loach
RA-FSH-0323,thick-bar-chitimba,thick-bar-chitimba-petrotilapia-sp-2inch,Thick Bar Chitimba,African Rift Cichlid (Malawi),Cichlidae,"Lake Malawi, East Africa",Intermediate,Aggressive,All levels,200 L,4-6 in (10-15 cm),24-28°C,7.8-8.6,Hard / Alkaline (10-20 dGH),Omnivore,Groups (species-appropriate),8-10 years,2 in,"Thick Bar Chitimba is a colourful, boldly territorial Lake Malawi cichlid. It needs hard, alkaline water and a rocky, cave-filled aquascape, with stocking planned to spread aggression.","Hard, alkaline water is essential — not for soft-water community tanks. | Build rockwork with many caves; keep them appropriately stocked to diffuse aggression. | Mbuna need veg-based food (avoid excess protein → Malawi bloat); peacocks/haps take more protein.",aqa-cichlid-colour-enhancer,aqa-brineshrimp-flakes,Mbuna are veg-leaning — keep protein moderate to avoid bloat.,https://care.best4pets.in/fish/thick-bar-chitimba,https://care.best4pets.in/fish/thick-bar-chitimba/care/,https://best4pets.in/products/thick-bar-chitimba-petrotilapia-sp-2inch,"Thick Bar Chitimba (Petrotilapia sp.) 2"""
RA-FSH-0324,hi-fin-blue-cichlid,hi-fin-blue-cichlid-2inch,Hi Fin Blue Cichlid,Cichlid (other),Cichlidae,Varies,Intermediate,Semi-aggressive,All levels,150-200 L,4-8 in — varies by species,23-28°C,6.5-8.0,Medium (5-20 dGH),Omnivore,Species-dependent,8-12 years,3 in,Hi Fin Blue Cichlid is a cichlid whose exact requirements depend on its species and region. As a group these fish are territorial and appreciate structured decor and defined territories.,Confirm the species' origin (African rift vs. New World) to set the right water hardness. | Provide territory and broken sight-lines to reduce aggression. | Match tankmates to the species' adult size and temperament.,aqa-cichlid-colour-enhancer,aqa-brineshrimp-flakes,,https://care.best4pets.in/fish/hi-fin-blue-cichlid,https://care.best4pets.in/fish/hi-fin-blue-cichlid/care/,https://best4pets.in/products/hi-fin-blue-cichlid-2inch,Hi Fin Blue Cichlid 3inch
RA-FSH-0325,albino-auratus,albino-auratus-2inch,Albino Auratus,African Rift Cichlid (Malawi),Cichlidae,"Lake Malawi, East Africa",Intermediate,Aggressive,All levels,200 L,4-6 in (10-15 cm),24-28°C,7.8-8.6,Hard / Alkaline (10-20 dGH),Omnivore,Groups (species-appropriate),8-10 years,2 in,"Albino Auratus is a colourful, boldly territorial Lake Malawi cichlid. It needs hard, alkaline water and a rocky, cave-filled aquascape, with stocking planned to spread aggression.","Hard, alkaline water is essential — not for soft-water community tanks. | Build rockwork with many caves; keep them appropriately stocked to diffuse aggression. | Mbuna need veg-based food (avoid excess protein → Malawi bloat); peacocks/haps take more protein.",aqa-cichlid-colour-enhancer,aqa-brineshrimp-flakes,Mbuna are veg-leaning — keep protein moderate to avoid bloat.,https://care.best4pets.in/fish/albino-auratus,https://care.best4pets.in/fish/albino-auratus/care/,https://best4pets.in/products/albino-auratus-2inch,Albino Auratus 2inch (Pair)
RA-FSH-0326,orange-lace-guppy,orange-lace-guppy-males-only,Orange Lace Guppy,Guppy/Endler,Poeciliidae,Central/South America (livebearer),Beginner,Peaceful,Top-Middle,40-75 L,1-2.5 in (2.5-6 cm),22-28°C,7.0-8.0,Medium-Hard (8-20 dGH),Omnivore,Groups (more females than males),2-3 years,,"Orange Lace Guppy is a colourful, hardy livebearer and one of the easiest fish in the hobby. It breeds readily and thrives in harder, alkaline water.","Prefers harder, alkaline water — avoid soft, acidic setups. | Keep 2-3 females per male to reduce harassment of females. | Breeds prolifically; provide plant cover for fry or expect a growing colony.",aqa-micro-pellet-colour-enhancing,aqa-brineshrimp-flakes,,https://care.best4pets.in/fish/orange-lace-guppy,https://care.best4pets.in/fish/orange-lace-guppy/care/,https://best4pets.in/products/orange-lace-guppy-males-only,Orange Lace Guppy (Pair)
RA-FSH-0327,silver-arowana,silver-arowana-7,Silver Arowana,Oddball/Predator,Various,Varies,Intermediate-Advanced,Aggressive,All levels,950 L,24-36 in (60-90 cm),24-28°C,6.5-7.5,Soft-Medium (5-15 dGH),Carnivore,Solitary or species-dependent,10-20 years,5 in,"Silver Arowana is a specialist 'oddball' predator (such as bichirs, arowana, gar, knifefish or eels). Most grow large and hunt, so the exact species dictates tank size and tankmates.","Use a tight, weighted lid — most oddball predators jump or climb. | Predatory: never house with fish small enough to be swallowed. | Research the exact species — many outgrow standard aquariums dramatically.",aqa-brineshrimp-flakes,,Predatory — feed meaty foods sized to the fish; large species need large prey items.,https://care.best4pets.in/fish/silver-arowana,https://care.best4pets.in/fish/silver-arowana/care/,https://best4pets.in/products/silver-arowana-7,"Silver Arowana 5"""
RA-FSH-0328,red-fin-shell-dweller,red-fin-shell-dweller-large,Red Fin Shell Dweller,Tanganyikan Cichlid,Cichlidae,"Lake Tanganyika, East Africa",Intermediate,Territorial,All levels,75 L,1.5-2.5 in (4-6 cm),24-28°C,7.8-9.0,Hard / Alkaline (10-20 dGH),Carnivore/Omnivore,Colony or pair (species-dependent),8-15 years,,"Red Fin Shell Dweller is a Lake Tanganyika cichlid needing hard, alkaline water. This group ranges from tiny shell-dwellers to large Frontosa, so check the specific species' adult size and setup.","Hard, alkaline water with the right decor — shells for shell-dwellers, rock for others. | Adult size varies enormously across this group — confirm the species before stocking. | Feed appropriately: many are micro-predators; avoid excess for the smaller species.",aqa-cichlid-colour-enhancer,aqa-brineshrimp-flakes,,https://care.best4pets.in/fish/red-fin-shell-dweller,https://care.best4pets.in/fish/red-fin-shell-dweller/care/,https://best4pets.in/products/red-fin-shell-dweller-large,Red Fin Shell Dweller (Pair)
RA-FSH-0329,demon-earth-eater,demon-earth-eater-satanopera-jurupari,Demon Earth Eater,Eartheater/Geophagus,Cichlidae,South America,Intermediate,Peaceful (with care),Bottom,280 L,6-12 in (15-30 cm),26-30°C,5.5-7.5,Soft-Medium (2-12 dGH),Omnivore (sand-sifter),Groups,10+ years,5 in,"Demon Earth Eater is a large but generally peaceful 'eartheater' that sifts sand for food. It needs a big tank, warm soft water and a fine sand bed to show natural behaviour.","Use a fine sand substrate so it can sift naturally (protects gills). | Warm, soft water and a spacious tank; best kept in groups. | Peaceful for its size, but plan for a large adult and heavy bioload.",aqa-cichlid-colour-enhancer,aqa-brineshrimp-flakes,,https://care.best4pets.in/fish/demon-earth-eater,https://care.best4pets.in/fish/demon-earth-eater/care/,https://best4pets.in/products/demon-earth-eater-satanopera-jurupari,"Demon Earth Eater (Satanopera Jurupari) 5"""
RA-FSH-0330,adolfoi-corydoras,adolfoi-corydoras,Adolfoi Corydoras,Corydoras,Callichthyidae,South America,Beginner,Peaceful,Bottom,75 L,1-3 in (2.5-8 cm),22-26°C,6.0-7.5,Soft-Medium (2-15 dGH),Omnivore (bottom),Shoal of 6 or more,5-8 years,,"Adolfoi Corydoras is a peaceful, sociable bottom-dwelling catfish that shoals and constantly forages. A superb, hardy community cleanup fish that's happiest in a group.",Use smooth sand or rounded gravel to protect their delicate barbels. | Keep 6+ together — Corydoras are highly social and stressed when alone. | Feed sinking foods; don't assume they'll survive on leftovers alone.,aqa-micro-pellet-economy,aqa-brineshrimp-flakes,Use a sinking pellet so this bottom-feeder gets its share.,https://care.best4pets.in/fish/adolfoi-corydoras,https://care.best4pets.in/fish/adolfoi-corydoras/care/,https://best4pets.in/products/adolfoi-corydoras,Adolfoi Corydoras
RA-FSH-0331,aba-aba,aba-aba-3inch,Aba aba,Catfish (other),Siluriformes,Varies,Intermediate,Peaceful (with care),Bottom,340 L,8-20 in (20-50 cm),22-28°C,6.0-7.8,Soft-Medium (5-15 dGH),Omnivore/Carnivore,Species-dependent,8-15 years,6 in,"Aba aba is a catfish whose needs depend heavily on species. Many are nocturnal and appreciate caves; some (e.g. Synodontis) stay moderate while others (shovelnose, redtail) grow very large.",Provide caves and shaded retreats — many catfish are nocturnal. | Confirm the species' adult size before buying; some grow far too large for home tanks. | Feed after lights-out with sinking foods to ensure they get enough.,aqa-micro-pellet-economy,aqa-brineshrimp-flakes,Feed after lights-out; larger/predatory species need meaty foods.,https://care.best4pets.in/fish/aba-aba,https://care.best4pets.in/fish/aba-aba/care/,https://best4pets.in/products/aba-aba-3inch,Aba aba 6inch
RA-FSH-0332,red-tail-giant-gourami,red-tail-giant-gourami-3,Red Tail Giant Gourami,Gourami/Anabantid,Osphronemidae,Southeast Asia,Beginner-Intermediate,Peaceful (with care),Top-Middle,75-115 L,2-6 in (5-15 cm),23-28°C,6.0-7.5,Soft-Medium (4-15 dGH),Omnivore,Pairs or single,3-5 years,3 in,"Red Tail Giant Gourami is a labyrinth fish that gulps air at the surface and appreciates calm water. Generally peaceful, though males can be territorial with their own kind.","Keep calm water with surface access for air-breathing. | Avoid keeping multiple males in a small tank — they turn territorial. | Provide floating plants and gentle flow for a secure, settled fish.",aqa-micro-pellet-colour-enhancing,aqa-brineshrimp-flakes,,https://care.best4pets.in/fish/red-tail-giant-gourami,https://care.best4pets.in/fish/red-tail-giant-gourami/care/,https://best4pets.in/products/red-tail-giant-gourami-3,"Red Tail Giant Gourami 3"""
RA-FSH-0333,albino-blue-angelfish,albino-blue-angelfish-rare,Albino Blue Angelfish,Angelfish,Cichlidae,"Amazon, South America",Intermediate,Semi-aggressive,Middle,115 L (tall),"6 in tall, to 8 in (15-20 cm)",25-29°C,6.0-7.5,Soft-Medium (3-15 dGH),Omnivore,Pairs / small groups,8-10 years,,"Albino Blue Angelfish is a graceful South American cichlid with a tall body that needs a deep tank. Peaceful for a cichlid, but pairs get territorial when breeding and may eat very small fish.","Use a tall tank to accommodate the fins and body shape. | May eat very small fish (e.g. neon tetras) — choose tankmates by size. | Warm, soft-to-neutral water; pairs become territorial when spawning.",aqa-cichlid-colour-enhancer,aqa-brineshrimp-flakes,,https://care.best4pets.in/fish/albino-blue-angelfish,https://care.best4pets.in/fish/albino-blue-angelfish/care/,https://best4pets.in/products/albino-blue-angelfish-rare,Albino Blue Angelfish *Rare*
RA-FSH-0334,bleeding-heart-tetra,bleeding-heart-tetra,Bleeding Heart Tetra,Tetra/Characin,Characidae,South America,Beginner,Peaceful,Middle,75 L,1.5-2.5 in (4-6 cm),22-27°C,5.5-7.5,Soft-Medium (2-15 dGH),Omnivore,Shoal of 6 or more,3-5 years,,"Bleeding Heart Tetra is a small, active schooling characin that shows its best colour and behaviour in a group. Peaceful and undemanding, it's ideal for planted community aquariums.","Keep in a shoal of at least 6 — lone specimens are shy and washed-out. | Offer a varied diet of quality micro-pellets, flakes and frozen foods. | Best in a planted tank with open swimming space and gentle flow.",aqa-micro-pellet-colour-enhancing,aqa-brineshrimp-flakes,,https://care.best4pets.in/fish/bleeding-heart-tetra,https://care.best4pets.in/fish/bleeding-heart-tetra/care/,https://best4pets.in/products/bleeding-heart-tetra,Bleeding Heart Tetra
RA-FSH-0335,black-corydoras,black-corydoras-super-rare,Black Corydoras,Corydoras,Callichthyidae,South America,Beginner,Peaceful,Bottom,75 L,1-3 in (2.5-8 cm),22-26°C,6.0-7.5,Soft-Medium (2-15 dGH),Omnivore (bottom),Shoal of 6 or more,5-8 years,,"Black Corydoras is a peaceful, sociable bottom-dwelling catfish that shoals and constantly forages. A superb, hardy community cleanup fish that's happiest in a group.",Use smooth sand or rounded gravel to protect their delicate barbels. | Keep 6+ together — Corydoras are highly social and stressed when alone. | Feed sinking foods; don't assume they'll survive on leftovers alone.,aqa-micro-pellet-economy,aqa-brineshrimp-flakes,Use a sinking pellet so this bottom-feeder gets its share.,https://care.best4pets.in/fish/black-corydoras,https://care.best4pets.in/fish/black-corydoras/care/,https://best4pets.in/products/black-corydoras-super-rare,Black Corydoras *Super Rare*
RA-FSH-0336,threadfin-acara,threadfin-acara-2-5inch,Threadfin Acara,SA/CA Cichlid (large),Cichlidae,Central/South America,Intermediate-Advanced,Aggressive,All levels,200-475 L (species-dependent),6-16 in — varies by species,23-28°C,6.5-7.5,Medium (5-20 dGH),Carnivore/Omnivore,Solitary or bonded pair,10-15 years,2 in,"Threadfin Acara is a large, characterful New World cichlid. These fish are intelligent and territorial, needing a big tank, strong filtration and robust decor. Adult size varies widely by species.",Provide a large tank with powerful filtration and secure hardscape. | Territorial and often aggressive — choose tankmates carefully and confirm the species' temperament. | Confirm the exact species' adult size before stocking — some exceed 30 cm.,aqa-cichlid-colour-enhancer,aqa-brineshrimp-flakes,Larger specimens need bigger meaty/pellet foods.,https://care.best4pets.in/fish/threadfin-acara,https://care.best4pets.in/fish/threadfin-acara/care/,https://best4pets.in/products/threadfin-acara-2-5inch,Threadfin Acara 2inch
RA-FSH-0337,albino-heckelii-a-grade,albino-threadfin-acara-1-5inch,Albino Heckelii A GRADE,SA/CA Cichlid (large),Cichlidae,Central/South America,Intermediate-Advanced,Aggressive,All levels,200-475 L (species-dependent),6-16 in — varies by species,23-28°C,6.5-7.5,Medium (5-20 dGH),Carnivore/Omnivore,Solitary or bonded pair,10-15 years,5 in,"Albino Heckelii A GRADE is a large, characterful New World cichlid. These fish are intelligent and territorial, needing a big tank, strong filtration and robust decor. Adult size varies widely by species.",Provide a large tank with powerful filtration and secure hardscape. | Territorial and often aggressive — choose tankmates carefully and confirm the species' temperament. | Confirm the exact species' adult size before stocking — some exceed 30 cm.,aqa-cichlid-colour-enhancer,aqa-brineshrimp-flakes,Larger specimens need bigger meaty/pellet foods.,https://care.best4pets.in/fish/albino-heckelii-a-grade,https://care.best4pets.in/fish/albino-heckelii-a-grade/care/,https://best4pets.in/products/albino-threadfin-acara-1-5inch,"Albino Heckelii 5"" A GRADE (Import)(Short Body)"
RA-FSH-0338,sunset-angelfish,sunset-angelfish-small,Sunset Angelfish,Angelfish,Cichlidae,"Amazon, South America",Intermediate,Semi-aggressive,Middle,115 L (tall),"6 in tall, to 8 in (15-20 cm)",25-29°C,6.0-7.5,Soft-Medium (3-15 dGH),Omnivore,Pairs / small groups,8-10 years,,"Sunset Angelfish is a graceful South American cichlid with a tall body that needs a deep tank. Peaceful for a cichlid, but pairs get territorial when breeding and may eat very small fish.","Use a tall tank to accommodate the fins and body shape. | May eat very small fish (e.g. neon tetras) — choose tankmates by size. | Warm, soft-to-neutral water; pairs become territorial when spawning.",aqa-cichlid-colour-enhancer,aqa-brineshrimp-flakes,,https://care.best4pets.in/fish/sunset-angelfish,https://care.best4pets.in/fish/sunset-angelfish/care/,https://best4pets.in/products/sunset-angelfish-small,Sunset Angelfish Small
RA-FSH-0339,altolamprologus-compressiceps-firefin,altolamprologus-compressiceps-firefin-1-75,Altolamprologus compressiceps firefin,Tanganyikan Cichlid,Cichlidae,"Lake Tanganyika, East Africa",Intermediate,Territorial,All levels,115-200 L (species-dependent),2-14 in — varies by species,24-28°C,7.8-9.0,Hard / Alkaline (10-20 dGH),Carnivore/Omnivore,Colony or pair (species-dependent),8-15 years,2 in,"Altolamprologus compressiceps firefin is a Lake Tanganyika cichlid needing hard, alkaline water. This group ranges from tiny shell-dwellers to large Frontosa, so check the specific species' adult size and setup.","Hard, alkaline water with the right decor — shells for shell-dwellers, rock for others. | Adult size varies enormously across this group — confirm the species before stocking. | Feed appropriately: many are micro-predators; avoid excess for the smaller species.",aqa-cichlid-colour-enhancer,aqa-brineshrimp-flakes,,https://care.best4pets.in/fish/altolamprologus-compressiceps-firefin,https://care.best4pets.in/fish/altolamprologus-compressiceps-firefin/care/,https://best4pets.in/products/altolamprologus-compressiceps-firefin-1-75,"Altolamprologus compressiceps firefin 2"""
RA-FSH-0340,blue-neon-herring-cichlid,blue-neon-herring-cichlid,Blue Neon Herring Cichlid,Tetra/Characin,Characidae,South America,Beginner,Peaceful,Middle,75 L,1.5-2.5 in (4-6 cm),22-27°C,5.5-7.5,Soft-Medium (2-15 dGH),Omnivore,Shoal of 6 or more,3-5 years,4 cm,"Blue Neon Herring Cichlid is a small, active schooling characin that shows its best colour and behaviour in a group. Peaceful and undemanding, it's ideal for planted community aquariums.","Keep in a shoal of at least 6 — lone specimens are shy and washed-out. | Offer a varied diet of quality micro-pellets, flakes and frozen foods. | Best in a planted tank with open swimming space and gentle flow.",aqa-micro-pellet-colour-enhancing,aqa-brineshrimp-flakes,,https://care.best4pets.in/fish/blue-neon-herring-cichlid,https://care.best4pets.in/fish/blue-neon-herring-cichlid/care/,https://best4pets.in/products/blue-neon-herring-cichlid,Blue Neon Herring Cichlid 4cm
RA-FSH-0341,altolamprologus-compressiceps-kabogo,altolamprologus-compressiceps-kabogo,Altolamprologus Compressiceps Kabogo,Tanganyikan Cichlid,Cichlidae,"Lake Tanganyika, East Africa",Intermediate,Territorial,All levels,115-200 L (species-dependent),2-14 in — varies by species,24-28°C,7.8-9.0,Hard / Alkaline (10-20 dGH),Carnivore/Omnivore,Colony or pair (species-dependent),8-15 years,2 in,"Altolamprologus Compressiceps Kabogo is a Lake Tanganyika cichlid needing hard, alkaline water. This group ranges from tiny shell-dwellers to large Frontosa, so check the specific species' adult size and setup.","Hard, alkaline water with the right decor — shells for shell-dwellers, rock for others. | Adult size varies enormously across this group — confirm the species before stocking. | Feed appropriately: many are micro-predators; avoid excess for the smaller species.",aqa-cichlid-colour-enhancer,aqa-brineshrimp-flakes,,https://care.best4pets.in/fish/altolamprologus-compressiceps-kabogo,https://care.best4pets.in/fish/altolamprologus-compressiceps-kabogo/care/,https://best4pets.in/products/altolamprologus-compressiceps-kabogo,Altolamprologus Compressiceps Kabogo 2inch
RA-FSH-0342,buccochromis-rhoadesii-rhoad-cichlid,rhoad-cichlid-2inch,Buccochromis rhoadesii / Rhoad Cichlid,Cichlid (other),Cichlidae,Varies,Intermediate,Semi-aggressive,All levels,150-200 L,4-8 in — varies by species,23-28°C,6.5-8.0,Medium (5-20 dGH),Omnivore,Species-dependent,8-12 years,2 in,Buccochromis rhoadesii / Rhoad Cichlid is a cichlid whose exact requirements depend on its species and region. As a group these fish are territorial and appreciate structured decor and defined territories.,Confirm the species' origin (African rift vs. New World) to set the right water hardness. | Provide territory and broken sight-lines to reduce aggression. | Match tankmates to the species' adult size and temperament.,aqa-cichlid-colour-enhancer,aqa-brineshrimp-flakes,,https://care.best4pets.in/fish/buccochromis-rhoadesii-rhoad-cichlid,https://care.best4pets.in/fish/buccochromis-rhoadesii-rhoad-cichlid/care/,https://best4pets.in/products/rhoad-cichlid-2inch,Buccochromis rhoadesii / Rhoad Cichlid 2inch
RA-FSH-0343,yellow-tail-mbuna,yellow-tail-mbuna,Yellow Tail Mbuna,African Rift Cichlid (Malawi),Cichlidae,"Lake Malawi, East Africa",Intermediate,Aggressive,All levels,200 L,4-6 in (10-15 cm),24-28°C,7.8-8.6,Hard / Alkaline (10-20 dGH),Omnivore,Groups (species-appropriate),8-10 years,2 in,"Yellow Tail Mbuna is a colourful, boldly territorial Lake Malawi cichlid. It needs hard, alkaline water and a rocky, cave-filled aquascape, with stocking planned to spread aggression.","Hard, alkaline water is essential — not for soft-water community tanks. | Build rockwork with many caves; keep them appropriately stocked to diffuse aggression. | Mbuna need veg-based food (avoid excess protein → Malawi bloat); peacocks/haps take more protein.",aqa-cichlid-colour-enhancer,aqa-brineshrimp-flakes,Mbuna are veg-leaning — keep protein moderate to avoid bloat.,https://care.best4pets.in/fish/yellow-tail-mbuna,https://care.best4pets.in/fish/yellow-tail-mbuna/care/,https://best4pets.in/products/yellow-tail-mbuna,Yellow Tail Mbuna 2inch
RA-FSH-0344,brilliant-rummynose,brilliant-rummynose-large,Brilliant Rummynose,Tetra/Characin,Characidae,South America,Beginner,Peaceful,Middle,75 L,1.5-2.5 in (4-6 cm),22-27°C,5.5-7.5,Soft-Medium (2-15 dGH),Omnivore,Shoal of 6 or more,3-5 years,,"Brilliant Rummynose is a small, active schooling characin that shows its best colour and behaviour in a group. Peaceful and undemanding, it's ideal for planted community aquariums.","Keep in a shoal of at least 6 — lone specimens are shy and washed-out. | Offer a varied diet of quality micro-pellets, flakes and frozen foods. | Best in a planted tank with open swimming space and gentle flow.",aqa-micro-pellet-colour-enhancing,aqa-brineshrimp-flakes,,https://care.best4pets.in/fish/brilliant-rummynose,https://care.best4pets.in/fish/brilliant-rummynose/care/,https://best4pets.in/products/brilliant-rummynose-large,Brilliant Rummynose
RA-FSH-0345,blue-neon-cichlid-2,blue-neon-cichlid-import,Blue Neon Cichlid,Tetra/Characin,Characidae,South America,Beginner,Peaceful,Middle,75 L,1.5-2.5 in (4-6 cm),22-27°C,5.5-7.5,Soft-Medium (2-15 dGH),Omnivore,Shoal of 6 or more,3-5 years,4 in,"Blue Neon Cichlid is a small, active schooling characin that shows its best colour and behaviour in a group. Peaceful and undemanding, it's ideal for planted community aquariums.","Keep in a shoal of at least 6 — lone specimens are shy and washed-out. | Offer a varied diet of quality micro-pellets, flakes and frozen foods. | Best in a planted tank with open swimming space and gentle flow.",aqa-micro-pellet-colour-enhancing,aqa-brineshrimp-flakes,,https://care.best4pets.in/fish/blue-neon-cichlid-2,https://care.best4pets.in/fish/blue-neon-cichlid-2/care/,https://best4pets.in/products/blue-neon-cichlid-import,Blue Neon Cichlid 4inch (Import)
RA-FSH-0346,spotted-raphael-talking-catfish,spotted-raphael-talking-catfish1-5,Spotted Raphael Talking Catfish,Catfish (other),Siluriformes,Varies,Intermediate,Peaceful (with care),Bottom,150-475 L (species-dependent),3-24 in — varies by species,22-28°C,6.0-7.8,Soft-Medium (5-15 dGH),Omnivore/Carnivore,Species-dependent,8-15 years,2-2.5 in,"Spotted Raphael Talking Catfish is a catfish whose needs depend heavily on species. Many are nocturnal and appreciate caves; some (e.g. Synodontis) stay moderate while others (shovelnose, redtail) grow very large.",Provide caves and shaded retreats — many catfish are nocturnal. | Confirm the species' adult size before buying; some grow far too large for home tanks. | Feed after lights-out with sinking foods to ensure they get enough.,aqa-micro-pellet-economy,aqa-brineshrimp-flakes,Feed after lights-out; larger/predatory species need meaty foods.,https://care.best4pets.in/fish/spotted-raphael-talking-catfish,https://care.best4pets.in/fish/spotted-raphael-talking-catfish/care/,https://best4pets.in/products/spotted-raphael-talking-catfish1-5,Spotted Raphael Talking Catfish 2-2.5inch
RA-FSH-0347,dwarf-aspidoras-dwarf-catfish,aspidoras-dwarf-catfish-aspidoras-spilotus-super-rare,Dwarf Aspidoras Dwarf Catfish,Catfish (other),Siluriformes,Varies,Intermediate,Peaceful (with care),Bottom,150-475 L (species-dependent),3-24 in — varies by species,22-28°C,6.0-7.8,Soft-Medium (5-15 dGH),Omnivore/Carnivore,Species-dependent,8-15 years,,"Dwarf Aspidoras Dwarf Catfish is a catfish whose needs depend heavily on species. Many are nocturnal and appreciate caves; some (e.g. Synodontis) stay moderate while others (shovelnose, redtail) grow very large.",Provide caves and shaded retreats — many catfish are nocturnal. | Confirm the species' adult size before buying; some grow far too large for home tanks. | Feed after lights-out with sinking foods to ensure they get enough.,aqa-micro-pellet-economy,aqa-brineshrimp-flakes,Feed after lights-out; larger/predatory species need meaty foods.,https://care.best4pets.in/fish/dwarf-aspidoras-dwarf-catfish,https://care.best4pets.in/fish/dwarf-aspidoras-dwarf-catfish/care/,https://best4pets.in/products/aspidoras-dwarf-catfish-aspidoras-spilotus-super-rare,Dwarf Aspidoras Dwarf Catfish (Aspidoras spilotus) **Super Rare**
RA-FSH-0348,featherfin-catfish,featherfin-catfish-1-5,Featherfin Catfish,Catfish (other),Siluriformes,Varies,Intermediate,Peaceful (with care),Bottom,150-475 L (species-dependent),3-24 in — varies by species,22-28°C,6.0-7.8,Soft-Medium (5-15 dGH),Omnivore/Carnivore,Species-dependent,8-15 years,2.5 in,"Featherfin Catfish is a catfish whose needs depend heavily on species. Many are nocturnal and appreciate caves; some (e.g. Synodontis) stay moderate while others (shovelnose, redtail) grow very large.",Provide caves and shaded retreats — many catfish are nocturnal. | Confirm the species' adult size before buying; some grow far too large for home tanks. | Feed after lights-out with sinking foods to ensure they get enough.,aqa-micro-pellet-economy,aqa-brineshrimp-flakes,Feed after lights-out; larger/predatory species need meaty foods.,https://care.best4pets.in/fish/featherfin-catfish,https://care.best4pets.in/fish/featherfin-catfish/care/,https://best4pets.in/products/featherfin-catfish-1-5,"Featherfin Catfish 2.5"""
RA-FSH-0349,lithobates-cichlid,lithobates-cichlid,Lithobates Cichlid,Cichlid (other),Cichlidae,Varies,Intermediate,Semi-aggressive,All levels,150-200 L,4-8 in — varies by species,23-28°C,6.5-8.0,Medium (5-20 dGH),Omnivore,Species-dependent,8-12 years,3 in,Lithobates Cichlid is a cichlid whose exact requirements depend on its species and region. As a group these fish are territorial and appreciate structured decor and defined territories.,Confirm the species' origin (African rift vs. New World) to set the right water hardness. | Provide territory and broken sight-lines to reduce aggression. | Match tankmates to the species' adult size and temperament.,aqa-cichlid-colour-enhancer,aqa-brineshrimp-flakes,,https://care.best4pets.in/fish/lithobates-cichlid,https://care.best4pets.in/fish/lithobates-cichlid/care/,https://best4pets.in/products/lithobates-cichlid,Lithobates Cichlid 3inch Import
RA-FSH-0350,pearl-arowana,pearl-arowana-3-5inch,Pearl Arowana,Oddball/Predator,Various,Varies,Intermediate-Advanced,Aggressive,All levels,950 L,24-36 in (60-90 cm),24-28°C,6.5-7.5,Soft-Medium (5-15 dGH),Carnivore,Solitary or species-dependent,10-20 years,3.5 in,"Pearl Arowana is a specialist 'oddball' predator (such as bichirs, arowana, gar, knifefish or eels). Most grow large and hunt, so the exact species dictates tank size and tankmates.","Use a tight, weighted lid — most oddball predators jump or climb. | Predatory: never house with fish small enough to be swallowed. | Research the exact species — many outgrow standard aquariums dramatically.",aqa-brineshrimp-flakes,,Predatory — feed meaty foods sized to the fish; large species need large prey items.,https://care.best4pets.in/fish/pearl-arowana,https://care.best4pets.in/fish/pearl-arowana/care/,https://best4pets.in/products/pearl-arowana-3-5inch,Pearl Arowana 3.5inch
RA-FSH-0351,albino-senegal,albino-senegal,Albino Senegal,Oddball/Predator,Various,Varies,Intermediate-Advanced,Aggressive,All levels,340 L,12-28 in (30-70 cm),24-28°C,6.5-7.5,Soft-Medium (5-15 dGH),Carnivore,Solitary or species-dependent,10-20 years,5 in,"Albino Senegal is a specialist 'oddball' predator (such as bichirs, arowana, gar, knifefish or eels). Most grow large and hunt, so the exact species dictates tank size and tankmates.","Use a tight, weighted lid — most oddball predators jump or climb. | Predatory: never house with fish small enough to be swallowed. | Research the exact species — many outgrow standard aquariums dramatically.",aqa-brineshrimp-flakes,,Predatory — feed meaty foods sized to the fish; large species need large prey items.,https://care.best4pets.in/fish/albino-senegal,https://care.best4pets.in/fish/albino-senegal/care/,https://best4pets.in/products/albino-senegal,"Albino Senegal 5"""
RA-FSH-0352,endlicheri-senegal,endlicheeri-senegal-3inch,Endlicheri Senegal,Oddball/Predator,Various,Varies,Intermediate-Advanced,Aggressive,All levels,340 L,12-28 in (30-70 cm),24-28°C,6.5-7.5,Soft-Medium (5-15 dGH),Carnivore,Solitary or species-dependent,10-20 years,6 in,"Endlicheri Senegal is a specialist 'oddball' predator (such as bichirs, arowana, gar, knifefish or eels). Most grow large and hunt, so the exact species dictates tank size and tankmates.","Use a tight, weighted lid — most oddball predators jump or climb. | Predatory: never house with fish small enough to be swallowed. | Research the exact species — many outgrow standard aquariums dramatically.",aqa-brineshrimp-flakes,,Predatory — feed meaty foods sized to the fish; large species need large prey items.,https://care.best4pets.in/fish/endlicheri-senegal,https://care.best4pets.in/fish/endlicheri-senegal/care/,https://best4pets.in/products/endlicheeri-senegal-3inch,Endlicheri Senegal 6inch
RA-FSH-0353,channa-stiktos,channa-stiktos,Channa stiktos,Snakehead,Channidae,Asia / Africa,Intermediate-Advanced,Aggressive,All levels,200-475 L (species-dependent),6-40 in — varies hugely by species,22-28°C,6.0-7.5,Soft-Medium (5-15 dGH),Carnivore,Solitary or bonded pair,10-15 years,4 in,"Channa stiktos is a predatory air-breathing snakehead. Species range from ~15 cm dwarves to metre-long giants, so the exact species dictates tank size. All are escape artists and hunters.","A tight, weighted lid is essential — snakeheads are determined jumpers. | Predatory: do not house with fish small enough to be eaten. | Confirm the species' adult size before buying — it ranges from 15 cm to over 1 m.",aqa-brineshrimp-flakes,,Predatory — feed meaty foods sized to the fish.,https://care.best4pets.in/fish/channa-stiktos,https://care.best4pets.in/fish/channa-stiktos/care/,https://best4pets.in/products/channa-stiktos,"Channa stiktos 4""-5inch"
RA-FSH-0354,channa-diplogramma-malabar-snakehead,channa-diplogramma-malabar-snakehead-6inch,Channa diplogramma / Malabar Snakehead,Snakehead,Channidae,Asia / Africa,Intermediate-Advanced,Aggressive,All levels,200-475 L (species-dependent),6-40 in — varies hugely by species,22-28°C,6.0-7.5,Soft-Medium (5-15 dGH),Carnivore,Solitary or bonded pair,10-15 years,4 in,"Channa diplogramma / Malabar Snakehead is a predatory air-breathing snakehead. Species range from ~15 cm dwarves to metre-long giants, so the exact species dictates tank size. All are escape artists and hunters.","A tight, weighted lid is essential — snakeheads are determined jumpers. | Predatory: do not house with fish small enough to be eaten. | Confirm the species' adult size before buying — it ranges from 15 cm to over 1 m.",aqa-brineshrimp-flakes,,Predatory — feed meaty foods sized to the fish.,https://care.best4pets.in/fish/channa-diplogramma-malabar-snakehead,https://care.best4pets.in/fish/channa-diplogramma-malabar-snakehead/care/,https://best4pets.in/products/channa-diplogramma-malabar-snakehead-6inch,Channa diplogramma / Malabar Snakehead 4inch
RA-FSH-0355,diamond-head-neon,diamond-head-neon-small,Diamond Head Neon,Tetra/Characin,Characidae,South America,Beginner,Peaceful,Middle,75 L,1.5-2.5 in (4-6 cm),22-27°C,5.5-7.5,Soft-Medium (2-15 dGH),Omnivore,Shoal of 6 or more,3-5 years,,"Diamond Head Neon is a small, active schooling characin that shows its best colour and behaviour in a group. Peaceful and undemanding, it's ideal for planted community aquariums.","Keep in a shoal of at least 6 — lone specimens are shy and washed-out. | Offer a varied diet of quality micro-pellets, flakes and frozen foods. | Best in a planted tank with open swimming space and gentle flow.",aqa-micro-pellet-colour-enhancing,aqa-brineshrimp-flakes,,https://care.best4pets.in/fish/diamond-head-neon,https://care.best4pets.in/fish/diamond-head-neon/care/,https://best4pets.in/products/diamond-head-neon-small,Diamond Head Neon (Pair)
RA-FSH-0356,gold-ring-danio,gold-ring-danio-2,Gold Ring Danio,Danio/Minnow,Cyprinidae,Asia,Beginner,Peaceful,Top-Middle,75 L,1-2.5 in (2.5-6 cm),18-25°C,6.5-7.5,Soft-Medium (5-15 dGH),Omnivore,Shoal of 6 or more,3-5 years,2 in,"Gold Ring Danio is a hardy, extremely active schooling fish that tolerates cooler water than most tropicals. A great, forgiving choice for community and coldwater-leaning tanks.",Keep a tight-fitting lid — these are energetic jumpers. | Happiest in a shoal of 6+ with long open swimming lanes. | Tolerates cooler room-temperature water; avoid overheating.,aqa-micro-pellet-colour-enhancing,aqa-brineshrimp-flakes,,https://care.best4pets.in/fish/gold-ring-danio,https://care.best4pets.in/fish/gold-ring-danio/care/,https://best4pets.in/products/gold-ring-danio-2,"Gold Ring Danio 2"""
RA-FSH-0357,eureka-red-peacock-3,eureka-red-peacock-3-import,Eureka Red Peacock,African Rift Cichlid (Malawi),Cichlidae,"Lake Malawi, East Africa",Intermediate,Aggressive,All levels,200 L,4-6 in (10-15 cm),24-28°C,7.8-8.6,Hard / Alkaline (10-20 dGH),Omnivore,Groups (species-appropriate),8-10 years,3 in,"Eureka Red Peacock is a colourful, boldly territorial Lake Malawi cichlid. It needs hard, alkaline water and a rocky, cave-filled aquascape, with stocking planned to spread aggression.","Hard, alkaline water is essential — not for soft-water community tanks. | Build rockwork with many caves; keep them appropriately stocked to diffuse aggression. | Mbuna need veg-based food (avoid excess protein → Malawi bloat); peacocks/haps take more protein.",aqa-cichlid-colour-enhancer,aqa-brineshrimp-flakes,Mbuna are veg-leaning — keep protein moderate to avoid bloat.,https://care.best4pets.in/fish/eureka-red-peacock-3,https://care.best4pets.in/fish/eureka-red-peacock-3/care/,https://best4pets.in/products/eureka-red-peacock-3-import,"Eureka Red Peacock 3"" (Import)"
RA-FSH-0358,albino-red-top-cichlid,albino-red-top-cicchlid-3-import,Albino Red Top Cichlid,African Rift Cichlid (Malawi),Cichlidae,"Lake Malawi, East Africa",Intermediate,Aggressive,All levels,200 L,4-6 in (10-15 cm),24-28°C,7.8-8.6,Hard / Alkaline (10-20 dGH),Omnivore,Groups (species-appropriate),8-10 years,2 in,"Albino Red Top Cichlid is a colourful, boldly territorial Lake Malawi cichlid. It needs hard, alkaline water and a rocky, cave-filled aquascape, with stocking planned to spread aggression.","Hard, alkaline water is essential — not for soft-water community tanks. | Build rockwork with many caves; keep them appropriately stocked to diffuse aggression. | Mbuna need veg-based food (avoid excess protein → Malawi bloat); peacocks/haps take more protein.",aqa-cichlid-colour-enhancer,aqa-brineshrimp-flakes,Mbuna are veg-leaning — keep protein moderate to avoid bloat.,https://care.best4pets.in/fish/albino-red-top-cichlid,https://care.best4pets.in/fish/albino-red-top-cichlid/care/,https://best4pets.in/products/albino-red-top-cicchlid-3-import,"Albino Red Top Cichlid 2"""
RA-FSH-0359,electric-blue-cichlid-3,eleectric-blue-cichlid-3-import,Electric Blue Cichlid,African Rift Cichlid (Malawi),Cichlidae,"Lake Malawi, East Africa",Intermediate,Aggressive,All levels,200 L,4-6 in (10-15 cm),24-28°C,7.8-8.6,Hard / Alkaline (10-20 dGH),Omnivore,Groups (species-appropriate),8-10 years,3 in,"Electric Blue Cichlid is a colourful, boldly territorial Lake Malawi cichlid. It needs hard, alkaline water and a rocky, cave-filled aquascape, with stocking planned to spread aggression.","Hard, alkaline water is essential — not for soft-water community tanks. | Build rockwork with many caves; keep them appropriately stocked to diffuse aggression. | Mbuna need veg-based food (avoid excess protein → Malawi bloat); peacocks/haps take more protein.",aqa-cichlid-colour-enhancer,aqa-brineshrimp-flakes,Mbuna are veg-leaning — keep protein moderate to avoid bloat.,https://care.best4pets.in/fish/electric-blue-cichlid-3,https://care.best4pets.in/fish/electric-blue-cichlid-3/care/,https://best4pets.in/products/eleectric-blue-cichlid-3-import,"Electric Blue Cichlid 3"" (Import)"
RA-FSH-0360,red-kodango-cichlid-3,red-kodango-cichlid-3-import,Red kodango Cichlid,African Rift Cichlid (Malawi),Cichlidae,"Lake Malawi, East Africa",Intermediate,Aggressive,All levels,200 L,4-6 in (10-15 cm),24-28°C,7.8-8.6,Hard / Alkaline (10-20 dGH),Omnivore,Groups (species-appropriate),8-10 years,3 in,"Red kodango Cichlid is a colourful, boldly territorial Lake Malawi cichlid. It needs hard, alkaline water and a rocky, cave-filled aquascape, with stocking planned to spread aggression.","Hard, alkaline water is essential — not for soft-water community tanks. | Build rockwork with many caves; keep them appropriately stocked to diffuse aggression. | Mbuna need veg-based food (avoid excess protein → Malawi bloat); peacocks/haps take more protein.",aqa-cichlid-colour-enhancer,aqa-brineshrimp-flakes,Mbuna are veg-leaning — keep protein moderate to avoid bloat.,https://care.best4pets.in/fish/red-kodango-cichlid-3,https://care.best4pets.in/fish/red-kodango-cichlid-3/care/,https://best4pets.in/products/red-kodango-cichlid-3-import,"Red kodango Cichlid 3"" (Import)"
RA-FSH-0361,yellow-sunshine-peacock-2,yellow-sunshine-peacock-3-import,Yellow Sunshine Peacock,African Rift Cichlid (Malawi),Cichlidae,"Lake Malawi, East Africa",Intermediate,Aggressive,All levels,200 L,4-6 in (10-15 cm),24-28°C,7.8-8.6,Hard / Alkaline (10-20 dGH),Omnivore,Groups (species-appropriate),8-10 years,3 in,"Yellow Sunshine Peacock is a colourful, boldly territorial Lake Malawi cichlid. It needs hard, alkaline water and a rocky, cave-filled aquascape, with stocking planned to spread aggression.","Hard, alkaline water is essential — not for soft-water community tanks. | Build rockwork with many caves; keep them appropriately stocked to diffuse aggression. | Mbuna need veg-based food (avoid excess protein → Malawi bloat); peacocks/haps take more protein.",aqa-cichlid-colour-enhancer,aqa-brineshrimp-flakes,Mbuna are veg-leaning — keep protein moderate to avoid bloat.,https://care.best4pets.in/fish/yellow-sunshine-peacock-2,https://care.best4pets.in/fish/yellow-sunshine-peacock-2/care/,https://best4pets.in/products/yellow-sunshine-peacock-3-import,"Yellow Sunshine Peacock 3"""
RA-FSH-0362,red-tail-dumbo-ear-guppy-pair,red-tail-dumbo-ear-guppy-pair,Red Tail Dumbo Ear Guppy Pair,Betta,Osphronemidae,Southeast Asia,Beginner,Aggressive,Top-Middle,20 L,2.5-3 in (6-8 cm),24-28°C,6.0-7.5,Soft-Medium (2-15 dGH),Carnivore,Solitary (one male per tank),3-5 years,,"Red Tail Dumbo Ear Guppy Pair is a labyrinth fish that breathes air from the surface. Males are beautiful but territorial and must be kept one to a tank; they prefer warm, still water.","One male per tank — males fight, sometimes to the death. | Warm, stable water and gentle flow (strong currents stress them). | Carnivore: feed betta pellets plus frozen bloodworms/brine shrimp.",aqa-micro-pellet-colour-enhancing,aqa-brineshrimp-flakes,,https://care.best4pets.in/fish/red-tail-dumbo-ear-guppy-pair,https://care.best4pets.in/fish/red-tail-dumbo-ear-guppy-pair/care/,https://best4pets.in/products/red-tail-dumbo-ear-guppy-pair,Red Tail Dumbo Ear Guppy Pair
RA-FSH-0363,badis-assamensis,badis-assamensis-xl,Badis assamensis,Badis/Dario,Badidae,Asia,Intermediate,Peaceful (with care),Bottom-Middle,40-75 L,0.8-3 in (2-8 cm),22-26°C,6.5-7.5,Soft-Medium (5-15 dGH),Carnivore (micro),Pairs / harem,3-5 years,,"Badis assamensis is a small, shy micro-predator (such as the scarlet badis). It often refuses dry food, needs gentle tankmates and dense cover, and rewards patience with jewel-like colour.","Feed small live/frozen foods — most refuse flakes and pellets. | Keep with calm, small tankmates; boisterous fish outcompete them. | Provide dense planting and cover so this shy fish feels secure.",aqa-brineshrimp-flakes,,Usually needs live/frozen micro-foods — may refuse dry food.,https://care.best4pets.in/fish/badis-assamensis,https://care.best4pets.in/fish/badis-assamensis/care/,https://best4pets.in/products/badis-assamensis-xl,Badis assamensis
RA-FSH-0364,blue-angelfish,jumbo-blue-angelfish,Blue Angelfish,Angelfish,Cichlidae,"Amazon, South America",Intermediate,Semi-aggressive,Middle,115 L (tall),"6 in tall, to 8 in (15-20 cm)",25-29°C,6.0-7.5,Soft-Medium (3-15 dGH),Omnivore,Pairs / small groups,8-10 years,,"Blue Angelfish is a graceful South American cichlid with a tall body that needs a deep tank. Peaceful for a cichlid, but pairs get territorial when breeding and may eat very small fish.","Use a tall tank to accommodate the fins and body shape. | May eat very small fish (e.g. neon tetras) — choose tankmates by size. | Warm, soft-to-neutral water; pairs become territorial when spawning.",aqa-cichlid-colour-enhancer,aqa-brineshrimp-flakes,,https://care.best4pets.in/fish/blue-angelfish,https://care.best4pets.in/fish/blue-angelfish/care/,https://best4pets.in/products/jumbo-blue-angelfish,Jumbo Blue Angelfish
RA-FSH-0365,red-koi-ghost-angelfish,koi-ghost-angelfish-large-1,Red Koi Ghost Angelfish,Koi,Cyprinidae (pond),Selectively bred (Japan),Intermediate,Peaceful,All levels,"Pond, 950+ L",24-36 in (60-90 cm),15-25°C,7.0-8.5,Medium-Hard (8-20 dGH),Omnivore,Groups,20-30+ years,,"Red Koi Ghost Angelfish is a pond fish, not an aquarium fish — it reaches 60-90 cm and lives for decades. It needs a large pond with powerful filtration and aeration.",A POND fish: an aquarium is only suitable for short-term grow-out. | Plan for a very large adult size and heavy filtration. | Tolerates cool water well; feed less as temperatures drop.,aqa-micro-pellet-economy,,Use a pond staple sized to the fish; add vegetable matter.,https://care.best4pets.in/fish/red-koi-ghost-angelfish,https://care.best4pets.in/fish/red-koi-ghost-angelfish/care/,https://best4pets.in/products/koi-ghost-angelfish-large-1,Red Koi Ghost Angelfish XL (Pair)
RA-FSH-0366,polka-dot-loach,polka-dot-loach-super-rare,Polka Dot Loach,Loach,Cobitidae / Botiidae,Asia,Beginner-Intermediate,Peaceful (with care),Bottom,115-280 L (species-dependent),2-12 in — varies by species,24-28°C,6.0-7.5,Soft-Medium (3-15 dGH),Omnivore,Groups of 5 or more,10-15 years,,Polka Dot Loach is a social bottom-dwelling loach that does best in groups and appreciates smooth substrate and hiding spots. Some stay small; clown loaches grow large and long-lived.,Keep in groups of 5+ — loaches are social and pine when kept singly. | Use smooth substrate and provide caves/tunnels for security. | Many relish snails; confirm adult size (clown loach reaches ~30 cm).,aqa-micro-pellet-economy,aqa-brineshrimp-flakes,Use a sinking food; many also relish snails.,https://care.best4pets.in/fish/polka-dot-loach,https://care.best4pets.in/fish/polka-dot-loach/care/,https://best4pets.in/products/polka-dot-loach-super-rare,Polka Dot Loach *Super Rare*
RA-FSH-0367,serpent-loach,serpent-loach-super-rare,Serpent Loach,Loach,Cobitidae / Botiidae,Asia,Beginner-Intermediate,Peaceful (with care),Bottom,115-280 L (species-dependent),2-12 in — varies by species,24-28°C,6.0-7.5,Soft-Medium (3-15 dGH),Omnivore,Groups of 5 or more,10-15 years,,Serpent Loach is a social bottom-dwelling loach that does best in groups and appreciates smooth substrate and hiding spots. Some stay small; clown loaches grow large and long-lived.,Keep in groups of 5+ — loaches are social and pine when kept singly. | Use smooth substrate and provide caves/tunnels for security. | Many relish snails; confirm adult size (clown loach reaches ~30 cm).,aqa-micro-pellet-economy,aqa-brineshrimp-flakes,Use a sinking food; many also relish snails.,https://care.best4pets.in/fish/serpent-loach,https://care.best4pets.in/fish/serpent-loach/care/,https://best4pets.in/products/serpent-loach-super-rare,Serpent Loach *Super Rare*
RA-FSH-0368,indonesian-dragon-micro-goby,indonesian-dragon-micro-goby-rare,Indonesian Dragon Micro Goby,Goby,Gobiidae,Varies,Intermediate,Peaceful (with care),Bottom,40-75 L,1-3 in (2.5-8 cm),22-26°C,7.0-8.0,Medium-Hard (8-15 dGH),Carnivore,Pairs or single,3-5 years,,"Indonesian Dragon Micro Goby is a small bottom goby, often territorial over a favourite cave. Some are strictly freshwater grazers while others (e.g. bumblebee gobies) prefer brackish water — check the species.",Confirm freshwater vs. brackish needs for the exact species. | Offer small live/frozen foods; many ignore dry flake. | Provide caves/territories — gobies defend a small patch.,aqa-brineshrimp-flakes,,Offer small live/frozen foods; many ignore flake.,https://care.best4pets.in/fish/indonesian-dragon-micro-goby,https://care.best4pets.in/fish/indonesian-dragon-micro-goby/care/,https://best4pets.in/products/indonesian-dragon-micro-goby-rare,Indonesian Dragon Micro Goby *Rare*
RA-FSH-0369,albino-congo-tetra,albino-congo-tetra-l,Albino Congo Tetra,Tetra/Characin,Characidae,South America,Beginner,Peaceful,Middle,75 L,1.5-2.5 in (4-6 cm),22-27°C,5.5-7.5,Soft-Medium (2-15 dGH),Omnivore,Shoal of 6 or more,3-5 years,1.5 in,"Albino Congo Tetra is a small, active schooling characin that shows its best colour and behaviour in a group. Peaceful and undemanding, it's ideal for planted community aquariums.","Keep in a shoal of at least 6 — lone specimens are shy and washed-out. | Offer a varied diet of quality micro-pellets, flakes and frozen foods. | Best in a planted tank with open swimming space and gentle flow.",aqa-micro-pellet-colour-enhancing,aqa-brineshrimp-flakes,,https://care.best4pets.in/fish/albino-congo-tetra,https://care.best4pets.in/fish/albino-congo-tetra/care/,https://best4pets.in/products/albino-congo-tetra-l,"Albino Congo Tetra 1.5"" (Pair)"
RA-FSH-0370,similis-cory,similis-cory,Similis Cory,Tanganyikan Cichlid,Cichlidae,"Lake Tanganyika, East Africa",Intermediate,Territorial,All levels,75 L,1.5-2.5 in (4-6 cm),24-28°C,7.8-9.0,Hard / Alkaline (10-20 dGH),Carnivore/Omnivore,Colony or pair (species-dependent),8-15 years,,"Similis Cory is a Lake Tanganyika cichlid needing hard, alkaline water. This group ranges from tiny shell-dwellers to large Frontosa, so check the specific species' adult size and setup.","Hard, alkaline water with the right decor — shells for shell-dwellers, rock for others. | Adult size varies enormously across this group — confirm the species before stocking. | Feed appropriately: many are micro-predators; avoid excess for the smaller species.",aqa-cichlid-colour-enhancer,aqa-brineshrimp-flakes,,https://care.best4pets.in/fish/similis-cory,https://care.best4pets.in/fish/similis-cory/care/,https://best4pets.in/products/similis-cory,Similis Cory (Pair)
RA-FSH-0371,leopard-cory,leopard-cory,Leopard Cory,Corydoras,Callichthyidae,South America,Beginner,Peaceful,Bottom,75 L,1-3 in (2.5-8 cm),22-26°C,6.0-7.5,Soft-Medium (2-15 dGH),Omnivore (bottom),Shoal of 6 or more,5-8 years,,"Leopard Cory is a peaceful, sociable bottom-dwelling catfish that shoals and constantly forages. A superb, hardy community cleanup fish that's happiest in a group.",Use smooth sand or rounded gravel to protect their delicate barbels. | Keep 6+ together — Corydoras are highly social and stressed when alone. | Feed sinking foods; don't assume they'll survive on leftovers alone.,aqa-micro-pellet-economy,aqa-brineshrimp-flakes,Use a sinking pellet so this bottom-feeder gets its share.,https://care.best4pets.in/fish/leopard-cory,https://care.best4pets.in/fish/leopard-cory/care/,https://best4pets.in/products/leopard-cory,Leopard Cory
RA-FSH-0372,cuckoo-catfish,cuckoo-catfish-wild-rare,Cuckoo Catfish,Catfish (other),Siluriformes,Varies,Intermediate,Peaceful (with care),Bottom,150-475 L (species-dependent),3-24 in — varies by species,22-28°C,6.0-7.8,Soft-Medium (5-15 dGH),Omnivore/Carnivore,Species-dependent,8-15 years,,"Cuckoo Catfish is a catfish whose needs depend heavily on species. Many are nocturnal and appreciate caves; some (e.g. Synodontis) stay moderate while others (shovelnose, redtail) grow very large.",Provide caves and shaded retreats — many catfish are nocturnal. | Confirm the species' adult size before buying; some grow far too large for home tanks. | Feed after lights-out with sinking foods to ensure they get enough.,aqa-micro-pellet-economy,aqa-brineshrimp-flakes,Feed after lights-out; larger/predatory species need meaty foods.,https://care.best4pets.in/fish/cuckoo-catfish,https://care.best4pets.in/fish/cuckoo-catfish/care/,https://best4pets.in/products/cuckoo-catfish-wild-rare,Cuckoo Catfish Wild *Rare*
RA-FSH-0373,flag-tail-alligator,flag-tail-alligator,Flag Tail Alligator,Oddball/Predator,Various,Varies,Intermediate-Advanced,Aggressive,All levels,280-1140+ L (species-dependent),6-48 in — varies hugely by species,24-28°C,6.5-7.5,Soft-Medium (5-15 dGH),Carnivore,Solitary or species-dependent,10-20 years,,"Flag Tail Alligator is a specialist 'oddball' predator (such as bichirs, arowana, gar, knifefish or eels). Most grow large and hunt, so the exact species dictates tank size and tankmates.","Use a tight, weighted lid — most oddball predators jump or climb. | Predatory: never house with fish small enough to be swallowed. | Research the exact species — many outgrow standard aquariums dramatically.",aqa-brineshrimp-flakes,,Predatory — feed meaty foods sized to the fish; large species need large prey items.,https://care.best4pets.in/fish/flag-tail-alligator,https://care.best4pets.in/fish/flag-tail-alligator/care/,https://best4pets.in/products/flag-tail-alligator,Flag Tail Alligator
RA-FSH-0374,veil-tail-cherry-barb,veil-tail-cherry-barb,Veil Tail Cherry barb,Goldfish,Cyprinidae (coldwater),Selectively bred (China),Beginner-Intermediate,Peaceful,All levels,75-115 L per fish,6-8 in fancy (15-20 cm),18-24°C,7.0-8.4,Medium-Hard (8-20 dGH),Omnivore,Groups,10-15+ years,,"Veil Tail Cherry barb is a hardy coldwater fish that needs no heater but produces a heavy bioload, so strong filtration and space are essential. A long-lived, personable pet.",Coldwater fish — no heater needed; keep below ~24°C. | Big bioload: over-filter and do generous water changes. | Feed sinking foods to fancy types to reduce swim-bladder/buoyancy issues.,aqa-micro-pellet-economy,,Feed a sinking staple plus vegetable matter; avoid overfeeding.,https://care.best4pets.in/fish/veil-tail-cherry-barb,https://care.best4pets.in/fish/veil-tail-cherry-barb/care/,https://best4pets.in/products/veil-tail-cherry-barb,Veil Tail Cherry barb
RA-FSH-0375,marble-hatchetfish,marble-hatchetfish,Marble Hatchetfish,Pencilfish/Hatchet,Lebiasinidae / Gasteropelecidae,South America,Intermediate,Peaceful,Top,75 L,1-2.5 in (2.5-6 cm),23-28°C,5.5-7.0,Soft (2-10 dGH),Carnivore (micro/surface),Shoal of 6 or more,3-5 years,,"Marble Hatchetfish is a peaceful surface-oriented shoaler. Pencilfish and hatchets take small foods from the top and need calm water, cover and — for hatchets especially — a secure lid.","Keep a tight-fitting lid — hatchetfish are champion jumpers. | Offer small floating/surface foods and frozen micro-foods. | Soft water, gentle flow and a shoal of 6+ keep them settled.",aqa-micro-pellet-colour-enhancing,aqa-brineshrimp-flakes,Feed small surface/floating foods.,https://care.best4pets.in/fish/marble-hatchetfish,https://care.best4pets.in/fish/marble-hatchetfish/care/,https://best4pets.in/products/marble-hatchetfish,Marble Hatchetfish
RA-FSH-0376,silver-hatchetfish,silver-hatchetfish,Silver Hatchetfish,Pencilfish/Hatchet,Lebiasinidae / Gasteropelecidae,South America,Intermediate,Peaceful,Top,75 L,1-2.5 in (2.5-6 cm),23-28°C,5.5-7.0,Soft (2-10 dGH),Carnivore (micro/surface),Shoal of 6 or more,3-5 years,,"Silver Hatchetfish is a peaceful surface-oriented shoaler. Pencilfish and hatchets take small foods from the top and need calm water, cover and — for hatchets especially — a secure lid.","Keep a tight-fitting lid — hatchetfish are champion jumpers. | Offer small floating/surface foods and frozen micro-foods. | Soft water, gentle flow and a shoal of 6+ keep them settled.",aqa-micro-pellet-colour-enhancing,aqa-brineshrimp-flakes,Feed small surface/floating foods.,https://care.best4pets.in/fish/silver-hatchetfish,https://care.best4pets.in/fish/silver-hatchetfish/care/,https://best4pets.in/products/silver-hatchetfish,Silver Hatchetfish
RA-FSH-0377,brilliant-hatchet,brilliant-hatchet,Brilliant Hatchet,Pencilfish/Hatchet,Lebiasinidae / Gasteropelecidae,South America,Intermediate,Peaceful,Top,75 L,1-2.5 in (2.5-6 cm),23-28°C,5.5-7.0,Soft (2-10 dGH),Carnivore (micro/surface),Shoal of 6 or more,3-5 years,,"Brilliant Hatchet is a peaceful surface-oriented shoaler. Pencilfish and hatchets take small foods from the top and need calm water, cover and — for hatchets especially — a secure lid.","Keep a tight-fitting lid — hatchetfish are champion jumpers. | Offer small floating/surface foods and frozen micro-foods. | Soft water, gentle flow and a shoal of 6+ keep them settled.",aqa-micro-pellet-colour-enhancing,aqa-brineshrimp-flakes,Feed small surface/floating foods.,https://care.best4pets.in/fish/brilliant-hatchet,https://care.best4pets.in/fish/brilliant-hatchet/care/,https://best4pets.in/products/brilliant-hatchet,Brilliant Hatchet (Pair)
RA-FSH-0378,tangerine-lyretail-swordtail,tangerine-lyretail-swordtail,Tangerine Lyretail Swordtail,Molly/Platy/Swordtail,Poeciliidae,Central America (livebearer),Beginner,Peaceful,Middle,75-115 L,2-5 in (5-13 cm),22-28°C,7.0-8.2,Medium-Hard (10-25 dGH),Omnivore (veg-leaning),Groups,3-5 years,,"Tangerine Lyretail Swordtail is a hardy, peaceful livebearer that does best in hard, alkaline water with plenty of vegetable matter in its diet. An easy, active community fish.","Hard, alkaline water keeps these livebearers healthiest (mollies especially). | Include algae/veg-based foods — blanched vegetables and spirulina. | Keep in groups; expect regular broods of live young.",aqa-micro-pellet-colour-enhancing,aqa-brineshrimp-flakes,Add algae/vegetable matter for this veg-leaning livebearer.,https://care.best4pets.in/fish/tangerine-lyretail-swordtail,https://care.best4pets.in/fish/tangerine-lyretail-swordtail/care/,https://best4pets.in/products/tangerine-lyretail-swordtail,Tangerine Lyretail Swordtail (Pair)
RA-FSH-0379,ob-malawi-eye-biter-2,ob-malawi-eye-biter-2-5inch,OB Malawi Eye Biter,African Rift Cichlid (Malawi),Cichlidae,"Lake Malawi, East Africa",Intermediate,Aggressive,All levels,200 L,4-6 in (10-15 cm),24-28°C,7.8-8.6,Hard / Alkaline (10-20 dGH),Omnivore,Groups (species-appropriate),8-10 years,4 in,"OB Malawi Eye Biter is a colourful, boldly territorial Lake Malawi cichlid. It needs hard, alkaline water and a rocky, cave-filled aquascape, with stocking planned to spread aggression.","Hard, alkaline water is essential — not for soft-water community tanks. | Build rockwork with many caves; keep them appropriately stocked to diffuse aggression. | Mbuna need veg-based food (avoid excess protein → Malawi bloat); peacocks/haps take more protein.",aqa-cichlid-colour-enhancer,aqa-brineshrimp-flakes,Mbuna are veg-leaning — keep protein moderate to avoid bloat.,https://care.best4pets.in/fish/ob-malawi-eye-biter-2,https://care.best4pets.in/fish/ob-malawi-eye-biter-2/care/,https://best4pets.in/products/ob-malawi-eye-biter-2-5inch,OB Malawi Eye Biter 4inch
RA-FSH-0380,peacock-gudgeon,peacock-gudgeon-tateurndina-ocellicauda,Peacock Gudgeon,African Rift Cichlid (Malawi),Cichlidae,"Lake Malawi, East Africa",Intermediate,Aggressive,All levels,200 L,4-6 in (10-15 cm),24-28°C,7.8-8.6,Hard / Alkaline (10-20 dGH),Omnivore,Groups (species-appropriate),8-10 years,,"Peacock Gudgeon is a colourful, boldly territorial Lake Malawi cichlid. It needs hard, alkaline water and a rocky, cave-filled aquascape, with stocking planned to spread aggression.","Hard, alkaline water is essential — not for soft-water community tanks. | Build rockwork with many caves; keep them appropriately stocked to diffuse aggression. | Mbuna need veg-based food (avoid excess protein → Malawi bloat); peacocks/haps take more protein.",aqa-cichlid-colour-enhancer,aqa-brineshrimp-flakes,Mbuna are veg-leaning — keep protein moderate to avoid bloat.,https://care.best4pets.in/fish/peacock-gudgeon,https://care.best4pets.in/fish/peacock-gudgeon/care/,https://best4pets.in/products/peacock-gudgeon-tateurndina-ocellicauda,Peacock Gudgeon (Pair)
RA-FSH-0381,black-emperor-tetra,black-emperor-twtra,Black Emperor Tetra,Tetra/Characin,Characidae,South America,Beginner,Peaceful,Middle,75 L,1.5-2.5 in (4-6 cm),22-27°C,5.5-7.5,Soft-Medium (2-15 dGH),Omnivore,Shoal of 6 or more,3-5 years,,"Black Emperor Tetra is a small, active schooling characin that shows its best colour and behaviour in a group. Peaceful and undemanding, it's ideal for planted community aquariums.","Keep in a shoal of at least 6 — lone specimens are shy and washed-out. | Offer a varied diet of quality micro-pellets, flakes and frozen foods. | Best in a planted tank with open swimming space and gentle flow.",aqa-micro-pellet-colour-enhancing,aqa-brineshrimp-flakes,,https://care.best4pets.in/fish/black-emperor-tetra,https://care.best4pets.in/fish/black-emperor-tetra/care/,https://best4pets.in/products/black-emperor-twtra,Black Emperor Tetra (Pair)
RA-FSH-0382,yoyo-loach,yoyo-loach,Yoyo Loach,Loach,Cobitidae / Botiidae,Asia,Beginner-Intermediate,Peaceful (with care),Bottom,115-280 L (species-dependent),2-12 in — varies by species,24-28°C,6.0-7.5,Soft-Medium (3-15 dGH),Omnivore,Groups of 5 or more,10-15 years,,Yoyo Loach is a social bottom-dwelling loach that does best in groups and appreciates smooth substrate and hiding spots. Some stay small; clown loaches grow large and long-lived.,Keep in groups of 5+ — loaches are social and pine when kept singly. | Use smooth substrate and provide caves/tunnels for security. | Many relish snails; confirm adult size (clown loach reaches ~30 cm).,aqa-micro-pellet-economy,aqa-brineshrimp-flakes,Use a sinking food; many also relish snails.,https://care.best4pets.in/fish/yoyo-loach,https://care.best4pets.in/fish/yoyo-loach/care/,https://best4pets.in/products/yoyo-loach,Yoyo Loach (Pair)
RA-FSH-0383,strawberry-rasbora,strawberry-rasbora,Strawberry Rasbora,Rasbora,Cyprinidae,Southeast Asia,Beginner,Peaceful,Middle,40-75 L,0.75-2 in (2-5 cm),23-27°C,5.5-7.0,Soft-Medium (2-12 dGH),Omnivore,Shoal of 8 or more,3-5 years,,Strawberry Rasbora is a peaceful nano cyprinid that shoals tightly and suits planted and nano aquascapes. Its small size and calm nature make it a community favourite.,"Keep 8+ together for a confident, colourful shoal. | Soft, slightly acidic water and planted cover bring out the best colour. | Feed small foods — micro-pellets, crushed flake and frozen daphnia/cyclops.",aqa-micro-pellet-colour-enhancing,aqa-brineshrimp-flakes,,https://care.best4pets.in/fish/strawberry-rasbora,https://care.best4pets.in/fish/strawberry-rasbora/care/,https://best4pets.in/products/strawberry-rasbora,Strawberry Rasbora (Pair)
RA-FSH-0384,striped-raphael-catfish,striped-raphael-catfish,Striped Raphael Catfish,Catfish (other),Siluriformes,Varies,Intermediate,Peaceful (with care),Bottom,150-475 L (species-dependent),3-24 in — varies by species,22-28°C,6.0-7.8,Soft-Medium (5-15 dGH),Omnivore/Carnivore,Species-dependent,8-15 years,,"Striped Raphael Catfish is a catfish whose needs depend heavily on species. Many are nocturnal and appreciate caves; some (e.g. Synodontis) stay moderate while others (shovelnose, redtail) grow very large.",Provide caves and shaded retreats — many catfish are nocturnal. | Confirm the species' adult size before buying; some grow far too large for home tanks. | Feed after lights-out with sinking foods to ensure they get enough.,aqa-micro-pellet-economy,aqa-brineshrimp-flakes,Feed after lights-out; larger/predatory species need meaty foods.,https://care.best4pets.in/fish/striped-raphael-catfish,https://care.best4pets.in/fish/striped-raphael-catfish/care/,https://best4pets.in/products/striped-raphael-catfish,Striped Raphael Catfish
RA-FSH-0385,bumble-bee-goby-freshwater,bumble-bee-goby,Bumble Bee Goby Freshwater,Goby,Gobiidae,Varies,Intermediate,Peaceful (with care),Bottom,40-75 L,1-3 in (2.5-8 cm),22-26°C,7.0-8.0,Medium-Hard (8-15 dGH),Carnivore,Pairs or single,3-5 years,,"Bumble Bee Goby Freshwater is a small bottom goby, often territorial over a favourite cave. Some are strictly freshwater grazers while others (e.g. bumblebee gobies) prefer brackish water — check the species.",Confirm freshwater vs. brackish needs for the exact species. | Offer small live/frozen foods; many ignore dry flake. | Provide caves/territories — gobies defend a small patch.,aqa-brineshrimp-flakes,,Offer small live/frozen foods; many ignore flake.,https://care.best4pets.in/fish/bumble-bee-goby-freshwater,https://care.best4pets.in/fish/bumble-bee-goby-freshwater/care/,https://best4pets.in/products/bumble-bee-goby,Bumble Bee Goby Freshwater (Pair)
RA-FSH-0386,papuan-red-goby,papuan-red-goby,Papuan Red Goby,Goby,Gobiidae,Varies,Intermediate,Peaceful (with care),Bottom,40-75 L,1-3 in (2.5-8 cm),22-26°C,7.0-8.0,Medium-Hard (8-15 dGH),Carnivore,Pairs or single,3-5 years,,"Papuan Red Goby is a small bottom goby, often territorial over a favourite cave. Some are strictly freshwater grazers while others (e.g. bumblebee gobies) prefer brackish water — check the species.",Confirm freshwater vs. brackish needs for the exact species. | Offer small live/frozen foods; many ignore dry flake. | Provide caves/territories — gobies defend a small patch.,aqa-brineshrimp-flakes,,Offer small live/frozen foods; many ignore flake.,https://care.best4pets.in/fish/papuan-red-goby,https://care.best4pets.in/fish/papuan-red-goby/care/,https://best4pets.in/products/papuan-red-goby,Papuan Red Goby
RA-FSH-0387,hengeli-rasbora,hengeli-rasbora,Hengeli Rasbora,Rasbora,Cyprinidae,Southeast Asia,Beginner,Peaceful,Middle,40-75 L,0.75-2 in (2-5 cm),23-27°C,5.5-7.0,Soft-Medium (2-12 dGH),Omnivore,Shoal of 8 or more,3-5 years,,Hengeli Rasbora is a peaceful nano cyprinid that shoals tightly and suits planted and nano aquascapes. Its small size and calm nature make it a community favourite.,"Keep 8+ together for a confident, colourful shoal. | Soft, slightly acidic water and planted cover bring out the best colour. | Feed small foods — micro-pellets, crushed flake and frozen daphnia/cyclops.",aqa-micro-pellet-colour-enhancing,aqa-brineshrimp-flakes,,https://care.best4pets.in/fish/hengeli-rasbora,https://care.best4pets.in/fish/hengeli-rasbora/care/,https://best4pets.in/products/hengeli-rasbora,Hengeli Rasbora (Pair)
RA-FSH-0388,yellow-tail-congo-tetra,yellow-tail-congo-tetra,Yellow-Tail Congo Tetra,Tetra/Characin,Characidae,South America,Beginner,Peaceful,Middle,75 L,1.5-2.5 in (4-6 cm),22-27°C,5.5-7.5,Soft-Medium (2-15 dGH),Omnivore,Shoal of 6 or more,3-5 years,,"Yellow-Tail Congo Tetra is a small, active schooling characin that shows its best colour and behaviour in a group. Peaceful and undemanding, it's ideal for planted community aquariums.","Keep in a shoal of at least 6 — lone specimens are shy and washed-out. | Offer a varied diet of quality micro-pellets, flakes and frozen foods. | Best in a planted tank with open swimming space and gentle flow.",aqa-micro-pellet-colour-enhancing,aqa-brineshrimp-flakes,,https://care.best4pets.in/fish/yellow-tail-congo-tetra,https://care.best4pets.in/fish/yellow-tail-congo-tetra/care/,https://best4pets.in/products/yellow-tail-congo-tetra,Yellow-Tail Congo Tetra
RA-FSH-0389,moonlight-gourami,moonlight-gourami,Moonlight Gourami,Gourami/Anabantid,Osphronemidae,Southeast Asia,Beginner-Intermediate,Peaceful (with care),Top-Middle,75-115 L,2-6 in (5-15 cm),23-28°C,6.0-7.5,Soft-Medium (4-15 dGH),Omnivore,Pairs or single,3-5 years,,"Moonlight Gourami is a labyrinth fish that gulps air at the surface and appreciates calm water. Generally peaceful, though males can be territorial with their own kind.","Keep calm water with surface access for air-breathing. | Avoid keeping multiple males in a small tank — they turn territorial. | Provide floating plants and gentle flow for a secure, settled fish.",aqa-micro-pellet-colour-enhancing,aqa-brineshrimp-flakes,,https://care.best4pets.in/fish/moonlight-gourami,https://care.best4pets.in/fish/moonlight-gourami/care/,https://best4pets.in/products/moonlight-gourami,Moonlight Gourami
RA-FSH-0390,purple-harlequin-rasbora,purple-harlequin-rasbora,Purple Harlequin Rasbora,Rasbora,Cyprinidae,Southeast Asia,Beginner,Peaceful,Middle,40-75 L,0.75-2 in (2-5 cm),23-27°C,5.5-7.0,Soft-Medium (2-12 dGH),Omnivore,Shoal of 8 or more,3-5 years,,Purple Harlequin Rasbora is a peaceful nano cyprinid that shoals tightly and suits planted and nano aquascapes. Its small size and calm nature make it a community favourite.,"Keep 8+ together for a confident, colourful shoal. | Soft, slightly acidic water and planted cover bring out the best colour. | Feed small foods — micro-pellets, crushed flake and frozen daphnia/cyclops.",aqa-micro-pellet-colour-enhancing,aqa-brineshrimp-flakes,,https://care.best4pets.in/fish/purple-harlequin-rasbora,https://care.best4pets.in/fish/purple-harlequin-rasbora/care/,https://best4pets.in/products/purple-harlequin-rasbora,Purple Harlequin Rasbora (Pair)
RA-FSH-0391,blue-banded-trout,blue-banded-trout,Blue Banded Trout,Oddball/Predator,Various,Varies,Intermediate-Advanced,Aggressive,All levels,280-1140+ L (species-dependent),6-48 in — varies hugely by species,24-28°C,6.5-7.5,Soft-Medium (5-15 dGH),Carnivore,Solitary or species-dependent,10-20 years,2 in,"Blue Banded Trout is a specialist 'oddball' predator (such as bichirs, arowana, gar, knifefish or eels). Most grow large and hunt, so the exact species dictates tank size and tankmates.","Use a tight, weighted lid — most oddball predators jump or climb. | Predatory: never house with fish small enough to be swallowed. | Research the exact species — many outgrow standard aquariums dramatically.",aqa-brineshrimp-flakes,,Predatory — feed meaty foods sized to the fish; large species need large prey items.,https://care.best4pets.in/fish/blue-banded-trout,https://care.best4pets.in/fish/blue-banded-trout/care/,https://best4pets.in/products/blue-banded-trout,"Blue Banded Trout 2"""
RA-FSH-0392,l075-para-pleco,l075-para-pleco-peckoltia-sabaji,L075 Para Pleco,Pleco (L-number/Bristlenose),Loricariidae,South America,Beginner-Intermediate,Peaceful (with care),Bottom,115 L (varies by species),4-18 in — varies by species,24-28°C,6.0-7.5,Soft-Medium (2-15 dGH),Omnivore,Solitary (can be territorial),10-15 years,,"L075 Para Pleco is a loricariid catfish. Sizes range from a 12 cm bristlenose to an 45 cm+ common pleco, so confirm the species. Most graze biofilm and need driftwood and sinking foods.","Provide driftwood — many species rasp on wood as part of their diet. | Don't rely on tank algae alone; offer sinking wafers and vegetables (Hypancistrus are carnivores). | Confirm adult size before buying — bristlenose stay ~12 cm, common/sailfin plecos exceed 40 cm.",aqa-micro-pellet-economy,,"Supplement with algae wafers, vegetables and driftwood (Hypancistrus need meaty food).",https://care.best4pets.in/fish/l075-para-pleco,https://care.best4pets.in/fish/l075-para-pleco/care/,https://best4pets.in/products/l075-para-pleco-peckoltia-sabaji,L075 Para Pleco (Peckoltia sabaji)
RA-FSH-0393,l014-sunshine-goldie-pleco,l014-sunshine-goldie-pleco-scobinancistrus-aureatus,L014 Sunshine Goldie Pleco,African Rift Cichlid (Malawi),Cichlidae,"Lake Malawi, East Africa",Intermediate,Aggressive,All levels,200 L,4-6 in (10-15 cm),24-28°C,7.8-8.6,Hard / Alkaline (10-20 dGH),Omnivore,Groups (species-appropriate),8-10 years,5-6 cm,"L014 Sunshine Goldie Pleco is a colourful, boldly territorial Lake Malawi cichlid. It needs hard, alkaline water and a rocky, cave-filled aquascape, with stocking planned to spread aggression.","Hard, alkaline water is essential — not for soft-water community tanks. | Build rockwork with many caves; keep them appropriately stocked to diffuse aggression. | Mbuna need veg-based food (avoid excess protein → Malawi bloat); peacocks/haps take more protein.",aqa-cichlid-colour-enhancer,aqa-brineshrimp-flakes,Mbuna are veg-leaning — keep protein moderate to avoid bloat.,https://care.best4pets.in/fish/l014-sunshine-goldie-pleco,https://care.best4pets.in/fish/l014-sunshine-goldie-pleco/care/,https://best4pets.in/products/l014-sunshine-goldie-pleco-scobinancistrus-aureatus,L014 Sunshine Goldie Pleco 5-6 cm (Captive Bred)
RA-FSH-0394,l264-sultan-pleco,l264-sultan-pleco-leporacanthicus-joselimai,L264 Sultan Pleco,Pleco (L-number/Bristlenose),Loricariidae,South America,Beginner-Intermediate,Peaceful (with care),Bottom,115 L (varies by species),4-18 in — varies by species,24-28°C,6.0-7.5,Soft-Medium (2-15 dGH),Omnivore,Solitary (can be territorial),10-15 years,3 cm,"L264 Sultan Pleco is a loricariid catfish. Sizes range from a 12 cm bristlenose to an 45 cm+ common pleco, so confirm the species. Most graze biofilm and need driftwood and sinking foods.","Provide driftwood — many species rasp on wood as part of their diet. | Don't rely on tank algae alone; offer sinking wafers and vegetables (Hypancistrus are carnivores). | Confirm adult size before buying — bristlenose stay ~12 cm, common/sailfin plecos exceed 40 cm.",aqa-micro-pellet-economy,,"Supplement with algae wafers, vegetables and driftwood (Hypancistrus need meaty food).",https://care.best4pets.in/fish/l264-sultan-pleco,https://care.best4pets.in/fish/l264-sultan-pleco/care/,https://best4pets.in/products/l264-sultan-pleco-leporacanthicus-joselimai,L264 Sultan Pleco 3cm
RA-FSH-0395,l056-chubby-pleco,l056-chubby-pleco-parancistrus-aurantiacus,L056 Chubby Pleco,Pleco (L-number/Bristlenose),Loricariidae,South America,Beginner-Intermediate,Peaceful (with care),Bottom,115 L,4-5 in (10-13 cm),24-28°C,6.0-7.5,Soft-Medium (2-15 dGH),Omnivore,Solitary (can be territorial),10-15 years,,"L056 Chubby Pleco is a loricariid catfish. Sizes range from a 12 cm bristlenose to an 45 cm+ common pleco, so confirm the species. Most graze biofilm and need driftwood and sinking foods.","Provide driftwood — many species rasp on wood as part of their diet. | Don't rely on tank algae alone; offer sinking wafers and vegetables (Hypancistrus are carnivores). | Confirm adult size before buying — bristlenose stay ~12 cm, common/sailfin plecos exceed 40 cm.",aqa-micro-pellet-economy,,"Supplement with algae wafers, vegetables and driftwood (Hypancistrus need meaty food).",https://care.best4pets.in/fish/l056-chubby-pleco,https://care.best4pets.in/fish/l056-chubby-pleco/care/,https://best4pets.in/products/l056-chubby-pleco-parancistrus-aurantiacus,L056 Chubby Pleco (Parancistrus aurantiacus)
RA-FSH-0396,bucktooth-tetra,bucktooth-tetra,Bucktooth Tetra,Tetra/Characin,Characidae,South America,Beginner,Peaceful,Middle,75 L,1.5-2.5 in (4-6 cm),22-27°C,5.5-7.5,Soft-Medium (2-15 dGH),Omnivore,Shoal of 6 or more,3-5 years,,"Bucktooth Tetra is a small, active schooling characin that shows its best colour and behaviour in a group. Peaceful and undemanding, it's ideal for planted community aquariums.","Keep in a shoal of at least 6 — lone specimens are shy and washed-out. | Offer a varied diet of quality micro-pellets, flakes and frozen foods. | Best in a planted tank with open swimming space and gentle flow.",aqa-micro-pellet-colour-enhancing,aqa-brineshrimp-flakes,,https://care.best4pets.in/fish/bucktooth-tetra,https://care.best4pets.in/fish/bucktooth-tetra/care/,https://best4pets.in/products/bucktooth-tetra,Bucktooth Tetra
RA-FSH-0397,red-cap-oranda-goldfish-3,red-cap-oranda-goldfish-aa-grade,Red Cap Oranda Goldfish,Goldfish,Cyprinidae (coldwater),Selectively bred (China),Beginner-Intermediate,Peaceful,All levels,75-115 L per fish,6-8 in fancy (15-20 cm),18-24°C,7.0-8.4,Medium-Hard (8-20 dGH),Omnivore,Groups,10-15+ years,4 in,"Red Cap Oranda Goldfish is a hardy coldwater fish that needs no heater but produces a heavy bioload, so strong filtration and space are essential. A long-lived, personable pet.",Coldwater fish — no heater needed; keep below ~24°C. | Big bioload: over-filter and do generous water changes. | Feed sinking foods to fancy types to reduce swim-bladder/buoyancy issues.,aqa-micro-pellet-economy,,Feed a sinking staple plus vegetable matter; avoid overfeeding.,https://care.best4pets.in/fish/red-cap-oranda-goldfish-3,https://care.best4pets.in/fish/red-cap-oranda-goldfish-3/care/,https://best4pets.in/products/red-cap-oranda-goldfish-aa-grade,"Red Cap Oranda Goldfish 4"""
RA-FSH-0398,boesemani-rainbow-2,boesemani-rainbow-jumbo-pack-of-7,Boesemani Rainbow,Rainbowfish,Melanotaeniidae,Australia / New Guinea,Beginner-Intermediate,Peaceful,Middle-Top,115 L,2-5 in (5-13 cm),23-28°C,7.0-8.0,Medium-Hard (8-20 dGH),Omnivore,Shoal of 6 or more,5-8 years,2 in,"Boesemani Rainbow is an active, peaceful schooling fish whose colours intensify with age and in a group. It prefers neutral-to-hard water and plenty of open swimming space.","Keep 6+ — colour and confidence build in a shoal (and with mature males). | Neutral to slightly alkaline, harder water suits them well. | Give long open swimming lanes; they're fast, active swimmers.",aqa-micro-pellet-colour-enhancing,aqa-brineshrimp-flakes,,https://care.best4pets.in/fish/boesemani-rainbow-2,https://care.best4pets.in/fish/boesemani-rainbow-2/care/,https://best4pets.in/products/boesemani-rainbow-jumbo-pack-of-7,"Boesemani Rainbow 2"" (Pair)"
RA-FSH-0399,scissortail-rasbora,scissortail-rasbora,Scissortail Rasbora,Rasbora,Cyprinidae,Southeast Asia,Beginner,Peaceful,Middle,40-75 L,0.75-2 in (2-5 cm),23-27°C,5.5-7.0,Soft-Medium (2-12 dGH),Omnivore,Shoal of 8 or more,3-5 years,,Scissortail Rasbora is a peaceful nano cyprinid that shoals tightly and suits planted and nano aquascapes. Its small size and calm nature make it a community favourite.,"Keep 8+ together for a confident, colourful shoal. | Soft, slightly acidic water and planted cover bring out the best colour. | Feed small foods — micro-pellets, crushed flake and frozen daphnia/cyclops.",aqa-micro-pellet-colour-enhancing,aqa-brineshrimp-flakes,,https://care.best4pets.in/fish/scissortail-rasbora,https://care.best4pets.in/fish/scissortail-rasbora/care/,https://best4pets.in/products/scissortail-rasbora,Scissortail Rasbora (Pair)
RA-FSH-0400,flag-cichlid,flag-cichlid,Flag Cichlid,Cichlid (other),Cichlidae,Varies,Intermediate,Semi-aggressive,All levels,150-200 L,4-8 in — varies by species,23-28°C,6.5-8.0,Medium (5-20 dGH),Omnivore,Species-dependent,8-12 years,2.25 in,Flag Cichlid is a cichlid whose exact requirements depend on its species and region. As a group these fish are territorial and appreciate structured decor and defined territories.,Confirm the species' origin (African rift vs. New World) to set the right water hardness. | Provide territory and broken sight-lines to reduce aggression. | Match tankmates to the species' adult size and temperament.,aqa-cichlid-colour-enhancer,aqa-brineshrimp-flakes,,https://care.best4pets.in/fish/flag-cichlid,https://care.best4pets.in/fish/flag-cichlid/care/,https://best4pets.in/products/flag-cichlid,Flag Cichlid 2.25INCH
RA-FSH-0401,rope-fish,rope-fish,Rope Fish,Oddball/Predator,Various,Varies,Intermediate-Advanced,Aggressive,All levels,280-1140+ L (species-dependent),6-48 in — varies hugely by species,24-28°C,6.5-7.5,Soft-Medium (5-15 dGH),Carnivore,Solitary or species-dependent,10-20 years,10-12 in,"Rope Fish is a specialist 'oddball' predator (such as bichirs, arowana, gar, knifefish or eels). Most grow large and hunt, so the exact species dictates tank size and tankmates.","Use a tight, weighted lid — most oddball predators jump or climb. | Predatory: never house with fish small enough to be swallowed. | Research the exact species — many outgrow standard aquariums dramatically.",aqa-brineshrimp-flakes,,Predatory — feed meaty foods sized to the fish; large species need large prey items.,https://care.best4pets.in/fish/rope-fish,https://care.best4pets.in/fish/rope-fish/care/,https://best4pets.in/products/rope-fish,Rope Fish 10-12inch
RA-FSH-0402,panda-loach,panda-loach,Panda Loach,Loach,Cobitidae / Botiidae,Asia,Beginner-Intermediate,Peaceful (with care),Bottom,115-280 L (species-dependent),2-12 in — varies by species,24-28°C,6.0-7.5,Soft-Medium (3-15 dGH),Omnivore,Groups of 5 or more,10-15 years,,Panda Loach is a social bottom-dwelling loach that does best in groups and appreciates smooth substrate and hiding spots. Some stay small; clown loaches grow large and long-lived.,Keep in groups of 5+ — loaches are social and pine when kept singly. | Use smooth substrate and provide caves/tunnels for security. | Many relish snails; confirm adult size (clown loach reaches ~30 cm).,aqa-micro-pellet-economy,aqa-brineshrimp-flakes,Use a sinking food; many also relish snails.,https://care.best4pets.in/fish/panda-loach,https://care.best4pets.in/fish/panda-loach/care/,https://best4pets.in/products/panda-loach,Panda Loach
RA-FSH-0403,diamond-black-neon-tetra,diamond-black-neon-tetra,Diamond Black Neon Tetra,Tetra/Characin,Characidae,South America,Beginner,Peaceful,Middle,75 L,1.5-2.5 in (4-6 cm),22-27°C,5.5-7.5,Soft-Medium (2-15 dGH),Omnivore,Shoal of 6 or more,3-5 years,,"Diamond Black Neon Tetra is a small, active schooling characin that shows its best colour and behaviour in a group. Peaceful and undemanding, it's ideal for planted community aquariums.","Keep in a shoal of at least 6 — lone specimens are shy and washed-out. | Offer a varied diet of quality micro-pellets, flakes and frozen foods. | Best in a planted tank with open swimming space and gentle flow.",aqa-micro-pellet-colour-enhancing,aqa-brineshrimp-flakes,,https://care.best4pets.in/fish/diamond-black-neon-tetra,https://care.best4pets.in/fish/diamond-black-neon-tetra/care/,https://best4pets.in/products/diamond-black-neon-tetra,Diamond Black Neon Tetra (Pair)
RA-FSH-0404,black-moscow-guppy,black-moscow-guppy,Black Moscow Guppy,Guppy/Endler,Poeciliidae,Central/South America (livebearer),Beginner,Peaceful,Top-Middle,40-75 L,1-2.5 in (2.5-6 cm),22-28°C,7.0-8.0,Medium-Hard (8-20 dGH),Omnivore,Groups (more females than males),2-3 years,,"Black Moscow Guppy is a colourful, hardy livebearer and one of the easiest fish in the hobby. It breeds readily and thrives in harder, alkaline water.","Prefers harder, alkaline water — avoid soft, acidic setups. | Keep 2-3 females per male to reduce harassment of females. | Breeds prolifically; provide plant cover for fry or expect a growing colony.",aqa-micro-pellet-colour-enhancing,aqa-brineshrimp-flakes,,https://care.best4pets.in/fish/black-moscow-guppy,https://care.best4pets.in/fish/black-moscow-guppy/care/,https://best4pets.in/products/black-moscow-guppy,Black Moscow Guppy (Pair)(Import)
RA-FSH-0405,bolivian-ramirezi,bolivian-ramirezi-xl,Bolivian Ramirezi,Dwarf Cichlid (Apisto/Ram),Cichlidae,South America,Intermediate,Peaceful (with care),Bottom-Middle,75-115 L,2-3.5 in (5-9 cm),26-29°C,5.5-7.0,Soft (2-10 dGH),Carnivore/Omnivore,Pairs,2-4 years,1.5 in,"Bolivian Ramirezi is a colourful dwarf cichlid best kept as a pair in warm, soft water with caves and territory. Peaceful in a community, but defends a small breeding territory.","Warm, soft, slightly acidic water suits dwarf cichlids best. | Provide caves and broken sight-lines so a pair can hold territory. | Rams (Mikrogeophagus) want the warm end (28-30°C) and stable water.",aqa-cichlid-colour-enhancer,aqa-brineshrimp-flakes,,https://care.best4pets.in/fish/bolivian-ramirezi,https://care.best4pets.in/fish/bolivian-ramirezi/care/,https://best4pets.in/products/bolivian-ramirezi-xl,Bolivian Ramirezi 1.5inch (Pair)
RA-FSH-0406,drapefin-barb,drapefin-barb,Drapefin Barb,Barb,Cyprinidae,Asia,Beginner-Intermediate,Semi-aggressive,Middle,115 L,2-3 in (5-8 cm),22-26°C,6.0-7.5,Soft-Medium (4-15 dGH),Omnivore,Shoal of 6 or more,5 years,,"Drapefin Barb is an active, hardy barb. Kept in good numbers it's a lively community fish, but small groups can turn nippy toward long-finned tankmates.","Keep a shoal of 6+ to spread out natural nipping behaviour. | Avoid slow, long-finned tankmates (e.g. bettas, angelfish, guppies). | Provide open swimming space for this fast, energetic fish.",aqa-micro-pellet-colour-enhancing,aqa-brineshrimp-flakes,,https://care.best4pets.in/fish/drapefin-barb,https://care.best4pets.in/fish/drapefin-barb/care/,https://best4pets.in/products/drapefin-barb,Drapefin Barb (Pair)
RA-FSH-0407,hi-fin-barb,hi-fin-barb,Hi Fin Barb,Barb,Cyprinidae,Asia,Beginner-Intermediate,Semi-aggressive,Middle,115 L,2-3 in (5-8 cm),22-26°C,6.0-7.5,Soft-Medium (4-15 dGH),Omnivore,Shoal of 6 or more,5 years,,"Hi Fin Barb is an active, hardy barb. Kept in good numbers it's a lively community fish, but small groups can turn nippy toward long-finned tankmates.","Keep a shoal of 6+ to spread out natural nipping behaviour. | Avoid slow, long-finned tankmates (e.g. bettas, angelfish, guppies). | Provide open swimming space for this fast, energetic fish.",aqa-micro-pellet-colour-enhancing,aqa-brineshrimp-flakes,,https://care.best4pets.in/fish/hi-fin-barb,https://care.best4pets.in/fish/hi-fin-barb/care/,https://best4pets.in/products/hi-fin-barb,Hi Fin Barb (Pair)
RA-FSH-0408,cuckoo-catfish-2,cuckoo-catfish-1,Cuckoo Catfish,Catfish (other),Siluriformes,Varies,Intermediate,Peaceful (with care),Bottom,150-475 L (species-dependent),3-24 in — varies by species,22-28°C,6.0-7.8,Soft-Medium (5-15 dGH),Omnivore/Carnivore,Species-dependent,8-15 years,1.5 in,"Cuckoo Catfish is a catfish whose needs depend heavily on species. Many are nocturnal and appreciate caves; some (e.g. Synodontis) stay moderate while others (shovelnose, redtail) grow very large.",Provide caves and shaded retreats — many catfish are nocturnal. | Confirm the species' adult size before buying; some grow far too large for home tanks. | Feed after lights-out with sinking foods to ensure they get enough.,aqa-micro-pellet-economy,aqa-brineshrimp-flakes,Feed after lights-out; larger/predatory species need meaty foods.,https://care.best4pets.in/fish/cuckoo-catfish-2,https://care.best4pets.in/fish/cuckoo-catfish-2/care/,https://best4pets.in/products/cuckoo-catfish-1,"Cuckoo Catfish 1.5"""
RA-FSH-0409,gelius-barb,gelius-barb,Gelius Barb,Barb,Cyprinidae,Asia,Beginner-Intermediate,Semi-aggressive,Middle,115 L,2-3 in (5-8 cm),22-26°C,6.0-7.5,Soft-Medium (4-15 dGH),Omnivore,Shoal of 6 or more,5 years,,"Gelius Barb is an active, hardy barb. Kept in good numbers it's a lively community fish, but small groups can turn nippy toward long-finned tankmates.","Keep a shoal of 6+ to spread out natural nipping behaviour. | Avoid slow, long-finned tankmates (e.g. bettas, angelfish, guppies). | Provide open swimming space for this fast, energetic fish.",aqa-micro-pellet-colour-enhancing,aqa-brineshrimp-flakes,,https://care.best4pets.in/fish/gelius-barb,https://care.best4pets.in/fish/gelius-barb/care/,https://best4pets.in/products/gelius-barb,Gelius Barb (Pair)
RA-FSH-0410,horn-garra,horn-garra-captive-bred,Horn Garra,Algae Eater/Misc,Cyprinidae,Southeast Asia,Beginner,Peaceful (with care),Bottom,115-190 L,4-6 in (10-16 cm),22-26°C,6.5-7.8,Soft-Medium (5-15 dGH),Omnivore (algae-leaning),Single or group of 6+,8-10 years,4.5 in,"Horn Garra is an active algae-grazing fish. True Siamese Algae Eaters are peaceful and among the few fish that eat black beard algae, but they need supplemental food and a secure lid.",Supplement algae grazing with algae wafers and blanched vegetables. | Active jumper — keep a secure lid; provide moderate flow and oxygen. | Keep singly or in a group of 6+ (avoid the aggressive Chinese Algae Eater).,aqa-micro-pellet-economy,,Grazes algae — supplement with algae wafers and vegetables.,https://care.best4pets.in/fish/horn-garra,https://care.best4pets.in/fish/horn-garra/care/,https://best4pets.in/products/horn-garra-captive-bred,"Horn Garra 4.5""+"
RA-FSH-0411,brown-hillstream-pseudolaguvia-muricata,brown-hillstream-pseudolaguvia-muricata,Brown Hillstream / Pseudolaguvia muricata,Hillstream Loach,Balitoridae,Asia (fast rivers),Intermediate,Peaceful,Bottom,75-115 L,2-3 in (5-8 cm),20-24°C,7.0-8.0,Medium-Hard (8-15 dGH),Herbivore (aufwuchs),Groups,8-10 years,,"Brown Hillstream / Pseudolaguvia muricata is a river specialist adapted to cool, fast, oxygen-rich water. It grazes biofilm from smooth stones and needs strong flow — not a standard warm community fish.","Provide strong flow and high oxygen — a river-manifold or powerhead setup. | Keep cooler than typical tropicals (20-24°C); avoid warm, still water. | Grazes biofilm/algae off smooth rocks; supplement with veg and biofilm.",aqa-micro-pellet-economy,,Mainly grazes biofilm/algae — supplement with vegetable matter.,https://care.best4pets.in/fish/brown-hillstream-pseudolaguvia-muricata,https://care.best4pets.in/fish/brown-hillstream-pseudolaguvia-muricata/care/,https://best4pets.in/products/brown-hillstream-pseudolaguvia-muricata,Brown Hillstream  / Pseudolaguvia muricata
RA-FSH-0412,swamp-eel,swamp-eel,Swamp eel,Oddball/Predator,Various,Varies,Intermediate-Advanced,Aggressive,All levels,280-1140+ L (species-dependent),6-48 in — varies hugely by species,24-28°C,6.5-7.5,Soft-Medium (5-15 dGH),Carnivore,Solitary or species-dependent,10-20 years,12 in,"Swamp eel is a specialist 'oddball' predator (such as bichirs, arowana, gar, knifefish or eels). Most grow large and hunt, so the exact species dictates tank size and tankmates.","Use a tight, weighted lid — most oddball predators jump or climb. | Predatory: never house with fish small enough to be swallowed. | Research the exact species — many outgrow standard aquariums dramatically.",aqa-brineshrimp-flakes,,Predatory — feed meaty foods sized to the fish; large species need large prey items.,https://care.best4pets.in/fish/swamp-eel,https://care.best4pets.in/fish/swamp-eel/care/,https://best4pets.in/products/swamp-eel,"Swamp eel 12"""
RA-FSH-0413,african-butterfly-fish,african-butterfly-fish,African Butterfly Fish,Oddball/Predator,Various,Varies,Intermediate-Advanced,Aggressive,All levels,280-1140+ L (species-dependent),6-48 in — varies hugely by species,24-28°C,6.5-7.5,Soft-Medium (5-15 dGH),Carnivore,Solitary or species-dependent,10-20 years,,"African Butterfly Fish is a specialist 'oddball' predator (such as bichirs, arowana, gar, knifefish or eels). Most grow large and hunt, so the exact species dictates tank size and tankmates.","Use a tight, weighted lid — most oddball predators jump or climb. | Predatory: never house with fish small enough to be swallowed. | Research the exact species — many outgrow standard aquariums dramatically.",aqa-brineshrimp-flakes,,Predatory — feed meaty foods sized to the fish; large species need large prey items.,https://care.best4pets.in/fish/african-butterfly-fish,https://care.best4pets.in/fish/african-butterfly-fish/care/,https://best4pets.in/products/african-butterfly-fish,African Butterfly Fish
RA-FSH-0414,red-empress-cichlid,red-empress-cichlid-4inch,Red Empress Cichlid,African Rift Cichlid (Malawi),Cichlidae,"Lake Malawi, East Africa",Intermediate,Aggressive,All levels,200 L,4-6 in (10-15 cm),24-28°C,7.8-8.6,Hard / Alkaline (10-20 dGH),Omnivore,Groups (species-appropriate),8-10 years,3.5-4 in,"Red Empress Cichlid is a colourful, boldly territorial Lake Malawi cichlid. It needs hard, alkaline water and a rocky, cave-filled aquascape, with stocking planned to spread aggression.","Hard, alkaline water is essential — not for soft-water community tanks. | Build rockwork with many caves; keep them appropriately stocked to diffuse aggression. | Mbuna need veg-based food (avoid excess protein → Malawi bloat); peacocks/haps take more protein.",aqa-cichlid-colour-enhancer,aqa-brineshrimp-flakes,Mbuna are veg-leaning — keep protein moderate to avoid bloat.,https://care.best4pets.in/fish/red-empress-cichlid,https://care.best4pets.in/fish/red-empress-cichlid/care/,https://best4pets.in/products/red-empress-cichlid-4inch,"Red Empress Cichlid 3.5-4"""
RA-FSH-0415,metal-blue-lace-guppy,metal-blue-lace-guppy-pair,Metal Blue Lace Guppy,Guppy/Endler,Poeciliidae,Central/South America (livebearer),Beginner,Peaceful,Top-Middle,40-75 L,1-2.5 in (2.5-6 cm),22-28°C,7.0-8.0,Medium-Hard (8-20 dGH),Omnivore,Groups (more females than males),2-3 years,,"Metal Blue Lace Guppy is a colourful, hardy livebearer and one of the easiest fish in the hobby. It breeds readily and thrives in harder, alkaline water.","Prefers harder, alkaline water — avoid soft, acidic setups. | Keep 2-3 females per male to reduce harassment of females. | Breeds prolifically; provide plant cover for fry or expect a growing colony.",aqa-micro-pellet-colour-enhancing,aqa-brineshrimp-flakes,,https://care.best4pets.in/fish/metal-blue-lace-guppy,https://care.best4pets.in/fish/metal-blue-lace-guppy/care/,https://best4pets.in/products/metal-blue-lace-guppy-pair,Metal Blue Lace Guppy (Pair)
RA-FSH-0416,pictus-catfish,pictus-catfish-3inch,Pictus Catfish,Catfish (other),Siluriformes,Varies,Intermediate,Peaceful (with care),Bottom,150-475 L (species-dependent),3-24 in — varies by species,22-28°C,6.0-7.8,Soft-Medium (5-15 dGH),Omnivore/Carnivore,Species-dependent,8-15 years,3 in,"Pictus Catfish is a catfish whose needs depend heavily on species. Many are nocturnal and appreciate caves; some (e.g. Synodontis) stay moderate while others (shovelnose, redtail) grow very large.",Provide caves and shaded retreats — many catfish are nocturnal. | Confirm the species' adult size before buying; some grow far too large for home tanks. | Feed after lights-out with sinking foods to ensure they get enough.,aqa-micro-pellet-economy,aqa-brineshrimp-flakes,Feed after lights-out; larger/predatory species need meaty foods.,https://care.best4pets.in/fish/pictus-catfish,https://care.best4pets.in/fish/pictus-catfish/care/,https://best4pets.in/products/pictus-catfish-3inch,Pictus Catfish 3inch
RA-FSH-0417,green-rasbora,green-rasbora,Green Rasbora,Rasbora,Cyprinidae,Southeast Asia,Beginner,Peaceful,Middle,40-75 L,0.75-2 in (2-5 cm),23-27°C,5.5-7.0,Soft-Medium (2-12 dGH),Omnivore,Shoal of 8 or more,3-5 years,,Green Rasbora is a peaceful nano cyprinid that shoals tightly and suits planted and nano aquascapes. Its small size and calm nature make it a community favourite.,"Keep 8+ together for a confident, colourful shoal. | Soft, slightly acidic water and planted cover bring out the best colour. | Feed small foods — micro-pellets, crushed flake and frozen daphnia/cyclops.",aqa-micro-pellet-colour-enhancing,aqa-brineshrimp-flakes,,https://care.best4pets.in/fish/green-rasbora,https://care.best4pets.in/fish/green-rasbora/care/,https://best4pets.in/products/green-rasbora,Green Rasbora (Pair)
RA-FSH-0418,pacific-blue-eye-rainbow,pacific-blue-eye-rainbow,Pacific Blue Eye Rainbow,Rainbowfish,Melanotaeniidae,Australia / New Guinea,Beginner-Intermediate,Peaceful,Middle-Top,115 L,2-5 in (5-13 cm),23-28°C,7.0-8.0,Medium-Hard (8-20 dGH),Omnivore,Shoal of 6 or more,5-8 years,,"Pacific Blue Eye Rainbow is an active, peaceful schooling fish whose colours intensify with age and in a group. It prefers neutral-to-hard water and plenty of open swimming space.","Keep 6+ — colour and confidence build in a shoal (and with mature males). | Neutral to slightly alkaline, harder water suits them well. | Give long open swimming lanes; they're fast, active swimmers.",aqa-micro-pellet-colour-enhancing,aqa-brineshrimp-flakes,,https://care.best4pets.in/fish/pacific-blue-eye-rainbow,https://care.best4pets.in/fish/pacific-blue-eye-rainbow/care/,https://best4pets.in/products/pacific-blue-eye-rainbow,Pacific Blue Eye Rainbow (Pair)
RA-FSH-0419,forktail-rainbow,forktail-rainbow,Forktail Rainbow,Rainbowfish,Melanotaeniidae,Australia / New Guinea,Beginner-Intermediate,Peaceful,Middle-Top,115 L,2-5 in (5-13 cm),23-28°C,7.0-8.0,Medium-Hard (8-20 dGH),Omnivore,Shoal of 6 or more,5-8 years,,"Forktail Rainbow is an active, peaceful schooling fish whose colours intensify with age and in a group. It prefers neutral-to-hard water and plenty of open swimming space.","Keep 6+ — colour and confidence build in a shoal (and with mature males). | Neutral to slightly alkaline, harder water suits them well. | Give long open swimming lanes; they're fast, active swimmers.",aqa-micro-pellet-colour-enhancing,aqa-brineshrimp-flakes,,https://care.best4pets.in/fish/forktail-rainbow,https://care.best4pets.in/fish/forktail-rainbow/care/,https://best4pets.in/products/forktail-rainbow,Forktail Rainbow (Pair)
RA-FSH-0420,tailbar-vieja,tailbar-vieja,Tailbar Vieja,SA/CA Cichlid (large),Cichlidae,Central/South America,Intermediate-Advanced,Aggressive,All levels,200-475 L (species-dependent),6-16 in — varies by species,23-28°C,6.5-7.5,Medium (5-20 dGH),Carnivore/Omnivore,Solitary or bonded pair,10-15 years,,"Tailbar Vieja is a large, characterful New World cichlid. These fish are intelligent and territorial, needing a big tank, strong filtration and robust decor. Adult size varies widely by species.",Provide a large tank with powerful filtration and secure hardscape. | Territorial and often aggressive — choose tankmates carefully and confirm the species' temperament. | Confirm the exact species' adult size before stocking — some exceed 30 cm.,aqa-cichlid-colour-enhancer,aqa-brineshrimp-flakes,Larger specimens need bigger meaty/pellet foods.,https://care.best4pets.in/fish/tailbar-vieja,https://care.best4pets.in/fish/tailbar-vieja/care/,https://best4pets.in/products/tailbar-vieja,Tailbar Vieja
RA-FSH-0421,vieja-argentea,vieja-argentea,Vieja argentea,SA/CA Cichlid (large),Cichlidae,Central/South America,Intermediate-Advanced,Aggressive,All levels,200-475 L (species-dependent),6-16 in — varies by species,23-28°C,6.5-7.5,Medium (5-20 dGH),Carnivore/Omnivore,Solitary or bonded pair,10-15 years,2 in,"Vieja argentea is a large, characterful New World cichlid. These fish are intelligent and territorial, needing a big tank, strong filtration and robust decor. Adult size varies widely by species.",Provide a large tank with powerful filtration and secure hardscape. | Territorial and often aggressive — choose tankmates carefully and confirm the species' temperament. | Confirm the exact species' adult size before stocking — some exceed 30 cm.,aqa-cichlid-colour-enhancer,aqa-brineshrimp-flakes,Larger specimens need bigger meaty/pellet foods.,https://care.best4pets.in/fish/vieja-argentea,https://care.best4pets.in/fish/vieja-argentea/care/,https://best4pets.in/products/vieja-argentea,"Vieja argentea 2"""
RA-FSH-0422,marble-vieja,marble-vieja,Marble Vieja,SA/CA Cichlid (large),Cichlidae,Central/South America,Intermediate-Advanced,Aggressive,All levels,200-475 L (species-dependent),6-16 in — varies by species,23-28°C,6.5-7.5,Medium (5-20 dGH),Carnivore/Omnivore,Solitary or bonded pair,10-15 years,,"Marble Vieja is a large, characterful New World cichlid. These fish are intelligent and territorial, needing a big tank, strong filtration and robust decor. Adult size varies widely by species.",Provide a large tank with powerful filtration and secure hardscape. | Territorial and often aggressive — choose tankmates carefully and confirm the species' temperament. | Confirm the exact species' adult size before stocking — some exceed 30 cm.,aqa-cichlid-colour-enhancer,aqa-brineshrimp-flakes,Larger specimens need bigger meaty/pellet foods.,https://care.best4pets.in/fish/marble-vieja,https://care.best4pets.in/fish/marble-vieja/care/,https://best4pets.in/products/marble-vieja,Marble Vieja
RA-FSH-0423,king-tiger-pleco-l333,king-tiger-pleeco-l333-1inch,"King Tiger Pleco, L333",Pleco (L-number/Bristlenose),Loricariidae,South America,Advanced,Peaceful (with care),Bottom,115 L,3-4 in (8-10 cm),24-28°C,6.0-7.5,Soft-Medium (2-15 dGH),Carnivore,Solitary (can be territorial),10-15 years,2.5 in,"King Tiger Pleco, L333 is a loricariid catfish. Sizes range from a 12 cm bristlenose to an 45 cm+ common pleco, so confirm the species. Most graze biofilm and need driftwood and sinking foods.","Provide driftwood — many species rasp on wood as part of their diet. | Don't rely on tank algae alone; offer sinking wafers and vegetables (Hypancistrus are carnivores). | Confirm adult size before buying — bristlenose stay ~12 cm, common/sailfin plecos exceed 40 cm.",aqa-micro-pellet-economy,,"Supplement with algae wafers, vegetables and driftwood (Hypancistrus need meaty food).",https://care.best4pets.in/fish/king-tiger-pleco-l333,https://care.best4pets.in/fish/king-tiger-pleco-l333/care/,https://best4pets.in/products/king-tiger-pleeco-l333-1inch,"King Tiger Pleco, L333, 2.5inch"
RA-FSH-0424,texas-cichlid-2,texas-cichlid-4,Texas Cichlid,SA/CA Cichlid (large),Cichlidae,Central/South America,Intermediate-Advanced,Aggressive,All levels,280 L,8-12 in (20-30 cm),23-28°C,6.5-7.5,Medium (5-20 dGH),Carnivore/Omnivore,Solitary or bonded pair,10-15 years,4 in,"Texas Cichlid is a large, characterful New World cichlid. These fish are intelligent and territorial, needing a big tank, strong filtration and robust decor. Adult size varies widely by species.",Provide a large tank with powerful filtration and secure hardscape. | Territorial and often aggressive — choose tankmates carefully and confirm the species' temperament. | Confirm the exact species' adult size before stocking — some exceed 30 cm.,aqa-cichlid-colour-enhancer,aqa-brineshrimp-flakes,Larger specimens need bigger meaty/pellet foods.,https://care.best4pets.in/fish/texas-cichlid-2,https://care.best4pets.in/fish/texas-cichlid-2/care/,https://best4pets.in/products/texas-cichlid-4,Texas Cichlid 4inch
RA-FSH-0425,yellow-cobra-guppy,yellow-cobra-guppy-pair,Yellow Cobra Guppy,Guppy/Endler,Poeciliidae,Central/South America (livebearer),Beginner,Peaceful,Top-Middle,40-75 L,1-2.5 in (2.5-6 cm),22-28°C,7.0-8.0,Medium-Hard (8-20 dGH),Omnivore,Groups (more females than males),2-3 years,,"Yellow Cobra Guppy is a colourful, hardy livebearer and one of the easiest fish in the hobby. It breeds readily and thrives in harder, alkaline water.","Prefers harder, alkaline water — avoid soft, acidic setups. | Keep 2-3 females per male to reduce harassment of females. | Breeds prolifically; provide plant cover for fry or expect a growing colony.",aqa-micro-pellet-colour-enhancing,aqa-brineshrimp-flakes,,https://care.best4pets.in/fish/yellow-cobra-guppy,https://care.best4pets.in/fish/yellow-cobra-guppy/care/,https://best4pets.in/products/yellow-cobra-guppy-pair,Yellow Cobra Guppy (Pair)
RA-FSH-0426,mix-discus,mix-discus-4inch,Mix Discus,Discus,Cichlidae,"Amazon, South America",Advanced,Peaceful,Middle,200+ L (group),6-8 in (15-20 cm),28-31°C,5.5-7.0,Soft (1-8 dGH),Omnivore/Carnivore,Groups of 6+,10-15 years,3.5 in,"Mix Discus is the 'king of the aquarium' — a stunning but demanding cichlid needing very warm, soft, pristine water and a group for security. Best for experienced keepers.","Keep very warm (28-31°C) — warmer than most community fish. | Soft, acidic, spotless water with frequent large water changes. | Keep 6+ to reduce bullying; feed high-quality varied foods often.",aqa-cichlid-colour-enhancer,aqa-brineshrimp-flakes,Feed several small meals of high-protein food daily.,https://care.best4pets.in/fish/mix-discus,https://care.best4pets.in/fish/mix-discus/care/,https://best4pets.in/products/mix-discus-4inch,Mix Discus 3.5 inch
RA-FSH-0427,green-fire-tetra,green-fire-tetra,Green Fire Tetra,Tetra/Characin,Characidae,South America,Beginner,Peaceful,Middle,75 L,1.5-2.5 in (4-6 cm),22-27°C,5.5-7.5,Soft-Medium (2-15 dGH),Omnivore,Shoal of 6 or more,3-5 years,,"Green Fire Tetra is a small, active schooling characin that shows its best colour and behaviour in a group. Peaceful and undemanding, it's ideal for planted community aquariums.","Keep in a shoal of at least 6 — lone specimens are shy and washed-out. | Offer a varied diet of quality micro-pellets, flakes and frozen foods. | Best in a planted tank with open swimming space and gentle flow.",aqa-micro-pellet-colour-enhancing,aqa-brineshrimp-flakes,,https://care.best4pets.in/fish/green-fire-tetra,https://care.best4pets.in/fish/green-fire-tetra/care/,https://best4pets.in/products/green-fire-tetra,Green Fire Tetra (Pair)
RA-FSH-0428,albino-red-oscar,imported-oscar-3,Albino Red Oscar,SA/CA Cichlid (large),Cichlidae,Central/South America,Intermediate,Aggressive,All levels,280 L,12-14 in (30-36 cm),23-28°C,6.5-7.5,Medium (5-20 dGH),Carnivore/Omnivore,Solitary or bonded pair,10-15 years,3 in,"Albino Red Oscar is a large, characterful New World cichlid. These fish are intelligent and territorial, needing a big tank, strong filtration and robust decor. Adult size varies widely by species.",Provide a large tank with powerful filtration and secure hardscape. | Territorial and often aggressive — choose tankmates carefully and confirm the species' temperament. | Confirm the exact species' adult size before stocking — some exceed 30 cm.,aqa-cichlid-colour-enhancer,aqa-brineshrimp-flakes,Larger specimens need bigger meaty/pellet foods.,https://care.best4pets.in/fish/albino-red-oscar,https://care.best4pets.in/fish/albino-red-oscar/care/,https://best4pets.in/products/imported-oscar-3,Imported Albino Red Oscar 3inch
RA-FSH-0429,purple-spotted-goby,purple-spotted-goby,Purple Spotted Goby,Goby,Gobiidae,Varies,Intermediate,Peaceful (with care),Bottom,40-75 L,1-3 in (2.5-8 cm),22-26°C,7.0-8.0,Medium-Hard (8-15 dGH),Carnivore,Pairs or single,3-5 years,,"Purple Spotted Goby is a small bottom goby, often territorial over a favourite cave. Some are strictly freshwater grazers while others (e.g. bumblebee gobies) prefer brackish water — check the species.",Confirm freshwater vs. brackish needs for the exact species. | Offer small live/frozen foods; many ignore dry flake. | Provide caves/territories — gobies defend a small patch.,aqa-brineshrimp-flakes,,Offer small live/frozen foods; many ignore flake.,https://care.best4pets.in/fish/purple-spotted-goby,https://care.best4pets.in/fish/purple-spotted-goby/care/,https://best4pets.in/products/purple-spotted-goby,Purple Spotted Goby
RA-FSH-0430,cyprichromis-leptosoma,cyprichromis-leptosoma-1-5,Cyprichromis leptosoma,Tanganyikan Cichlid,Cichlidae,"Lake Tanganyika, East Africa",Intermediate,Territorial,All levels,115-200 L (species-dependent),2-14 in — varies by species,24-28°C,7.8-9.0,Hard / Alkaline (10-20 dGH),Carnivore/Omnivore,Colony or pair (species-dependent),8-15 years,1.5 in,"Cyprichromis leptosoma is a Lake Tanganyika cichlid needing hard, alkaline water. This group ranges from tiny shell-dwellers to large Frontosa, so check the specific species' adult size and setup.","Hard, alkaline water with the right decor — shells for shell-dwellers, rock for others. | Adult size varies enormously across this group — confirm the species before stocking. | Feed appropriately: many are micro-predators; avoid excess for the smaller species.",aqa-cichlid-colour-enhancer,aqa-brineshrimp-flakes,,https://care.best4pets.in/fish/cyprichromis-leptosoma,https://care.best4pets.in/fish/cyprichromis-leptosoma/care/,https://best4pets.in/products/cyprichromis-leptosoma-1-5,"Cyprichromis leptosoma 1.5"""
RA-FSH-0431,helianthus-cichlid,helianthus-cichlid-1-25,Helianthus Cichlid,Cichlid (other),Cichlidae,Varies,Intermediate,Semi-aggressive,All levels,150-200 L,4-8 in — varies by species,23-28°C,6.5-8.0,Medium (5-20 dGH),Omnivore,Species-dependent,8-12 years,1.75 in,Helianthus Cichlid is a cichlid whose exact requirements depend on its species and region. As a group these fish are territorial and appreciate structured decor and defined territories.,Confirm the species' origin (African rift vs. New World) to set the right water hardness. | Provide territory and broken sight-lines to reduce aggression. | Match tankmates to the species' adult size and temperament.,aqa-cichlid-colour-enhancer,aqa-brineshrimp-flakes,,https://care.best4pets.in/fish/helianthus-cichlid,https://care.best4pets.in/fish/helianthus-cichlid/care/,https://best4pets.in/products/helianthus-cichlid-1-25,"Helianthus Cichlid 1.75"""
RA-FSH-0432,demasoni-cichlid-2,demasoni-cichlid-1-75-2,Demasoni Cichlid,African Rift Cichlid (Malawi),Cichlidae,"Lake Malawi, East Africa",Intermediate,Aggressive,All levels,200 L,4-6 in (10-15 cm),24-28°C,7.8-8.6,Hard / Alkaline (10-20 dGH),Omnivore,Groups (species-appropriate),8-10 years,1.5 in,"Demasoni Cichlid is a colourful, boldly territorial Lake Malawi cichlid. It needs hard, alkaline water and a rocky, cave-filled aquascape, with stocking planned to spread aggression.","Hard, alkaline water is essential — not for soft-water community tanks. | Build rockwork with many caves; keep them appropriately stocked to diffuse aggression. | Mbuna need veg-based food (avoid excess protein → Malawi bloat); peacocks/haps take more protein.",aqa-cichlid-colour-enhancer,aqa-brineshrimp-flakes,Mbuna are veg-leaning — keep protein moderate to avoid bloat.,https://care.best4pets.in/fish/demasoni-cichlid-2,https://care.best4pets.in/fish/demasoni-cichlid-2/care/,https://best4pets.in/products/demasoni-cichlid-1-75-2,"Demasoni Cichlid 1.5"""
RA-FSH-0433,taiwan-reef-cichlid-2,taiwan-reef-cichlid,Taiwan Reef Cichlid,African Rift Cichlid (Malawi),Cichlidae,"Lake Malawi, East Africa",Intermediate,Aggressive,All levels,200 L,4-6 in (10-15 cm),24-28°C,7.8-8.6,Hard / Alkaline (10-20 dGH),Omnivore,Groups (species-appropriate),8-10 years,2.5 in,"Taiwan Reef Cichlid is a colourful, boldly territorial Lake Malawi cichlid. It needs hard, alkaline water and a rocky, cave-filled aquascape, with stocking planned to spread aggression.","Hard, alkaline water is essential — not for soft-water community tanks. | Build rockwork with many caves; keep them appropriately stocked to diffuse aggression. | Mbuna need veg-based food (avoid excess protein → Malawi bloat); peacocks/haps take more protein.",aqa-cichlid-colour-enhancer,aqa-brineshrimp-flakes,Mbuna are veg-leaning — keep protein moderate to avoid bloat.,https://care.best4pets.in/fish/taiwan-reef-cichlid-2,https://care.best4pets.in/fish/taiwan-reef-cichlid-2/care/,https://best4pets.in/products/taiwan-reef-cichlid,Taiwan Reef Cichlid 2.5inch
RA-FSH-0434,dawkinsia-arulius,dawkinsia-arulius-xl,Dawkinsia arulius,Barb,Cyprinidae,Asia,Beginner-Intermediate,Semi-aggressive,Middle,115 L,2-3 in (5-8 cm),22-26°C,6.0-7.5,Soft-Medium (4-15 dGH),Omnivore,Shoal of 6 or more,5 years,,"Dawkinsia arulius is an active, hardy barb. Kept in good numbers it's a lively community fish, but small groups can turn nippy toward long-finned tankmates.","Keep a shoal of 6+ to spread out natural nipping behaviour. | Avoid slow, long-finned tankmates (e.g. bettas, angelfish, guppies). | Provide open swimming space for this fast, energetic fish.",aqa-micro-pellet-colour-enhancing,aqa-brineshrimp-flakes,,https://care.best4pets.in/fish/dawkinsia-arulius,https://care.best4pets.in/fish/dawkinsia-arulius/care/,https://best4pets.in/products/dawkinsia-arulius-xl,Dawkinsia arulius
RA-FSH-0435,checkered-barb,checkered-barb,Checkered Barb,Barb,Cyprinidae,Asia,Beginner-Intermediate,Semi-aggressive,Middle,115 L,2-3 in (5-8 cm),22-26°C,6.0-7.5,Soft-Medium (4-15 dGH),Omnivore,Shoal of 6 or more,5 years,,"Checkered Barb is an active, hardy barb. Kept in good numbers it's a lively community fish, but small groups can turn nippy toward long-finned tankmates.","Keep a shoal of 6+ to spread out natural nipping behaviour. | Avoid slow, long-finned tankmates (e.g. bettas, angelfish, guppies). | Provide open swimming space for this fast, energetic fish.",aqa-micro-pellet-colour-enhancing,aqa-brineshrimp-flakes,,https://care.best4pets.in/fish/checkered-barb,https://care.best4pets.in/fish/checkered-barb/care/,https://best4pets.in/products/checkered-barb,Checkered Barb (Pair)
RA-FSH-0436,red-shoulder-angelfish,red-back-angelfish,Red Shoulder Angelfish,Angelfish,Cichlidae,"Amazon, South America",Intermediate,Semi-aggressive,Middle,115 L (tall),"6 in tall, to 8 in (15-20 cm)",25-29°C,6.0-7.5,Soft-Medium (3-15 dGH),Omnivore,Pairs / small groups,8-10 years,,"Red Shoulder Angelfish is a graceful South American cichlid with a tall body that needs a deep tank. Peaceful for a cichlid, but pairs get territorial when breeding and may eat very small fish.","Use a tall tank to accommodate the fins and body shape. | May eat very small fish (e.g. neon tetras) — choose tankmates by size. | Warm, soft-to-neutral water; pairs become territorial when spawning.",aqa-cichlid-colour-enhancer,aqa-brineshrimp-flakes,,https://care.best4pets.in/fish/red-shoulder-angelfish,https://care.best4pets.in/fish/red-shoulder-angelfish/care/,https://best4pets.in/products/red-back-angelfish,Red Shoulder Angelfish XL (Pair)
RA-FSH-0437,leopard-gourami,leopard-gourami,Leopard Gourami,Gourami/Anabantid,Osphronemidae,Southeast Asia,Beginner-Intermediate,Peaceful (with care),Top-Middle,75-115 L,2-6 in (5-15 cm),23-28°C,6.0-7.5,Soft-Medium (4-15 dGH),Omnivore,Pairs or single,3-5 years,1 in,"Leopard Gourami is a labyrinth fish that gulps air at the surface and appreciates calm water. Generally peaceful, though males can be territorial with their own kind.","Keep calm water with surface access for air-breathing. | Avoid keeping multiple males in a small tank — they turn territorial. | Provide floating plants and gentle flow for a secure, settled fish.",aqa-micro-pellet-colour-enhancing,aqa-brineshrimp-flakes,,https://care.best4pets.in/fish/leopard-gourami,https://care.best4pets.in/fish/leopard-gourami/care/,https://best4pets.in/products/leopard-gourami,"Leopard Gourami 1"""
RA-FSH-0438,blue-rainbow-2,blue-rainbow,Blue Rainbow,Rainbowfish,Melanotaeniidae,Australia / New Guinea,Beginner-Intermediate,Peaceful,Middle-Top,115 L,2-5 in (5-13 cm),23-28°C,7.0-8.0,Medium-Hard (8-20 dGH),Omnivore,Shoal of 6 or more,5-8 years,,"Blue Rainbow is an active, peaceful schooling fish whose colours intensify with age and in a group. It prefers neutral-to-hard water and plenty of open swimming space.","Keep 6+ — colour and confidence build in a shoal (and with mature males). | Neutral to slightly alkaline, harder water suits them well. | Give long open swimming lanes; they're fast, active swimmers.",aqa-micro-pellet-colour-enhancing,aqa-brineshrimp-flakes,,https://care.best4pets.in/fish/blue-rainbow-2,https://care.best4pets.in/fish/blue-rainbow-2/care/,https://best4pets.in/products/blue-rainbow,Blue Rainbow (Pair)
RA-FSH-0439,indian-frogeye-goby,indian-frogeye-goby-4-5,Indian Frogeye Goby,Goby,Gobiidae,Varies,Intermediate,Peaceful (with care),Bottom,40-75 L,1-3 in (2.5-8 cm),22-26°C,7.0-8.0,Medium-Hard (8-15 dGH),Carnivore,Pairs or single,3-5 years,4 in,"Indian Frogeye Goby is a small bottom goby, often territorial over a favourite cave. Some are strictly freshwater grazers while others (e.g. bumblebee gobies) prefer brackish water — check the species.",Confirm freshwater vs. brackish needs for the exact species. | Offer small live/frozen foods; many ignore dry flake. | Provide caves/territories — gobies defend a small patch.,aqa-brineshrimp-flakes,,Offer small live/frozen foods; many ignore flake.,https://care.best4pets.in/fish/indian-frogeye-goby,https://care.best4pets.in/fish/indian-frogeye-goby/care/,https://best4pets.in/products/indian-frogeye-goby-4-5,"Indian Frogeye Goby 4""-5"""
RA-FSH-0440,veil-tail-black-bristlenose,veil-tail-black-bristlenose,Veil Tail Black Bristlenose,Goldfish,Cyprinidae (coldwater),Selectively bred (China),Beginner-Intermediate,Peaceful,All levels,115 L,4-5 in (10-13 cm),18-24°C,7.0-8.4,Medium-Hard (8-20 dGH),Omnivore,Groups,10-15+ years,1.25 in,"Veil Tail Black Bristlenose is a hardy coldwater fish that needs no heater but produces a heavy bioload, so strong filtration and space are essential. A long-lived, personable pet.",Coldwater fish — no heater needed; keep below ~24°C. | Big bioload: over-filter and do generous water changes. | Feed sinking foods to fancy types to reduce swim-bladder/buoyancy issues.,aqa-micro-pellet-economy,,Feed a sinking staple plus vegetable matter; avoid overfeeding.,https://care.best4pets.in/fish/veil-tail-black-bristlenose,https://care.best4pets.in/fish/veil-tail-black-bristlenose/care/,https://best4pets.in/products/veil-tail-black-bristlenose,Veil Tail Black Bristlenose 1.25inch
RA-FSH-0441,five-bar-cichlid,five-bar-cichlid-1-25,Five Bar Cichlid,Cichlid (other),Cichlidae,Varies,Intermediate,Semi-aggressive,All levels,150-200 L,4-8 in — varies by species,23-28°C,6.5-8.0,Medium (5-20 dGH),Omnivore,Species-dependent,8-12 years,1.25 in,Five Bar Cichlid is a cichlid whose exact requirements depend on its species and region. As a group these fish are territorial and appreciate structured decor and defined territories.,Confirm the species' origin (African rift vs. New World) to set the right water hardness. | Provide territory and broken sight-lines to reduce aggression. | Match tankmates to the species' adult size and temperament.,aqa-cichlid-colour-enhancer,aqa-brineshrimp-flakes,,https://care.best4pets.in/fish/five-bar-cichlid,https://care.best4pets.in/fish/five-bar-cichlid/care/,https://best4pets.in/products/five-bar-cichlid-1-25,"Five Bar Cichlid 1.25"""
RA-FSH-0442,badis-badis,badis-badis,Badis badis,Badis/Dario,Badidae,Asia,Intermediate,Peaceful (with care),Bottom-Middle,40-75 L,0.8-3 in (2-8 cm),22-26°C,6.5-7.5,Soft-Medium (5-15 dGH),Carnivore (micro),Pairs / harem,3-5 years,,"Badis badis is a small, shy micro-predator (such as the scarlet badis). It often refuses dry food, needs gentle tankmates and dense cover, and rewards patience with jewel-like colour.","Feed small live/frozen foods — most refuse flakes and pellets. | Keep with calm, small tankmates; boisterous fish outcompete them. | Provide dense planting and cover so this shy fish feels secure.",aqa-brineshrimp-flakes,,Usually needs live/frozen micro-foods — may refuse dry food.,https://care.best4pets.in/fish/badis-badis,https://care.best4pets.in/fish/badis-badis/care/,https://best4pets.in/products/badis-badis,Badis badis (Pair)
RA-FSH-0443,albino-rummynose-tetra-pair,albino-rummynose-tetra-large,Albino Rummynose Tetra Pair,Tetra/Characin,Characidae,South America,Beginner,Peaceful,Middle,75 L,1.5-2.5 in (4-6 cm),22-27°C,5.5-7.5,Soft-Medium (2-15 dGH),Omnivore,Shoal of 6 or more,3-5 years,,"Albino Rummynose Tetra Pair is a small, active schooling characin that shows its best colour and behaviour in a group. Peaceful and undemanding, it's ideal for planted community aquariums.","Keep in a shoal of at least 6 — lone specimens are shy and washed-out. | Offer a varied diet of quality micro-pellets, flakes and frozen foods. | Best in a planted tank with open swimming space and gentle flow.",aqa-micro-pellet-colour-enhancing,aqa-brineshrimp-flakes,,https://care.best4pets.in/fish/albino-rummynose-tetra-pair,https://care.best4pets.in/fish/albino-rummynose-tetra-pair/care/,https://best4pets.in/products/albino-rummynose-tetra-large,Albino Rummynose Tetra Pair
RA-FSH-0444,golden-mountain-minnow,golden-mountain-minnow,Golden Mountain Minnow,Danio/Minnow,Cyprinidae,Asia,Beginner,Peaceful,Top-Middle,75 L,1-2.5 in (2.5-6 cm),18-25°C,6.5-7.5,Soft-Medium (5-15 dGH),Omnivore,Shoal of 6 or more,3-5 years,,"Golden Mountain Minnow is a hardy, extremely active schooling fish that tolerates cooler water than most tropicals. A great, forgiving choice for community and coldwater-leaning tanks.",Keep a tight-fitting lid — these are energetic jumpers. | Happiest in a shoal of 6+ with long open swimming lanes. | Tolerates cooler room-temperature water; avoid overheating.,aqa-micro-pellet-colour-enhancing,aqa-brineshrimp-flakes,,https://care.best4pets.in/fish/golden-mountain-minnow,https://care.best4pets.in/fish/golden-mountain-minnow/care/,https://best4pets.in/products/golden-mountain-minnow,Golden Mountain Minnow (Pair)
RA-FSH-0445,rainbow-snakehead-2,channa-bleheri,Rainbow Snakehead,Snakehead,Channidae,Asia / Africa,Intermediate-Advanced,Aggressive,All levels,200-475 L (species-dependent),6-40 in — varies hugely by species,22-28°C,6.0-7.5,Soft-Medium (5-15 dGH),Carnivore,Solitary or bonded pair,10-15 years,3-4 in,"Rainbow Snakehead is a predatory air-breathing snakehead. Species range from ~15 cm dwarves to metre-long giants, so the exact species dictates tank size. All are escape artists and hunters.","A tight, weighted lid is essential — snakeheads are determined jumpers. | Predatory: do not house with fish small enough to be eaten. | Confirm the species' adult size before buying — it ranges from 15 cm to over 1 m.",aqa-brineshrimp-flakes,,Predatory — feed meaty foods sized to the fish.,https://care.best4pets.in/fish/rainbow-snakehead-2,https://care.best4pets.in/fish/rainbow-snakehead-2/care/,https://best4pets.in/products/channa-bleheri,Rainbow Snakehead 3-4 inch
RA-FSH-0446,channa-bipuli,channa-bipuli-1,Channa bipuli,Snakehead,Channidae,Asia / Africa,Intermediate-Advanced,Aggressive,All levels,200-475 L (species-dependent),6-40 in — varies hugely by species,22-28°C,6.0-7.5,Soft-Medium (5-15 dGH),Carnivore,Solitary or bonded pair,10-15 years,,"Channa bipuli is a predatory air-breathing snakehead. Species range from ~15 cm dwarves to metre-long giants, so the exact species dictates tank size. All are escape artists and hunters.","A tight, weighted lid is essential — snakeheads are determined jumpers. | Predatory: do not house with fish small enough to be eaten. | Confirm the species' adult size before buying — it ranges from 15 cm to over 1 m.",aqa-brineshrimp-flakes,,Predatory — feed meaty foods sized to the fish.,https://care.best4pets.in/fish/channa-bipuli,https://care.best4pets.in/fish/channa-bipuli/care/,https://best4pets.in/products/channa-bipuli-1,Channa bipuli
RA-FSH-0447,golden-cobra-snakehead-2,golden-cobra-snakehead,Golden Cobra Snakehead,Snakehead,Channidae,Asia / Africa,Intermediate-Advanced,Aggressive,All levels,200-475 L (species-dependent),6-40 in — varies hugely by species,22-28°C,6.0-7.5,Soft-Medium (5-15 dGH),Carnivore,Solitary or bonded pair,10-15 years,5-6 in,"Golden Cobra Snakehead is a predatory air-breathing snakehead. Species range from ~15 cm dwarves to metre-long giants, so the exact species dictates tank size. All are escape artists and hunters.","A tight, weighted lid is essential — snakeheads are determined jumpers. | Predatory: do not house with fish small enough to be eaten. | Confirm the species' adult size before buying — it ranges from 15 cm to over 1 m.",aqa-brineshrimp-flakes,,Predatory — feed meaty foods sized to the fish.,https://care.best4pets.in/fish/golden-cobra-snakehead-2,https://care.best4pets.in/fish/golden-cobra-snakehead-2/care/,https://best4pets.in/products/golden-cobra-snakehead,"Golden Cobra Snakehead 5-6"""
RA-FSH-0448,red-mosaic-channa,red-mosaic-channa,Red Mosaic Channa,Snakehead,Channidae,Asia / Africa,Intermediate-Advanced,Aggressive,All levels,200-475 L (species-dependent),6-40 in — varies hugely by species,22-28°C,6.0-7.5,Soft-Medium (5-15 dGH),Carnivore,Solitary or bonded pair,10-15 years,,"Red Mosaic Channa is a predatory air-breathing snakehead. Species range from ~15 cm dwarves to metre-long giants, so the exact species dictates tank size. All are escape artists and hunters.","A tight, weighted lid is essential — snakeheads are determined jumpers. | Predatory: do not house with fish small enough to be eaten. | Confirm the species' adult size before buying — it ranges from 15 cm to over 1 m.",aqa-brineshrimp-flakes,,Predatory — feed meaty foods sized to the fish.,https://care.best4pets.in/fish/red-mosaic-channa,https://care.best4pets.in/fish/red-mosaic-channa/care/,https://best4pets.in/products/red-mosaic-channa,Red Mosaic Channa
RA-FSH-0449,channa-stewartii-2,channa-stewartii-6,Channa stewartii,Snakehead,Channidae,Asia / Africa,Intermediate-Advanced,Aggressive,All levels,200-475 L (species-dependent),6-40 in — varies hugely by species,22-28°C,6.0-7.5,Soft-Medium (5-15 dGH),Carnivore,Solitary or bonded pair,10-15 years,10 in,"Channa stewartii is a predatory air-breathing snakehead. Species range from ~15 cm dwarves to metre-long giants, so the exact species dictates tank size. All are escape artists and hunters.","A tight, weighted lid is essential — snakeheads are determined jumpers. | Predatory: do not house with fish small enough to be eaten. | Confirm the species' adult size before buying — it ranges from 15 cm to over 1 m.",aqa-brineshrimp-flakes,,Predatory — feed meaty foods sized to the fish.,https://care.best4pets.in/fish/channa-stewartii-2,https://care.best4pets.in/fish/channa-stewartii-2/care/,https://best4pets.in/products/channa-stewartii-6,Channa stewartii Jumbo 10inch
RA-FSH-0450,channa-andrao-2,channa-andrao-4,Channa andrao,Snakehead,Channidae,Asia / Africa,Intermediate-Advanced,Aggressive,All levels,200-475 L (species-dependent),6-40 in — varies hugely by species,22-28°C,6.0-7.5,Soft-Medium (5-15 dGH),Carnivore,Solitary or bonded pair,10-15 years,3 in,"Channa andrao is a predatory air-breathing snakehead. Species range from ~15 cm dwarves to metre-long giants, so the exact species dictates tank size. All are escape artists and hunters.","A tight, weighted lid is essential — snakeheads are determined jumpers. | Predatory: do not house with fish small enough to be eaten. | Confirm the species' adult size before buying — it ranges from 15 cm to over 1 m.",aqa-brineshrimp-flakes,,Predatory — feed meaty foods sized to the fish.,https://care.best4pets.in/fish/channa-andrao-2,https://care.best4pets.in/fish/channa-andrao-2/care/,https://best4pets.in/products/channa-andrao-4,"Channa andrao 3"""
RA-FSH-0451,mudskipper,blue-mudskipper,Mudskipper,Goby,Gobiidae,Varies,Intermediate,Peaceful (with care),Bottom,40-75 L,1-3 in (2.5-8 cm),22-26°C,7.0-8.0,Medium-Hard (8-15 dGH),Carnivore,Pairs or single,3-5 years,,"Mudskipper is a small bottom goby, often territorial over a favourite cave. Some are strictly freshwater grazers while others (e.g. bumblebee gobies) prefer brackish water — check the species.",Confirm freshwater vs. brackish needs for the exact species. | Offer small live/frozen foods; many ignore dry flake. | Provide caves/territories — gobies defend a small patch.,aqa-brineshrimp-flakes,,Offer small live/frozen foods; many ignore flake.,https://care.best4pets.in/fish/mudskipper,https://care.best4pets.in/fish/mudskipper/care/,https://best4pets.in/products/blue-mudskipper,Mudskipper (Pair)
RA-FSH-0452,tri-colour-golden-barbs,tri-colour-golden-barbs,Tri Colour Golden Barbs,Barb,Cyprinidae,Asia,Beginner-Intermediate,Semi-aggressive,Middle,115 L,2-3 in (5-8 cm),22-26°C,6.0-7.5,Soft-Medium (4-15 dGH),Omnivore,Shoal of 6 or more,5 years,,"Tri Colour Golden Barbs is an active, hardy barb. Kept in good numbers it's a lively community fish, but small groups can turn nippy toward long-finned tankmates.","Keep a shoal of 6+ to spread out natural nipping behaviour. | Avoid slow, long-finned tankmates (e.g. bettas, angelfish, guppies). | Provide open swimming space for this fast, energetic fish.",aqa-micro-pellet-colour-enhancing,aqa-brineshrimp-flakes,,https://care.best4pets.in/fish/tri-colour-golden-barbs,https://care.best4pets.in/fish/tri-colour-golden-barbs/care/,https://best4pets.in/products/tri-colour-golden-barbs,Tri Colour Golden Barbs
RA-FSH-0453,blind-cave-tetra,blind-cave-tetra,Blind Cave Tetra,Tetra/Characin,Characidae,South America,Beginner,Peaceful,Middle,75 L,1.5-2.5 in (4-6 cm),22-27°C,5.5-7.5,Soft-Medium (2-15 dGH),Omnivore,Shoal of 6 or more,3-5 years,,"Blind Cave Tetra is a small, active schooling characin that shows its best colour and behaviour in a group. Peaceful and undemanding, it's ideal for planted community aquariums.","Keep in a shoal of at least 6 — lone specimens are shy and washed-out. | Offer a varied diet of quality micro-pellets, flakes and frozen foods. | Best in a planted tank with open swimming space and gentle flow.",aqa-micro-pellet-colour-enhancing,aqa-brineshrimp-flakes,,https://care.best4pets.in/fish/blind-cave-tetra,https://care.best4pets.in/fish/blind-cave-tetra/care/,https://best4pets.in/products/blind-cave-tetra,Blind Cave Tetra
RA-FSH-0454,pygmy-cory,pygmy-cory,Pygmy Cory,Corydoras,Callichthyidae,South America,Beginner,Peaceful,Bottom,75 L,1-3 in (2.5-8 cm),22-26°C,6.0-7.5,Soft-Medium (2-15 dGH),Omnivore (bottom),Shoal of 6 or more,5-8 years,,"Pygmy Cory is a peaceful, sociable bottom-dwelling catfish that shoals and constantly forages. A superb, hardy community cleanup fish that's happiest in a group.",Use smooth sand or rounded gravel to protect their delicate barbels. | Keep 6+ together — Corydoras are highly social and stressed when alone. | Feed sinking foods; don't assume they'll survive on leftovers alone.,aqa-micro-pellet-economy,aqa-brineshrimp-flakes,Use a sinking pellet so this bottom-feeder gets its share.,https://care.best4pets.in/fish/pygmy-cory,https://care.best4pets.in/fish/pygmy-cory/care/,https://best4pets.in/products/pygmy-cory,Pygmy Cory (Pair)
RA-FSH-0455,fire-eel,fire-eel-10,Fire Eel,Oddball/Predator,Various,Varies,Intermediate-Advanced,Aggressive,All levels,280-1140+ L (species-dependent),6-48 in — varies hugely by species,24-28°C,6.5-7.5,Soft-Medium (5-15 dGH),Carnivore,Solitary or species-dependent,10-20 years,7 in,"Fire Eel is a specialist 'oddball' predator (such as bichirs, arowana, gar, knifefish or eels). Most grow large and hunt, so the exact species dictates tank size and tankmates.","Use a tight, weighted lid — most oddball predators jump or climb. | Predatory: never house with fish small enough to be swallowed. | Research the exact species — many outgrow standard aquariums dramatically.",aqa-brineshrimp-flakes,,Predatory — feed meaty foods sized to the fish; large species need large prey items.,https://care.best4pets.in/fish/fire-eel,https://care.best4pets.in/fish/fire-eel/care/,https://best4pets.in/products/fire-eel-10,"Fire Eel 7"""
RA-FSH-0456,red-beckfordi-pencilfish,red-beckfordi-pencilfish,Red Beckfordi Pencilfish,Pencilfish/Hatchet,Lebiasinidae / Gasteropelecidae,South America,Intermediate,Peaceful,Top,75 L,1-2.5 in (2.5-6 cm),23-28°C,5.5-7.0,Soft (2-10 dGH),Carnivore (micro/surface),Shoal of 6 or more,3-5 years,,"Red Beckfordi Pencilfish is a peaceful surface-oriented shoaler. Pencilfish and hatchets take small foods from the top and need calm water, cover and — for hatchets especially — a secure lid.","Keep a tight-fitting lid — hatchetfish are champion jumpers. | Offer small floating/surface foods and frozen micro-foods. | Soft water, gentle flow and a shoal of 6+ keep them settled.",aqa-micro-pellet-colour-enhancing,aqa-brineshrimp-flakes,Feed small surface/floating foods.,https://care.best4pets.in/fish/red-beckfordi-pencilfish,https://care.best4pets.in/fish/red-beckfordi-pencilfish/care/,https://best4pets.in/products/red-beckfordi-pencilfish,Red Beckfordi Pencilfish (Pair)
RA-FSH-0457,emerald-rasbora,emerald-dwarf-rasbora,Emerald Rasbora,Rasbora,Cyprinidae,Southeast Asia,Beginner,Peaceful,Middle,40-75 L,0.75-2 in (2-5 cm),23-27°C,5.5-7.0,Soft-Medium (2-12 dGH),Omnivore,Shoal of 8 or more,3-5 years,,Emerald Rasbora is a peaceful nano cyprinid that shoals tightly and suits planted and nano aquascapes. Its small size and calm nature make it a community favourite.,"Keep 8+ together for a confident, colourful shoal. | Soft, slightly acidic water and planted cover bring out the best colour. | Feed small foods — micro-pellets, crushed flake and frozen daphnia/cyclops.",aqa-micro-pellet-colour-enhancing,aqa-brineshrimp-flakes,,https://care.best4pets.in/fish/emerald-rasbora,https://care.best4pets.in/fish/emerald-rasbora/care/,https://best4pets.in/products/emerald-dwarf-rasbora,Emerald Rasbora (Pair)
RA-FSH-0458,coral-red-pencilfish,coral-red-pencilfish-2-2cm,Coral Red Pencilfish,Pencilfish/Hatchet,Lebiasinidae / Gasteropelecidae,South America,Intermediate,Peaceful,Top,75 L,1-2.5 in (2.5-6 cm),23-28°C,5.5-7.0,Soft (2-10 dGH),Carnivore (micro/surface),Shoal of 6 or more,3-5 years,2.2 cm,"Coral Red Pencilfish is a peaceful surface-oriented shoaler. Pencilfish and hatchets take small foods from the top and need calm water, cover and — for hatchets especially — a secure lid.","Keep a tight-fitting lid — hatchetfish are champion jumpers. | Offer small floating/surface foods and frozen micro-foods. | Soft water, gentle flow and a shoal of 6+ keep them settled.",aqa-micro-pellet-colour-enhancing,aqa-brineshrimp-flakes,Feed small surface/floating foods.,https://care.best4pets.in/fish/coral-red-pencilfish,https://care.best4pets.in/fish/coral-red-pencilfish/care/,https://best4pets.in/products/coral-red-pencilfish-2-2cm,Coral Red Pencilfish 2.2cm
RA-FSH-0459,apistogramma-hongsloi-pair,apistogramma-hongsloi,Apistogramma Hongsloi Pair,Dwarf Cichlid (Apisto/Ram),Cichlidae,South America,Intermediate,Peaceful (with care),Bottom-Middle,75-115 L,2-3.5 in (5-9 cm),26-29°C,5.5-7.0,Soft (2-10 dGH),Carnivore/Omnivore,Pairs,2-4 years,,"Apistogramma Hongsloi Pair is a colourful dwarf cichlid best kept as a pair in warm, soft water with caves and territory. Peaceful in a community, but defends a small breeding territory.","Warm, soft, slightly acidic water suits dwarf cichlids best. | Provide caves and broken sight-lines so a pair can hold territory. | Rams (Mikrogeophagus) want the warm end (28-30°C) and stable water.",aqa-cichlid-colour-enhancer,aqa-brineshrimp-flakes,,https://care.best4pets.in/fish/apistogramma-hongsloi-pair,https://care.best4pets.in/fish/apistogramma-hongsloi-pair/care/,https://best4pets.in/products/apistogramma-hongsloi,Apistogramma Hongsloi Pair
RA-FSH-0460,bi-colour-cichlid-4,bi-colour-cichlid-4-5,Bi-Colour Cichlid,Cichlid (other),Cichlidae,Varies,Intermediate,Semi-aggressive,All levels,150-200 L,4-8 in — varies by species,23-28°C,6.5-8.0,Medium (5-20 dGH),Omnivore,Species-dependent,8-12 years,4.5 in,Bi-Colour Cichlid is a cichlid whose exact requirements depend on its species and region. As a group these fish are territorial and appreciate structured decor and defined territories.,Confirm the species' origin (African rift vs. New World) to set the right water hardness. | Provide territory and broken sight-lines to reduce aggression. | Match tankmates to the species' adult size and temperament.,aqa-cichlid-colour-enhancer,aqa-brineshrimp-flakes,,https://care.best4pets.in/fish/bi-colour-cichlid-4,https://care.best4pets.in/fish/bi-colour-cichlid-4/care/,https://best4pets.in/products/bi-colour-cichlid-4-5,"Bi-Colour Cichlid 4.5"""
RA-FSH-0461,fusco-cichlid,fusco-cichlid-2-5,Fusco Cichlid,Cichlid (other),Cichlidae,Varies,Intermediate,Semi-aggressive,All levels,150-200 L,4-8 in — varies by species,23-28°C,6.5-8.0,Medium (5-20 dGH),Omnivore,Species-dependent,8-12 years,2.5 in,Fusco Cichlid is a cichlid whose exact requirements depend on its species and region. As a group these fish are territorial and appreciate structured decor and defined territories.,Confirm the species' origin (African rift vs. New World) to set the right water hardness. | Provide territory and broken sight-lines to reduce aggression. | Match tankmates to the species' adult size and temperament.,aqa-cichlid-colour-enhancer,aqa-brineshrimp-flakes,,https://care.best4pets.in/fish/fusco-cichlid,https://care.best4pets.in/fish/fusco-cichlid/care/,https://best4pets.in/products/fusco-cichlid-2-5,"Fusco Cichlid 2.5"""
RA-FSH-0462,placidochromis-johnstoni,placidochromis-johnstoni-2-5,Placidochromis johnstoni,African Rift Cichlid (Malawi),Cichlidae,"Lake Malawi, East Africa",Intermediate,Aggressive,All levels,200 L,4-6 in (10-15 cm),24-28°C,7.8-8.6,Hard / Alkaline (10-20 dGH),Omnivore,Groups (species-appropriate),8-10 years,2.5 in,"Placidochromis johnstoni is a colourful, boldly territorial Lake Malawi cichlid. It needs hard, alkaline water and a rocky, cave-filled aquascape, with stocking planned to spread aggression.","Hard, alkaline water is essential — not for soft-water community tanks. | Build rockwork with many caves; keep them appropriately stocked to diffuse aggression. | Mbuna need veg-based food (avoid excess protein → Malawi bloat); peacocks/haps take more protein.",aqa-cichlid-colour-enhancer,aqa-brineshrimp-flakes,Mbuna are veg-leaning — keep protein moderate to avoid bloat.,https://care.best4pets.in/fish/placidochromis-johnstoni,https://care.best4pets.in/fish/placidochromis-johnstoni/care/,https://best4pets.in/products/placidochromis-johnstoni-2-5,"Placidochromis johnstoni 2.5"""
RA-FSH-0463,eureka-red-firebird-peacock,eureka-red-firebird-peacock-3-5,Eureka Red Firebird Peacock,African Rift Cichlid (Malawi),Cichlidae,"Lake Malawi, East Africa",Intermediate,Aggressive,All levels,200 L,4-6 in (10-15 cm),24-28°C,7.8-8.6,Hard / Alkaline (10-20 dGH),Omnivore,Groups (species-appropriate),8-10 years,2.5 in,"Eureka Red Firebird Peacock is a colourful, boldly territorial Lake Malawi cichlid. It needs hard, alkaline water and a rocky, cave-filled aquascape, with stocking planned to spread aggression.","Hard, alkaline water is essential — not for soft-water community tanks. | Build rockwork with many caves; keep them appropriately stocked to diffuse aggression. | Mbuna need veg-based food (avoid excess protein → Malawi bloat); peacocks/haps take more protein.",aqa-cichlid-colour-enhancer,aqa-brineshrimp-flakes,Mbuna are veg-leaning — keep protein moderate to avoid bloat.,https://care.best4pets.in/fish/eureka-red-firebird-peacock,https://care.best4pets.in/fish/eureka-red-firebird-peacock/care/,https://best4pets.in/products/eureka-red-firebird-peacock-3-5,"Eureka Red Firebird Peacock 2.5"" (Pair)"
RA-FSH-0464,yellow-sunshine-peacock-3,yellow-sunshine-peacock-2,Yellow Sunshine Peacock,African Rift Cichlid (Malawi),Cichlidae,"Lake Malawi, East Africa",Intermediate,Aggressive,All levels,200 L,4-6 in (10-15 cm),24-28°C,7.8-8.6,Hard / Alkaline (10-20 dGH),Omnivore,Groups (species-appropriate),8-10 years,3.5-4 in,"Yellow Sunshine Peacock is a colourful, boldly territorial Lake Malawi cichlid. It needs hard, alkaline water and a rocky, cave-filled aquascape, with stocking planned to spread aggression.","Hard, alkaline water is essential — not for soft-water community tanks. | Build rockwork with many caves; keep them appropriately stocked to diffuse aggression. | Mbuna need veg-based food (avoid excess protein → Malawi bloat); peacocks/haps take more protein.",aqa-cichlid-colour-enhancer,aqa-brineshrimp-flakes,Mbuna are veg-leaning — keep protein moderate to avoid bloat.,https://care.best4pets.in/fish/yellow-sunshine-peacock-3,https://care.best4pets.in/fish/yellow-sunshine-peacock-3/care/,https://best4pets.in/products/yellow-sunshine-peacock-2,"Yellow Sunshine Peacock Import 3.5-4"""
RA-FSH-0465,red-peacock-cichlid,red-peacock-cichlid-1,Red Peacock Cichlid,African Rift Cichlid (Malawi),Cichlidae,"Lake Malawi, East Africa",Intermediate,Aggressive,All levels,200 L,4-6 in (10-15 cm),24-28°C,7.8-8.6,Hard / Alkaline (10-20 dGH),Omnivore,Groups (species-appropriate),8-10 years,,"Red Peacock Cichlid is a colourful, boldly territorial Lake Malawi cichlid. It needs hard, alkaline water and a rocky, cave-filled aquascape, with stocking planned to spread aggression.","Hard, alkaline water is essential — not for soft-water community tanks. | Build rockwork with many caves; keep them appropriately stocked to diffuse aggression. | Mbuna need veg-based food (avoid excess protein → Malawi bloat); peacocks/haps take more protein.",aqa-cichlid-colour-enhancer,aqa-brineshrimp-flakes,Mbuna are veg-leaning — keep protein moderate to avoid bloat.,https://care.best4pets.in/fish/red-peacock-cichlid,https://care.best4pets.in/fish/red-peacock-cichlid/care/,https://best4pets.in/products/red-peacock-cichlid-1,Red Peacock Cichlid
RA-FSH-0466,elephant-ear-halfmoon-betta,important-elephant-ear-halfmoon-betta,Elephant Ear Halfmoon Betta,Betta,Osphronemidae,Southeast Asia,Beginner,Aggressive,Top-Middle,20 L,2.5-3 in (6-8 cm),24-28°C,6.0-7.5,Soft-Medium (2-15 dGH),Carnivore,Solitary (one male per tank),3-5 years,,"Elephant Ear Halfmoon Betta is a labyrinth fish that breathes air from the surface. Males are beautiful but territorial and must be kept one to a tank; they prefer warm, still water.","One male per tank — males fight, sometimes to the death. | Warm, stable water and gentle flow (strong currents stress them). | Carnivore: feed betta pellets plus frozen bloodworms/brine shrimp.",aqa-micro-pellet-colour-enhancing,aqa-brineshrimp-flakes,,https://care.best4pets.in/fish/elephant-ear-halfmoon-betta,https://care.best4pets.in/fish/elephant-ear-halfmoon-betta/care/,https://best4pets.in/products/important-elephant-ear-halfmoon-betta,Import Elephant Ear Halfmoon Betta
RA-FSH-0467,seven-colour-guppy,seven-colour-guppy-pairs,Seven Colour Guppy,Guppy/Endler,Poeciliidae,Central/South America (livebearer),Beginner,Peaceful,Top-Middle,40-75 L,1-2.5 in (2.5-6 cm),22-28°C,7.0-8.0,Medium-Hard (8-20 dGH),Omnivore,Groups (more females than males),2-3 years,,"Seven Colour Guppy is a colourful, hardy livebearer and one of the easiest fish in the hobby. It breeds readily and thrives in harder, alkaline water.","Prefers harder, alkaline water — avoid soft, acidic setups. | Keep 2-3 females per male to reduce harassment of females. | Breeds prolifically; provide plant cover for fry or expect a growing colony.",aqa-micro-pellet-colour-enhancing,aqa-brineshrimp-flakes,,https://care.best4pets.in/fish/seven-colour-guppy,https://care.best4pets.in/fish/seven-colour-guppy/care/,https://best4pets.in/products/seven-colour-guppy-pairs,Seven Colour Guppy (Male)
RA-FSH-0468,metal-black-guppy,metal-black-guppy-pairs,Metal Black Guppy,Guppy/Endler,Poeciliidae,Central/South America (livebearer),Beginner,Peaceful,Top-Middle,40-75 L,1-2.5 in (2.5-6 cm),22-28°C,7.0-8.0,Medium-Hard (8-20 dGH),Omnivore,Groups (more females than males),2-3 years,,"Metal Black Guppy is a colourful, hardy livebearer and one of the easiest fish in the hobby. It breeds readily and thrives in harder, alkaline water.","Prefers harder, alkaline water — avoid soft, acidic setups. | Keep 2-3 females per male to reduce harassment of females. | Breeds prolifically; provide plant cover for fry or expect a growing colony.",aqa-micro-pellet-colour-enhancing,aqa-brineshrimp-flakes,,https://care.best4pets.in/fish/metal-black-guppy,https://care.best4pets.in/fish/metal-black-guppy/care/,https://best4pets.in/products/metal-black-guppy-pairs,Metal Black Guppy (Pairs)
RA-FSH-0469,albino-pegasus-guppy,albino-pegasus-guppy-pairs,Albino Pegasus Guppy,Guppy/Endler,Poeciliidae,Central/South America (livebearer),Beginner,Peaceful,Top-Middle,40-75 L,1-2.5 in (2.5-6 cm),22-28°C,7.0-8.0,Medium-Hard (8-20 dGH),Omnivore,Groups (more females than males),2-3 years,,"Albino Pegasus Guppy is a colourful, hardy livebearer and one of the easiest fish in the hobby. It breeds readily and thrives in harder, alkaline water.","Prefers harder, alkaline water — avoid soft, acidic setups. | Keep 2-3 females per male to reduce harassment of females. | Breeds prolifically; provide plant cover for fry or expect a growing colony.",aqa-micro-pellet-colour-enhancing,aqa-brineshrimp-flakes,,https://care.best4pets.in/fish/albino-pegasus-guppy,https://care.best4pets.in/fish/albino-pegasus-guppy/care/,https://best4pets.in/products/albino-pegasus-guppy-pairs,Albino Pegasus Guppy (Pairs)
RA-FSH-0470,albino-koi-guppy,albino-koi-guppy-pairs,Albino Koi Guppy,Koi,Cyprinidae (pond),Selectively bred (Japan),Intermediate,Peaceful,All levels,"Pond, 950+ L",24-36 in (60-90 cm),15-25°C,7.0-8.5,Medium-Hard (8-20 dGH),Omnivore,Groups,20-30+ years,,"Albino Koi Guppy is a pond fish, not an aquarium fish — it reaches 60-90 cm and lives for decades. It needs a large pond with powerful filtration and aeration.",A POND fish: an aquarium is only suitable for short-term grow-out. | Plan for a very large adult size and heavy filtration. | Tolerates cool water well; feed less as temperatures drop.,aqa-micro-pellet-economy,,Use a pond staple sized to the fish; add vegetable matter.,https://care.best4pets.in/fish/albino-koi-guppy,https://care.best4pets.in/fish/albino-koi-guppy/care/,https://best4pets.in/products/albino-koi-guppy-pairs,Albino Koi Guppy (Pairs)
RA-FSH-0471,blue-king-cobra-guppy,blue-king-cobra-guppy-pairs,Blue King Cobra Guppy,Guppy/Endler,Poeciliidae,Central/South America (livebearer),Beginner,Peaceful,Top-Middle,40-75 L,1-2.5 in (2.5-6 cm),22-28°C,7.0-8.0,Medium-Hard (8-20 dGH),Omnivore,Groups (more females than males),2-3 years,,"Blue King Cobra Guppy is a colourful, hardy livebearer and one of the easiest fish in the hobby. It breeds readily and thrives in harder, alkaline water.","Prefers harder, alkaline water — avoid soft, acidic setups. | Keep 2-3 females per male to reduce harassment of females. | Breeds prolifically; provide plant cover for fry or expect a growing colony.",aqa-micro-pellet-colour-enhancing,aqa-brineshrimp-flakes,,https://care.best4pets.in/fish/blue-king-cobra-guppy,https://care.best4pets.in/fish/blue-king-cobra-guppy/care/,https://best4pets.in/products/blue-king-cobra-guppy-pairs,Blue King Cobra Guppy (Pairs)
RA-FSH-0472,albino-full-red-guppy,albino-full-red-guppy-pairs,Albino Full Red Guppy,Guppy/Endler,Poeciliidae,Central/South America (livebearer),Beginner,Peaceful,Top-Middle,40-75 L,1-2.5 in (2.5-6 cm),22-28°C,7.0-8.0,Medium-Hard (8-20 dGH),Omnivore,Groups (more females than males),2-3 years,,"Albino Full Red Guppy is a colourful, hardy livebearer and one of the easiest fish in the hobby. It breeds readily and thrives in harder, alkaline water.","Prefers harder, alkaline water — avoid soft, acidic setups. | Keep 2-3 females per male to reduce harassment of females. | Breeds prolifically; provide plant cover for fry or expect a growing colony.",aqa-micro-pellet-colour-enhancing,aqa-brineshrimp-flakes,,https://care.best4pets.in/fish/albino-full-red-guppy,https://care.best4pets.in/fish/albino-full-red-guppy/care/,https://best4pets.in/products/albino-full-red-guppy-pairs,Albino Full Red Guppy (Pair)
RA-FSH-0473,hb-white-guppy,hb-white-guppy-pairs,HB White Guppy,Guppy/Endler,Poeciliidae,Central/South America (livebearer),Beginner,Peaceful,Top-Middle,40-75 L,1-2.5 in (2.5-6 cm),22-28°C,7.0-8.0,Medium-Hard (8-20 dGH),Omnivore,Groups (more females than males),2-3 years,,"HB White Guppy is a colourful, hardy livebearer and one of the easiest fish in the hobby. It breeds readily and thrives in harder, alkaline water.","Prefers harder, alkaline water — avoid soft, acidic setups. | Keep 2-3 females per male to reduce harassment of females. | Breeds prolifically; provide plant cover for fry or expect a growing colony.",aqa-micro-pellet-colour-enhancing,aqa-brineshrimp-flakes,,https://care.best4pets.in/fish/hb-white-guppy,https://care.best4pets.in/fish/hb-white-guppy/care/,https://best4pets.in/products/hb-white-guppy-pairs,HB White Guppy (Pair)
RA-FSH-0474,albino-grass-guppy,albino-grass-guppy-pairs,Albino Grass Guppy,Guppy/Endler,Poeciliidae,Central/South America (livebearer),Beginner,Peaceful,Top-Middle,40-75 L,1-2.5 in (2.5-6 cm),22-28°C,7.0-8.0,Medium-Hard (8-20 dGH),Omnivore,Groups (more females than males),2-3 years,,"Albino Grass Guppy is a colourful, hardy livebearer and one of the easiest fish in the hobby. It breeds readily and thrives in harder, alkaline water.","Prefers harder, alkaline water — avoid soft, acidic setups. | Keep 2-3 females per male to reduce harassment of females. | Breeds prolifically; provide plant cover for fry or expect a growing colony.",aqa-micro-pellet-colour-enhancing,aqa-brineshrimp-flakes,,https://care.best4pets.in/fish/albino-grass-guppy,https://care.best4pets.in/fish/albino-grass-guppy/care/,https://best4pets.in/products/albino-grass-guppy-pairs,Albino Grass Guppy (Pairs)
RA-FSH-0475,chilli-mosaic-dumbo-ear-guppy,chilli-mosaic-guppy-pairs,Chilli Mosaic Dumbo Ear Guppy,Guppy/Endler,Poeciliidae,Central/South America (livebearer),Beginner,Peaceful,Top-Middle,40-75 L,1-2.5 in (2.5-6 cm),22-28°C,7.0-8.0,Medium-Hard (8-20 dGH),Omnivore,Groups (more females than males),2-3 years,,"Chilli Mosaic Dumbo Ear Guppy is a colourful, hardy livebearer and one of the easiest fish in the hobby. It breeds readily and thrives in harder, alkaline water.","Prefers harder, alkaline water — avoid soft, acidic setups. | Keep 2-3 females per male to reduce harassment of females. | Breeds prolifically; provide plant cover for fry or expect a growing colony.",aqa-micro-pellet-colour-enhancing,aqa-brineshrimp-flakes,,https://care.best4pets.in/fish/chilli-mosaic-dumbo-ear-guppy,https://care.best4pets.in/fish/chilli-mosaic-dumbo-ear-guppy/care/,https://best4pets.in/products/chilli-mosaic-guppy-pairs,Chilli Mosaic Dumbo  Ear Guppy (Pairs)
RA-FSH-0476,halfmoon-guppy,halfmoon-guppy,Halfmoon Guppy,Betta,Osphronemidae,Southeast Asia,Beginner,Aggressive,Top-Middle,20 L,2.5-3 in (6-8 cm),24-28°C,6.0-7.5,Soft-Medium (2-15 dGH),Carnivore,Solitary (one male per tank),3-5 years,,"Halfmoon Guppy is a labyrinth fish that breathes air from the surface. Males are beautiful but territorial and must be kept one to a tank; they prefer warm, still water.","One male per tank — males fight, sometimes to the death. | Warm, stable water and gentle flow (strong currents stress them). | Carnivore: feed betta pellets plus frozen bloodworms/brine shrimp.",aqa-micro-pellet-colour-enhancing,aqa-brineshrimp-flakes,,https://care.best4pets.in/fish/halfmoon-guppy,https://care.best4pets.in/fish/halfmoon-guppy/care/,https://best4pets.in/products/halfmoon-guppy,Halfmoon Guppy
RA-FSH-0477,hb-blue-guppy,hb-blue-guppy-pair,HB Blue Guppy,Guppy/Endler,Poeciliidae,Central/South America (livebearer),Beginner,Peaceful,Top-Middle,40-75 L,1-2.5 in (2.5-6 cm),22-28°C,7.0-8.0,Medium-Hard (8-20 dGH),Omnivore,Groups (more females than males),2-3 years,,"HB Blue Guppy is a colourful, hardy livebearer and one of the easiest fish in the hobby. It breeds readily and thrives in harder, alkaline water.","Prefers harder, alkaline water — avoid soft, acidic setups. | Keep 2-3 females per male to reduce harassment of females. | Breeds prolifically; provide plant cover for fry or expect a growing colony.",aqa-micro-pellet-colour-enhancing,aqa-brineshrimp-flakes,,https://care.best4pets.in/fish/hb-blue-guppy,https://care.best4pets.in/fish/hb-blue-guppy/care/,https://best4pets.in/products/hb-blue-guppy-pair,HB Blue Guppy (Pair)
RA-FSH-0478,guianacara-gaeyi,guianacara-gaeyi-1-75,Guianacara gaeyi,Eartheater/Geophagus,Cichlidae,South America,Intermediate,Peaceful (with care),Bottom,280 L,6-12 in (15-30 cm),26-30°C,5.5-7.5,Soft-Medium (2-12 dGH),Omnivore (sand-sifter),Groups,10+ years,2 in,"Guianacara gaeyi is a large but generally peaceful 'eartheater' that sifts sand for food. It needs a big tank, warm soft water and a fine sand bed to show natural behaviour.","Use a fine sand substrate so it can sift naturally (protects gills). | Warm, soft water and a spacious tank; best kept in groups. | Peaceful for its size, but plan for a large adult and heavy bioload.",aqa-cichlid-colour-enhancer,aqa-brineshrimp-flakes,,https://care.best4pets.in/fish/guianacara-gaeyi,https://care.best4pets.in/fish/guianacara-gaeyi/care/,https://best4pets.in/products/guianacara-gaeyi-1-75,"Guianacara gaeyi 2"" (Pair)"
RA-FSH-0479,black-oranda,black-oranda-import-5,Black Oranda,Goldfish,Cyprinidae (coldwater),Selectively bred (China),Beginner-Intermediate,Peaceful,All levels,75-115 L per fish,6-8 in fancy (15-20 cm),18-24°C,7.0-8.4,Medium-Hard (8-20 dGH),Omnivore,Groups,10-15+ years,4 in,"Black Oranda is a hardy coldwater fish that needs no heater but produces a heavy bioload, so strong filtration and space are essential. A long-lived, personable pet.",Coldwater fish — no heater needed; keep below ~24°C. | Big bioload: over-filter and do generous water changes. | Feed sinking foods to fancy types to reduce swim-bladder/buoyancy issues.,aqa-micro-pellet-economy,,Feed a sinking staple plus vegetable matter; avoid overfeeding.,https://care.best4pets.in/fish/black-oranda,https://care.best4pets.in/fish/black-oranda/care/,https://best4pets.in/products/black-oranda-import-5,"Black Oranda 4"""
RA-FSH-0480,madagascar-rainbowfish,madagascar-rainbowfish,Madagascar Rainbowfish,Rainbowfish,Melanotaeniidae,Australia / New Guinea,Beginner-Intermediate,Peaceful,Middle-Top,115 L,2-5 in (5-13 cm),23-28°C,7.0-8.0,Medium-Hard (8-20 dGH),Omnivore,Shoal of 6 or more,5-8 years,1.5 in,"Madagascar Rainbowfish is an active, peaceful schooling fish whose colours intensify with age and in a group. It prefers neutral-to-hard water and plenty of open swimming space.","Keep 6+ — colour and confidence build in a shoal (and with mature males). | Neutral to slightly alkaline, harder water suits them well. | Give long open swimming lanes; they're fast, active swimmers.",aqa-micro-pellet-colour-enhancing,aqa-brineshrimp-flakes,,https://care.best4pets.in/fish/madagascar-rainbowfish,https://care.best4pets.in/fish/madagascar-rainbowfish/care/,https://best4pets.in/products/madagascar-rainbowfish,Madagascar Rainbowfish 1.5 inch
RA-FSH-0481,diamond-tetra,diamond-tetra,Diamond Tetra,Tetra/Characin,Characidae,South America,Beginner,Peaceful,Middle,75 L,1.5-2.5 in (4-6 cm),22-27°C,5.5-7.5,Soft-Medium (2-15 dGH),Omnivore,Shoal of 6 or more,3-5 years,,"Diamond Tetra is a small, active schooling characin that shows its best colour and behaviour in a group. Peaceful and undemanding, it's ideal for planted community aquariums.","Keep in a shoal of at least 6 — lone specimens are shy and washed-out. | Offer a varied diet of quality micro-pellets, flakes and frozen foods. | Best in a planted tank with open swimming space and gentle flow.",aqa-micro-pellet-colour-enhancing,aqa-brineshrimp-flakes,,https://care.best4pets.in/fish/diamond-tetra,https://care.best4pets.in/fish/diamond-tetra/care/,https://best4pets.in/products/diamond-tetra,Diamond Tetra Small
RA-FSH-0482,albino-neon-tetra,albino-neon-tetra-large,Albino Neon Tetra,Tetra/Characin,Characidae,South America,Beginner,Peaceful,Middle,75 L,1.5-2.5 in (4-6 cm),22-27°C,5.5-7.5,Soft-Medium (2-15 dGH),Omnivore,Shoal of 6 or more,3-5 years,,"Albino Neon Tetra is a small, active schooling characin that shows its best colour and behaviour in a group. Peaceful and undemanding, it's ideal for planted community aquariums.","Keep in a shoal of at least 6 — lone specimens are shy and washed-out. | Offer a varied diet of quality micro-pellets, flakes and frozen foods. | Best in a planted tank with open swimming space and gentle flow.",aqa-micro-pellet-colour-enhancing,aqa-brineshrimp-flakes,,https://care.best4pets.in/fish/albino-neon-tetra,https://care.best4pets.in/fish/albino-neon-tetra/care/,https://best4pets.in/products/albino-neon-tetra-large,Albino Neon Tetra (Pair)
RA-FSH-0483,black-ghost-knifefish-2,black-ghost-knifefish-3,Black Ghost Knifefish,Oddball/Predator,Various,Varies,Intermediate-Advanced,Aggressive,All levels,340 L,8-20 in (20-50 cm),24-28°C,6.5-7.5,Soft-Medium (5-15 dGH),Carnivore,Solitary or species-dependent,10-20 years,2 in,"Black Ghost Knifefish is a specialist 'oddball' predator (such as bichirs, arowana, gar, knifefish or eels). Most grow large and hunt, so the exact species dictates tank size and tankmates.","Use a tight, weighted lid — most oddball predators jump or climb. | Predatory: never house with fish small enough to be swallowed. | Research the exact species — many outgrow standard aquariums dramatically.",aqa-brineshrimp-flakes,,Predatory — feed meaty foods sized to the fish; large species need large prey items.,https://care.best4pets.in/fish/black-ghost-knifefish-2,https://care.best4pets.in/fish/black-ghost-knifefish-2/care/,https://best4pets.in/products/black-ghost-knifefish-3,"Black Ghost Knifefish 2"""
RA-FSH-0484,asian-red-tail-catfish,asian-red-tail-catfish-4,Asian Red Tail Catfish,Catfish (other),Siluriformes,Varies,Intermediate,Aggressive,Bottom,1140 L,24-48 in (60-120 cm),22-28°C,6.0-7.8,Soft-Medium (5-15 dGH),Omnivore/Carnivore,Species-dependent,8-15 years,4 in,"Asian Red Tail Catfish is a catfish whose needs depend heavily on species. Many are nocturnal and appreciate caves; some (e.g. Synodontis) stay moderate while others (shovelnose, redtail) grow very large.",Provide caves and shaded retreats — many catfish are nocturnal. | Confirm the species' adult size before buying; some grow far too large for home tanks. | Feed after lights-out with sinking foods to ensure they get enough.,aqa-micro-pellet-economy,aqa-brineshrimp-flakes,Feed after lights-out; larger/predatory species need meaty foods.,https://care.best4pets.in/fish/asian-red-tail-catfish,https://care.best4pets.in/fish/asian-red-tail-catfish/care/,https://best4pets.in/products/asian-red-tail-catfish-4,"Asian Red Tail Catfish 4"""
RA-FSH-0485,green-senegal,green-senegal-5,Green Senegal,Oddball/Predator,Various,Varies,Intermediate-Advanced,Aggressive,All levels,340 L,12-28 in (30-70 cm),24-28°C,6.5-7.5,Soft-Medium (5-15 dGH),Carnivore,Solitary or species-dependent,10-20 years,5 in,"Green Senegal is a specialist 'oddball' predator (such as bichirs, arowana, gar, knifefish or eels). Most grow large and hunt, so the exact species dictates tank size and tankmates.","Use a tight, weighted lid — most oddball predators jump or climb. | Predatory: never house with fish small enough to be swallowed. | Research the exact species — many outgrow standard aquariums dramatically.",aqa-brineshrimp-flakes,,Predatory — feed meaty foods sized to the fish; large species need large prey items.,https://care.best4pets.in/fish/green-senegal,https://care.best4pets.in/fish/green-senegal/care/,https://best4pets.in/products/green-senegal-5,"Green Senegal 5"""
RA-FSH-0486,ember-tetra,ember-tetra,Ember Tetra,Tetra/Characin,Characidae,South America,Beginner,Peaceful,Middle,75 L,1.5-2.5 in (4-6 cm),22-27°C,5.5-7.5,Soft-Medium (2-15 dGH),Omnivore,Shoal of 6 or more,3-5 years,,"Ember Tetra is a small, active schooling characin that shows its best colour and behaviour in a group. Peaceful and undemanding, it's ideal for planted community aquariums.","Keep in a shoal of at least 6 — lone specimens are shy and washed-out. | Offer a varied diet of quality micro-pellets, flakes and frozen foods. | Best in a planted tank with open swimming space and gentle flow.",aqa-micro-pellet-colour-enhancing,aqa-brineshrimp-flakes,,https://care.best4pets.in/fish/ember-tetra,https://care.best4pets.in/fish/ember-tetra/care/,https://best4pets.in/products/ember-tetra,Ember Tetra (Pair)
RA-FSH-0487,croaking-gourami,croaking-gourami-trichopsis-vittata-2inch,Croaking Gourami,Gourami/Anabantid,Osphronemidae,Southeast Asia,Beginner-Intermediate,Peaceful (with care),Top-Middle,75-115 L,2-6 in (5-15 cm),23-28°C,6.0-7.5,Soft-Medium (4-15 dGH),Omnivore,Pairs or single,3-5 years,,"Croaking Gourami is a labyrinth fish that gulps air at the surface and appreciates calm water. Generally peaceful, though males can be territorial with their own kind.","Keep calm water with surface access for air-breathing. | Avoid keeping multiple males in a small tank — they turn territorial. | Provide floating plants and gentle flow for a secure, settled fish.",aqa-micro-pellet-colour-enhancing,aqa-brineshrimp-flakes,,https://care.best4pets.in/fish/croaking-gourami,https://care.best4pets.in/fish/croaking-gourami/care/,https://best4pets.in/products/croaking-gourami-trichopsis-vittata-2inch,Croaking Gourami (Pair)
RA-FSH-0488,santa-claus-swordtail,xl-santa-claus-swordtail-kohaku-swordtail,Santa Claus Swordtail,Molly/Platy/Swordtail,Poeciliidae,Central America (livebearer),Beginner,Peaceful,Middle,75-115 L,2-5 in (5-13 cm),22-28°C,7.0-8.2,Medium-Hard (10-25 dGH),Omnivore (veg-leaning),Groups,3-5 years,,"Santa Claus Swordtail is a hardy, peaceful livebearer that does best in hard, alkaline water with plenty of vegetable matter in its diet. An easy, active community fish.","Hard, alkaline water keeps these livebearers healthiest (mollies especially). | Include algae/veg-based foods — blanched vegetables and spirulina. | Keep in groups; expect regular broods of live young.",aqa-micro-pellet-colour-enhancing,aqa-brineshrimp-flakes,Add algae/vegetable matter for this veg-leaning livebearer.,https://care.best4pets.in/fish/santa-claus-swordtail,https://care.best4pets.in/fish/santa-claus-swordtail/care/,https://best4pets.in/products/xl-santa-claus-swordtail-kohaku-swordtail,Santa Claus Swordtail (Pair)
RA-FSH-0489,electric-blue-ramirezi,xl-electric-blue-ramirezi,Electric Blue Ramirezi,Dwarf Cichlid (Apisto/Ram),Cichlidae,South America,Intermediate-Advanced,Peaceful (with care),Bottom-Middle,75-115 L,2-3.5 in (5-9 cm),28-30°C,5.5-7.0,Soft (2-10 dGH),Carnivore/Omnivore,Pairs,2-4 years,,"Electric Blue Ramirezi is a colourful dwarf cichlid best kept as a pair in warm, soft water with caves and territory. Peaceful in a community, but defends a small breeding territory.","Warm, soft, slightly acidic water suits dwarf cichlids best. | Provide caves and broken sight-lines so a pair can hold territory. | Rams (Mikrogeophagus) want the warm end (28-30°C) and stable water.",aqa-cichlid-colour-enhancer,aqa-brineshrimp-flakes,,https://care.best4pets.in/fish/electric-blue-ramirezi,https://care.best4pets.in/fish/electric-blue-ramirezi/care/,https://best4pets.in/products/xl-electric-blue-ramirezi,XL Electric Blue Ramirezi
RA-FSH-0490,yellow-tuxedo-guppy,yellow-tuxedo-guppy-pair,Yellow Tuxedo Guppy,Guppy/Endler,Poeciliidae,Central/South America (livebearer),Beginner,Peaceful,Top-Middle,40-75 L,1-2.5 in (2.5-6 cm),22-28°C,7.0-8.0,Medium-Hard (8-20 dGH),Omnivore,Groups (more females than males),2-3 years,,"Yellow Tuxedo Guppy is a colourful, hardy livebearer and one of the easiest fish in the hobby. It breeds readily and thrives in harder, alkaline water.","Prefers harder, alkaline water — avoid soft, acidic setups. | Keep 2-3 females per male to reduce harassment of females. | Breeds prolifically; provide plant cover for fry or expect a growing colony.",aqa-micro-pellet-colour-enhancing,aqa-brineshrimp-flakes,,https://care.best4pets.in/fish/yellow-tuxedo-guppy,https://care.best4pets.in/fish/yellow-tuxedo-guppy/care/,https://best4pets.in/products/yellow-tuxedo-guppy-pair,Yellow Tuxedo Guppy (Pair)
RA-FSH-0491,pearlscale-goldfish-2,pearlscale-goldfish-4,Pearlscale Goldfish,Goldfish,Cyprinidae (coldwater),Selectively bred (China),Beginner-Intermediate,Peaceful,All levels,75-115 L per fish,6-8 in fancy (15-20 cm),18-24°C,7.0-8.4,Medium-Hard (8-20 dGH),Omnivore,Groups,10-15+ years,1.5-2 in,"Pearlscale Goldfish is a hardy coldwater fish that needs no heater but produces a heavy bioload, so strong filtration and space are essential. A long-lived, personable pet.",Coldwater fish — no heater needed; keep below ~24°C. | Big bioload: over-filter and do generous water changes. | Feed sinking foods to fancy types to reduce swim-bladder/buoyancy issues.,aqa-micro-pellet-economy,,Feed a sinking staple plus vegetable matter; avoid overfeeding.,https://care.best4pets.in/fish/pearlscale-goldfish-2,https://care.best4pets.in/fish/pearlscale-goldfish-2/care/,https://best4pets.in/products/pearlscale-goldfish-4,"Pearlscale Goldfish 1.5-2"""
RA-FSH-0492,garra-sp-cichlid-algae-cleaner,garra-sp-cichlid-algae-cleaner-4inch,Garra sp. / Cichlid Algae Cleaner,Algae Eater/Misc,Cyprinidae,Southeast Asia,Beginner,Peaceful (with care),Bottom,115-190 L,4-6 in (10-16 cm),22-26°C,6.5-7.8,Soft-Medium (5-15 dGH),Omnivore (algae-leaning),Single or group of 6+,8-10 years,2 in,"Garra sp. / Cichlid Algae Cleaner is an active algae-grazing fish. True Siamese Algae Eaters are peaceful and among the few fish that eat black beard algae, but they need supplemental food and a secure lid.",Supplement algae grazing with algae wafers and blanched vegetables. | Active jumper — keep a secure lid; provide moderate flow and oxygen. | Keep singly or in a group of 6+ (avoid the aggressive Chinese Algae Eater).,aqa-micro-pellet-economy,,Grazes algae — supplement with algae wafers and vegetables.,https://care.best4pets.in/fish/garra-sp-cichlid-algae-cleaner,https://care.best4pets.in/fish/garra-sp-cichlid-algae-cleaner/care/,https://best4pets.in/products/garra-sp-cichlid-algae-cleaner-4inch,Garra sp. / Cichlid Algae Cleaner 2inch
RA-FSH-0493,lemon-fin-barb-puntius-jerdoni,lemon-fin-barb-puntius-jerdoni,Lemon Fin Barb / Puntius jerdoni,Barb,Cyprinidae,Asia,Beginner-Intermediate,Semi-aggressive,Middle,115 L,2-3 in (5-8 cm),22-26°C,6.0-7.5,Soft-Medium (4-15 dGH),Omnivore,Shoal of 6 or more,5 years,,"Lemon Fin Barb / Puntius jerdoni is an active, hardy barb. Kept in good numbers it's a lively community fish, but small groups can turn nippy toward long-finned tankmates.","Keep a shoal of 6+ to spread out natural nipping behaviour. | Avoid slow, long-finned tankmates (e.g. bettas, angelfish, guppies). | Provide open swimming space for this fast, energetic fish.",aqa-micro-pellet-colour-enhancing,aqa-brineshrimp-flakes,,https://care.best4pets.in/fish/lemon-fin-barb-puntius-jerdoni,https://care.best4pets.in/fish/lemon-fin-barb-puntius-jerdoni/care/,https://best4pets.in/products/lemon-fin-barb-puntius-jerdoni,Lemon Fin Barb / Puntius jerdoni
RA-FSH-0494,hi-fin-mango-platy,hi-fin-mango-platy-pairs-male-female,Hi Fin Mango Platy,Molly/Platy/Swordtail,Poeciliidae,Central America (livebearer),Beginner,Peaceful,Middle,75-115 L,2-5 in (5-13 cm),22-28°C,7.0-8.2,Medium-Hard (10-25 dGH),Omnivore (veg-leaning),Groups,3-5 years,,"Hi Fin Mango Platy is a hardy, peaceful livebearer that does best in hard, alkaline water with plenty of vegetable matter in its diet. An easy, active community fish.","Hard, alkaline water keeps these livebearers healthiest (mollies especially). | Include algae/veg-based foods — blanched vegetables and spirulina. | Keep in groups; expect regular broods of live young.",aqa-micro-pellet-colour-enhancing,aqa-brineshrimp-flakes,Add algae/vegetable matter for this veg-leaning livebearer.,https://care.best4pets.in/fish/hi-fin-mango-platy,https://care.best4pets.in/fish/hi-fin-mango-platy/care/,https://best4pets.in/products/hi-fin-mango-platy-pairs-male-female,Hi Fin Mango Platy
RA-FSH-0495,oranda,jumbo-oranda,Oranda,Goldfish,Cyprinidae (coldwater),Selectively bred (China),Beginner-Intermediate,Peaceful,All levels,75-115 L per fish,6-8 in fancy (15-20 cm),18-24°C,7.0-8.4,Medium-Hard (8-20 dGH),Omnivore,Groups,10-15+ years,,"Oranda is a hardy coldwater fish that needs no heater but produces a heavy bioload, so strong filtration and space are essential. A long-lived, personable pet.",Coldwater fish — no heater needed; keep below ~24°C. | Big bioload: over-filter and do generous water changes. | Feed sinking foods to fancy types to reduce swim-bladder/buoyancy issues.,aqa-micro-pellet-economy,,Feed a sinking staple plus vegetable matter; avoid overfeeding.,https://care.best4pets.in/fish/oranda,https://care.best4pets.in/fish/oranda/care/,https://best4pets.in/products/jumbo-oranda,Jumbo Oranda
RA-FSH-0496,tiger-shovelnose-catfish,shovelnose-catfish-3inch,Tiger Shovelnose Catfish,Catfish (other),Siluriformes,Varies,Intermediate,Aggressive,Bottom,1140 L,24-48 in (60-120 cm),22-28°C,6.0-7.8,Soft-Medium (5-15 dGH),Omnivore/Carnivore,Species-dependent,8-15 years,3 in,"Tiger Shovelnose Catfish is a catfish whose needs depend heavily on species. Many are nocturnal and appreciate caves; some (e.g. Synodontis) stay moderate while others (shovelnose, redtail) grow very large.",Provide caves and shaded retreats — many catfish are nocturnal. | Confirm the species' adult size before buying; some grow far too large for home tanks. | Feed after lights-out with sinking foods to ensure they get enough.,aqa-micro-pellet-economy,aqa-brineshrimp-flakes,Feed after lights-out; larger/predatory species need meaty foods.,https://care.best4pets.in/fish/tiger-shovelnose-catfish,https://care.best4pets.in/fish/tiger-shovelnose-catfish/care/,https://best4pets.in/products/shovelnose-catfish-3inch,Tiger Shovelnose Catfish 3inch
RA-FSH-0497,red-tail-catfish-2,red-tail-catfish,Red Tail Catfish,Catfish (other),Siluriformes,Varies,Intermediate,Aggressive,Bottom,1140 L,24-48 in (60-120 cm),22-28°C,6.0-7.8,Soft-Medium (5-15 dGH),Omnivore/Carnivore,Species-dependent,8-15 years,2 in,"Red Tail Catfish is a catfish whose needs depend heavily on species. Many are nocturnal and appreciate caves; some (e.g. Synodontis) stay moderate while others (shovelnose, redtail) grow very large.",Provide caves and shaded retreats — many catfish are nocturnal. | Confirm the species' adult size before buying; some grow far too large for home tanks. | Feed after lights-out with sinking foods to ensure they get enough.,aqa-micro-pellet-economy,aqa-brineshrimp-flakes,Feed after lights-out; larger/predatory species need meaty foods.,https://care.best4pets.in/fish/red-tail-catfish-2,https://care.best4pets.in/fish/red-tail-catfish-2/care/,https://best4pets.in/products/red-tail-catfish,"Red Tail Catfish 2"""
RA-FSH-0498,copper-mahseer-neolissochilus-hexagonolepis,chocolate-mahseer-neolissochilus-hexagonolepis-6-7,Copper Mahseer / Neolissochilus hexagonolepis,Oddball/Predator,Various,Varies,Intermediate-Advanced,Semi-aggressive,All levels,950 L,18-36 in (45-90 cm),24-28°C,6.5-7.5,Soft-Medium (5-15 dGH),Carnivore,Solitary or species-dependent,10-20 years,6 in,"Copper Mahseer / Neolissochilus hexagonolepis is a specialist 'oddball' predator (such as bichirs, arowana, gar, knifefish or eels). Most grow large and hunt, so the exact species dictates tank size and tankmates.","Use a tight, weighted lid — most oddball predators jump or climb. | Predatory: never house with fish small enough to be swallowed. | Research the exact species — many outgrow standard aquariums dramatically.",aqa-brineshrimp-flakes,,Predatory — feed meaty foods sized to the fish; large species need large prey items.,https://care.best4pets.in/fish/copper-mahseer-neolissochilus-hexagonolepis,https://care.best4pets.in/fish/copper-mahseer-neolissochilus-hexagonolepis/care/,https://best4pets.in/products/chocolate-mahseer-neolissochilus-hexagonolepis-6-7,"Copper Mahseer / Neolissochilus hexagonolepis 6""-7"""
RA-FSH-0499,melon-barb,melon-barb,Melon Barb,Barb,Cyprinidae,Asia,Beginner-Intermediate,Semi-aggressive,Middle,115 L,2-3 in (5-8 cm),22-26°C,6.0-7.5,Soft-Medium (4-15 dGH),Omnivore,Shoal of 6 or more,5 years,,"Melon Barb is an active, hardy barb. Kept in good numbers it's a lively community fish, but small groups can turn nippy toward long-finned tankmates.","Keep a shoal of 6+ to spread out natural nipping behaviour. | Avoid slow, long-finned tankmates (e.g. bettas, angelfish, guppies). | Provide open swimming space for this fast, energetic fish.",aqa-micro-pellet-colour-enhancing,aqa-brineshrimp-flakes,,https://care.best4pets.in/fish/melon-barb,https://care.best4pets.in/fish/melon-barb/care/,https://best4pets.in/products/melon-barb,Melon Barb (Pair)
RA-FSH-0500,glow-widow-tetra,widow-tetra-glofish-various-colours,Glow Widow Tetra,Tetra/Characin,Characidae,South America,Beginner,Peaceful,Middle,75 L,1.5-2.5 in (4-6 cm),22-27°C,5.5-7.5,Soft-Medium (2-15 dGH),Omnivore,Shoal of 6 or more,3-5 years,,"Glow Widow Tetra is a small, active schooling characin that shows its best colour and behaviour in a group. Peaceful and undemanding, it's ideal for planted community aquariums.","Keep in a shoal of at least 6 — lone specimens are shy and washed-out. | Offer a varied diet of quality micro-pellets, flakes and frozen foods. | Best in a planted tank with open swimming space and gentle flow.",aqa-micro-pellet-colour-enhancing,aqa-brineshrimp-flakes,,https://care.best4pets.in/fish/glow-widow-tetra,https://care.best4pets.in/fish/glow-widow-tetra/care/,https://best4pets.in/products/widow-tetra-glofish-various-colours,Glow Widow Tetra (Mix Colours)
RA-FSH-0501,orange-venezuelan-cory-catfish,orange-venezuelan-cory-catfish-corydoras-aeneus-venezuela,Orange Venezuelan Cory Catfish,Corydoras,Callichthyidae,South America,Beginner,Peaceful,Bottom,75 L,1-3 in (2.5-8 cm),22-26°C,6.0-7.5,Soft-Medium (2-15 dGH),Omnivore (bottom),Shoal of 6 or more,5-8 years,,"Orange Venezuelan Cory Catfish is a peaceful, sociable bottom-dwelling catfish that shoals and constantly forages. A superb, hardy community cleanup fish that's happiest in a group.",Use smooth sand or rounded gravel to protect their delicate barbels. | Keep 6+ together — Corydoras are highly social and stressed when alone. | Feed sinking foods; don't assume they'll survive on leftovers alone.,aqa-micro-pellet-economy,aqa-brineshrimp-flakes,Use a sinking pellet so this bottom-feeder gets its share.,https://care.best4pets.in/fish/orange-venezuelan-cory-catfish,https://care.best4pets.in/fish/orange-venezuelan-cory-catfish/care/,https://best4pets.in/products/orange-venezuelan-cory-catfish-corydoras-aeneus-venezuela,Orange Venezuelan Cory Catfish
RA-FSH-0502,borneo-hillstream-loach,hillstream-loach-pseudogastromyzon-myersi,Borneo Hillstream Loach,Hillstream Loach,Balitoridae,Asia (fast rivers),Intermediate,Peaceful,Bottom,75-115 L,2-3 in (5-8 cm),20-24°C,7.0-8.0,Medium-Hard (8-15 dGH),Herbivore (aufwuchs),Groups,8-10 years,,"Borneo Hillstream Loach is a river specialist adapted to cool, fast, oxygen-rich water. It grazes biofilm from smooth stones and needs strong flow — not a standard warm community fish.","Provide strong flow and high oxygen — a river-manifold or powerhead setup. | Keep cooler than typical tropicals (20-24°C); avoid warm, still water. | Grazes biofilm/algae off smooth rocks; supplement with veg and biofilm.",aqa-micro-pellet-economy,,Mainly grazes biofilm/algae — supplement with vegetable matter.,https://care.best4pets.in/fish/borneo-hillstream-loach,https://care.best4pets.in/fish/borneo-hillstream-loach/care/,https://best4pets.in/products/hillstream-loach-pseudogastromyzon-myersi,Borneo Hillstream Loach
RA-FSH-0503,snakeskin-barb,snakeskin-barb-desmopuntius-rhomboocellatus,Snakeskin Barb,Gourami/Anabantid,Osphronemidae,Southeast Asia,Beginner-Intermediate,Peaceful (with care),Top-Middle,75-115 L,2-6 in (5-15 cm),23-28°C,6.0-7.5,Soft-Medium (4-15 dGH),Omnivore,Pairs or single,3-5 years,,"Snakeskin Barb is a labyrinth fish that gulps air at the surface and appreciates calm water. Generally peaceful, though males can be territorial with their own kind.","Keep calm water with surface access for air-breathing. | Avoid keeping multiple males in a small tank — they turn territorial. | Provide floating plants and gentle flow for a secure, settled fish.",aqa-micro-pellet-colour-enhancing,aqa-brineshrimp-flakes,,https://care.best4pets.in/fish/snakeskin-barb,https://care.best4pets.in/fish/snakeskin-barb/care/,https://best4pets.in/products/snakeskin-barb-desmopuntius-rhomboocellatus,Snakeskin Barb
RA-FSH-0504,pea-puffer,dwarf-puffer-carinotetraodon-imitator,Pea Puffer,Pufferfish,Tetraodontidae,Varies,Intermediate-Advanced,Semi-aggressive,All levels,40 L,1-1.5 in (2.5-3.5 cm),23-28°C,7.0-7.8,Soft-Medium (5-12 dGH),Carnivore,Usually solitary,5-10+ years,,"Pea Puffer is an intelligent but nippy puffer. Species range from the 2.5 cm pea puffer to giant fahaka/mbu; some are freshwater and some brackish. Most need hard, snail-based foods to wear their teeth.","Confirm freshwater vs. brackish and adult size for the exact species. | Feed hard-shelled foods (snails, crustaceans) to keep the teeth worn down. | Often nippy or predatory — many must be kept alone.",aqa-brineshrimp-flakes,,"Needs hard-shelled foods (snails, crustaceans) to wear down its teeth.",https://care.best4pets.in/fish/pea-puffer,https://care.best4pets.in/fish/pea-puffer/care/,https://best4pets.in/products/dwarf-puffer-carinotetraodon-imitator,Pea Puffer (Pair)
RA-FSH-0505,blue-gourami,golden-and-blue-gourami-mix-3,Blue Gourami,Gourami/Anabantid,Osphronemidae,Southeast Asia,Beginner-Intermediate,Peaceful (with care),Top-Middle,75-115 L,2-6 in (5-15 cm),23-28°C,6.0-7.5,Soft-Medium (4-15 dGH),Omnivore,Pairs or single,3-5 years,2 in,"Blue Gourami is a labyrinth fish that gulps air at the surface and appreciates calm water. Generally peaceful, though males can be territorial with their own kind.","Keep calm water with surface access for air-breathing. | Avoid keeping multiple males in a small tank — they turn territorial. | Provide floating plants and gentle flow for a secure, settled fish.",aqa-micro-pellet-colour-enhancing,aqa-brineshrimp-flakes,,https://care.best4pets.in/fish/blue-gourami,https://care.best4pets.in/fish/blue-gourami/care/,https://best4pets.in/products/golden-and-blue-gourami-mix-3,"Blue Gourami  2"""
RA-FSH-0506,koi-carp-mix,koi-carp-mix-6,Koi Carp Mix,Koi,Cyprinidae (pond),Selectively bred (Japan),Intermediate,Peaceful,All levels,"Pond, 950+ L",24-36 in (60-90 cm),15-25°C,7.0-8.5,Medium-Hard (8-20 dGH),Omnivore,Groups,20-30+ years,5 in,"Koi Carp Mix is a pond fish, not an aquarium fish — it reaches 60-90 cm and lives for decades. It needs a large pond with powerful filtration and aeration.",A POND fish: an aquarium is only suitable for short-term grow-out. | Plan for a very large adult size and heavy filtration. | Tolerates cool water well; feed less as temperatures drop.,aqa-micro-pellet-economy,,Use a pond staple sized to the fish; add vegetable matter.,https://care.best4pets.in/fish/koi-carp-mix,https://care.best4pets.in/fish/koi-carp-mix/care/,https://best4pets.in/products/koi-carp-mix-6,"Koi Carp Mix 5"""
RA-FSH-0507,black-butterfly-telescope-moor,black-butterfly-telescope-moor-4-5,Black Butterfly Telescope Moor,Goldfish,Cyprinidae (coldwater),Selectively bred (China),Beginner-Intermediate,Peaceful,All levels,75-115 L per fish,6-8 in fancy (15-20 cm),18-24°C,7.0-8.4,Medium-Hard (8-20 dGH),Omnivore,Groups,10-15+ years,4-5 in,"Black Butterfly Telescope Moor is a hardy coldwater fish that needs no heater but produces a heavy bioload, so strong filtration and space are essential. A long-lived, personable pet.",Coldwater fish — no heater needed; keep below ~24°C. | Big bioload: over-filter and do generous water changes. | Feed sinking foods to fancy types to reduce swim-bladder/buoyancy issues.,aqa-micro-pellet-economy,,Feed a sinking staple plus vegetable matter; avoid overfeeding.,https://care.best4pets.in/fish/black-butterfly-telescope-moor,https://care.best4pets.in/fish/black-butterfly-telescope-moor/care/,https://best4pets.in/products/black-butterfly-telescope-moor-4-5,"Black Butterfly Telescope Moor 4-5"" (Pair)"
RA-FSH-0508,yellow-lab-3,yellow-lab-labidochromis-caeruleus-2,Yellow Lab,African Rift Cichlid (Malawi),Cichlidae,"Lake Malawi, East Africa",Intermediate,Aggressive,All levels,200 L,4-6 in (10-15 cm),24-28°C,7.8-8.6,Hard / Alkaline (10-20 dGH),Omnivore,Groups (species-appropriate),8-10 years,1.5 in,"Yellow Lab is a colourful, boldly territorial Lake Malawi cichlid. It needs hard, alkaline water and a rocky, cave-filled aquascape, with stocking planned to spread aggression.","Hard, alkaline water is essential — not for soft-water community tanks. | Build rockwork with many caves; keep them appropriately stocked to diffuse aggression. | Mbuna need veg-based food (avoid excess protein → Malawi bloat); peacocks/haps take more protein.",aqa-cichlid-colour-enhancer,aqa-brineshrimp-flakes,Mbuna are veg-leaning — keep protein moderate to avoid bloat.,https://care.best4pets.in/fish/yellow-lab-3,https://care.best4pets.in/fish/yellow-lab-3/care/,https://best4pets.in/products/yellow-lab-labidochromis-caeruleus-2,"Yellow Lab 1.5"""
RA-FSH-0509,mickey-mouse-platy-mix-colours-big,mickey-mouse-platy,Mickey Mouse Platy Mix Colours Big,Molly/Platy/Swordtail,Poeciliidae,Central America (livebearer),Beginner,Peaceful,Middle,75-115 L,2-5 in (5-13 cm),22-28°C,7.0-8.2,Medium-Hard (10-25 dGH),Omnivore (veg-leaning),Groups,3-5 years,,"Mickey Mouse Platy Mix Colours Big is a hardy, peaceful livebearer that does best in hard, alkaline water with plenty of vegetable matter in its diet. An easy, active community fish.","Hard, alkaline water keeps these livebearers healthiest (mollies especially). | Include algae/veg-based foods — blanched vegetables and spirulina. | Keep in groups; expect regular broods of live young.",aqa-micro-pellet-colour-enhancing,aqa-brineshrimp-flakes,Add algae/vegetable matter for this veg-leaning livebearer.,https://care.best4pets.in/fish/mickey-mouse-platy-mix-colours-big,https://care.best4pets.in/fish/mickey-mouse-platy-mix-colours-big/care/,https://best4pets.in/products/mickey-mouse-platy,Mickey Mouse Platy Mix Colours Big (Pair)
RA-FSH-0510,maylandia-greshakei-red-top-ice-blue-zebra,maylandia-greshakei-red-top-ice-blue-zebra,Maylandia greshakei / Red Top Ice Blue Zebra,African Rift Cichlid (Malawi),Cichlidae,"Lake Malawi, East Africa",Intermediate,Aggressive,All levels,200 L,4-6 in (10-15 cm),24-28°C,7.8-8.6,Hard / Alkaline (10-20 dGH),Omnivore,Groups (species-appropriate),8-10 years,2.5 in,"Maylandia greshakei / Red Top Ice Blue Zebra is a colourful, boldly territorial Lake Malawi cichlid. It needs hard, alkaline water and a rocky, cave-filled aquascape, with stocking planned to spread aggression.","Hard, alkaline water is essential — not for soft-water community tanks. | Build rockwork with many caves; keep them appropriately stocked to diffuse aggression. | Mbuna need veg-based food (avoid excess protein → Malawi bloat); peacocks/haps take more protein.",aqa-cichlid-colour-enhancer,aqa-brineshrimp-flakes,Mbuna are veg-leaning — keep protein moderate to avoid bloat.,https://care.best4pets.in/fish/maylandia-greshakei-red-top-ice-blue-zebra,https://care.best4pets.in/fish/maylandia-greshakei-red-top-ice-blue-zebra/care/,https://best4pets.in/products/maylandia-greshakei-red-top-ice-blue-zebra,Maylandia greshakei / Red Top Ice Blue Zebra 2.5inch
RA-FSH-0511,hi-fin-blue-cichlid-2,hi-fin-blue-cichlid-1,Hi-Fin Blue Cichlid,Cichlid (other),Cichlidae,Varies,Intermediate,Semi-aggressive,All levels,150-200 L,4-8 in — varies by species,23-28°C,6.5-8.0,Medium (5-20 dGH),Omnivore,Species-dependent,8-12 years,,Hi-Fin Blue Cichlid is a cichlid whose exact requirements depend on its species and region. As a group these fish are territorial and appreciate structured decor and defined territories.,Confirm the species' origin (African rift vs. New World) to set the right water hardness. | Provide territory and broken sight-lines to reduce aggression. | Match tankmates to the species' adult size and temperament.,aqa-cichlid-colour-enhancer,aqa-brineshrimp-flakes,,https://care.best4pets.in/fish/hi-fin-blue-cichlid-2,https://care.best4pets.in/fish/hi-fin-blue-cichlid-2/care/,https://best4pets.in/products/hi-fin-blue-cichlid-1,Hi-Fin Blue Cichlid
RA-FSH-0512,powder-blue-cichlid,powder-blue-cichlid-pseudotropheus-socolofi-2-5-3,Powder Blue Cichlid,Cichlid (other),Cichlidae,Varies,Intermediate,Semi-aggressive,All levels,150-200 L,4-8 in — varies by species,23-28°C,6.5-8.0,Medium (5-20 dGH),Omnivore,Species-dependent,8-12 years,2 in,Powder Blue Cichlid is a cichlid whose exact requirements depend on its species and region. As a group these fish are territorial and appreciate structured decor and defined territories.,Confirm the species' origin (African rift vs. New World) to set the right water hardness. | Provide territory and broken sight-lines to reduce aggression. | Match tankmates to the species' adult size and temperament.,aqa-cichlid-colour-enhancer,aqa-brineshrimp-flakes,,https://care.best4pets.in/fish/powder-blue-cichlid,https://care.best4pets.in/fish/powder-blue-cichlid/care/,https://best4pets.in/products/powder-blue-cichlid-pseudotropheus-socolofi-2-5-3,"Powder Blue Cichlid 2"" (Pair)"
RA-FSH-0513,glow-zebrafish,glow-zebrafish,Glow Zebrafish,Danio/Minnow,Cyprinidae,Asia,Beginner,Peaceful,Top-Middle,75 L,1-2.5 in (2.5-6 cm),18-25°C,6.5-7.5,Soft-Medium (5-15 dGH),Omnivore,Shoal of 6 or more,3-5 years,,"Glow Zebrafish is a hardy, extremely active schooling fish that tolerates cooler water than most tropicals. A great, forgiving choice for community and coldwater-leaning tanks.",Keep a tight-fitting lid — these are energetic jumpers. | Happiest in a shoal of 6+ with long open swimming lanes. | Tolerates cooler room-temperature water; avoid overheating.,aqa-micro-pellet-colour-enhancing,aqa-brineshrimp-flakes,,https://care.best4pets.in/fish/glow-zebrafish,https://care.best4pets.in/fish/glow-zebrafish/care/,https://best4pets.in/products/glow-zebrafish,Glow Zebrafish (Set of10) (Mix Colours)
RA-FSH-0514,mix-swordtail,mix-swordtail,Mix Swordtail,Molly/Platy/Swordtail,Poeciliidae,Central America (livebearer),Beginner,Peaceful,Middle,75-115 L,2-5 in (5-13 cm),22-28°C,7.0-8.2,Medium-Hard (10-25 dGH),Omnivore (veg-leaning),Groups,3-5 years,,"Mix Swordtail is a hardy, peaceful livebearer that does best in hard, alkaline water with plenty of vegetable matter in its diet. An easy, active community fish.","Hard, alkaline water keeps these livebearers healthiest (mollies especially). | Include algae/veg-based foods — blanched vegetables and spirulina. | Keep in groups; expect regular broods of live young.",aqa-micro-pellet-colour-enhancing,aqa-brineshrimp-flakes,Add algae/vegetable matter for this veg-leaning livebearer.,https://care.best4pets.in/fish/mix-swordtail,https://care.best4pets.in/fish/mix-swordtail/care/,https://best4pets.in/products/mix-swordtail,Mix Swordtail (Pair)
RA-FSH-0515,dawkinsia-tambraparniei,dawkinsia-tambraparniei-2-2-5,Dawkinsia tambraparniei,Barb,Cyprinidae,Asia,Beginner-Intermediate,Semi-aggressive,Middle,115 L,2-3 in (5-8 cm),22-26°C,6.0-7.5,Soft-Medium (4-15 dGH),Omnivore,Shoal of 6 or more,5 years,2.5 in,"Dawkinsia tambraparniei is an active, hardy barb. Kept in good numbers it's a lively community fish, but small groups can turn nippy toward long-finned tankmates.","Keep a shoal of 6+ to spread out natural nipping behaviour. | Avoid slow, long-finned tankmates (e.g. bettas, angelfish, guppies). | Provide open swimming space for this fast, energetic fish.",aqa-micro-pellet-colour-enhancing,aqa-brineshrimp-flakes,,https://care.best4pets.in/fish/dawkinsia-tambraparniei,https://care.best4pets.in/fish/dawkinsia-tambraparniei/care/,https://best4pets.in/products/dawkinsia-tambraparniei-2-2-5,"Dawkinsia tambraparniei  2.5"" (Pair)"
RA-FSH-0516,placidochromis-milomo,placidochromis-milomo,Placidochromis milomo,African Rift Cichlid (Malawi),Cichlidae,"Lake Malawi, East Africa",Intermediate,Aggressive,All levels,200 L,4-6 in (10-15 cm),24-28°C,7.8-8.6,Hard / Alkaline (10-20 dGH),Omnivore,Groups (species-appropriate),8-10 years,2.5 in,"Placidochromis milomo is a colourful, boldly territorial Lake Malawi cichlid. It needs hard, alkaline water and a rocky, cave-filled aquascape, with stocking planned to spread aggression.","Hard, alkaline water is essential — not for soft-water community tanks. | Build rockwork with many caves; keep them appropriately stocked to diffuse aggression. | Mbuna need veg-based food (avoid excess protein → Malawi bloat); peacocks/haps take more protein.",aqa-cichlid-colour-enhancer,aqa-brineshrimp-flakes,Mbuna are veg-leaning — keep protein moderate to avoid bloat.,https://care.best4pets.in/fish/placidochromis-milomo,https://care.best4pets.in/fish/placidochromis-milomo/care/,https://best4pets.in/products/placidochromis-milomo,Placidochromis milomo 2.5inch
RA-FSH-0517,aristochromis-christyi-the-malawi-hawk-cichlid-2,aristochromis-christyi-the-malawi-hawk-cichlid,Aristochromis christyi / The Malawi Hawk Cichlid,African Rift Cichlid (Malawi),Cichlidae,"Lake Malawi, East Africa",Intermediate,Aggressive,All levels,200 L,4-6 in (10-15 cm),24-28°C,7.8-8.6,Hard / Alkaline (10-20 dGH),Omnivore,Groups (species-appropriate),8-10 years,4 in,"Aristochromis christyi / The Malawi Hawk Cichlid is a colourful, boldly territorial Lake Malawi cichlid. It needs hard, alkaline water and a rocky, cave-filled aquascape, with stocking planned to spread aggression.","Hard, alkaline water is essential — not for soft-water community tanks. | Build rockwork with many caves; keep them appropriately stocked to diffuse aggression. | Mbuna need veg-based food (avoid excess protein → Malawi bloat); peacocks/haps take more protein.",aqa-cichlid-colour-enhancer,aqa-brineshrimp-flakes,Mbuna are veg-leaning — keep protein moderate to avoid bloat.,https://care.best4pets.in/fish/aristochromis-christyi-the-malawi-hawk-cichlid-2,https://care.best4pets.in/fish/aristochromis-christyi-the-malawi-hawk-cichlid-2/care/,https://best4pets.in/products/aristochromis-christyi-the-malawi-hawk-cichlid,Aristochromis christyi / The Malawi Hawk Cichlid 4inch
RA-FSH-0518,placidochromis-phenochilus,placidochromis-phenochilus-3,Placidochromis phenochilus,African Rift Cichlid (Malawi),Cichlidae,"Lake Malawi, East Africa",Intermediate,Aggressive,All levels,200 L,4-6 in (10-15 cm),24-28°C,7.8-8.6,Hard / Alkaline (10-20 dGH),Omnivore,Groups (species-appropriate),8-10 years,2 in,"Placidochromis phenochilus is a colourful, boldly territorial Lake Malawi cichlid. It needs hard, alkaline water and a rocky, cave-filled aquascape, with stocking planned to spread aggression.","Hard, alkaline water is essential — not for soft-water community tanks. | Build rockwork with many caves; keep them appropriately stocked to diffuse aggression. | Mbuna need veg-based food (avoid excess protein → Malawi bloat); peacocks/haps take more protein.",aqa-cichlid-colour-enhancer,aqa-brineshrimp-flakes,Mbuna are veg-leaning — keep protein moderate to avoid bloat.,https://care.best4pets.in/fish/placidochromis-phenochilus,https://care.best4pets.in/fish/placidochromis-phenochilus/care/,https://best4pets.in/products/placidochromis-phenochilus-3,"Placidochromis phenochilus 2"""
RA-FSH-0519,green-puffer,green-puffer-4,Green Puffer,Pufferfish,Tetraodontidae,Varies,Intermediate-Advanced,Aggressive,All levels,75-475 L (species-dependent),1-24 in — varies hugely by species,23-28°C,7.0-7.8,Medium-Hard (8-15 dGH),Carnivore,Usually solitary,5-10+ years,2 in,"Green Puffer is an intelligent but nippy puffer. Species range from the 2.5 cm pea puffer to giant fahaka/mbu; some are freshwater and some brackish. Most need hard, snail-based foods to wear their teeth.","Confirm freshwater vs. brackish and adult size for the exact species. | Feed hard-shelled foods (snails, crustaceans) to keep the teeth worn down. | Often nippy or predatory — many must be kept alone.",aqa-brineshrimp-flakes,,"Needs hard-shelled foods (snails, crustaceans) to wear down its teeth.",https://care.best4pets.in/fish/green-puffer,https://care.best4pets.in/fish/green-puffer/care/,https://best4pets.in/products/green-puffer-4,"Green Puffer 2"""
RA-FSH-0520,crimson-loach,crimson-loach,Crimson Loach,Loach,Cobitidae / Botiidae,Asia,Beginner-Intermediate,Peaceful (with care),Bottom,115-280 L (species-dependent),2-12 in — varies by species,24-28°C,6.0-7.5,Soft-Medium (3-15 dGH),Omnivore,Groups of 5 or more,10-15 years,,Crimson Loach is a social bottom-dwelling loach that does best in groups and appreciates smooth substrate and hiding spots. Some stay small; clown loaches grow large and long-lived.,Keep in groups of 5+ — loaches are social and pine when kept singly. | Use smooth substrate and provide caves/tunnels for security. | Many relish snails; confirm adult size (clown loach reaches ~30 cm).,aqa-micro-pellet-economy,aqa-brineshrimp-flakes,Use a sinking food; many also relish snails.,https://care.best4pets.in/fish/crimson-loach,https://care.best4pets.in/fish/crimson-loach/care/,https://best4pets.in/products/crimson-loach,Crimson Loach (Pair)
RA-FSH-0521,macaw-cichlid-2,macaw-cichlid-1-75-2,Macaw Cichlid,SA/CA Cichlid (large),Cichlidae,Central/South America,Intermediate-Advanced,Aggressive,All levels,200-475 L (species-dependent),6-16 in — varies by species,23-28°C,6.5-7.5,Medium (5-20 dGH),Carnivore/Omnivore,Solitary or bonded pair,10-15 years,3 in,"Macaw Cichlid is a large, characterful New World cichlid. These fish are intelligent and territorial, needing a big tank, strong filtration and robust decor. Adult size varies widely by species.",Provide a large tank with powerful filtration and secure hardscape. | Territorial and often aggressive — choose tankmates carefully and confirm the species' temperament. | Confirm the exact species' adult size before stocking — some exceed 30 cm.,aqa-cichlid-colour-enhancer,aqa-brineshrimp-flakes,Larger specimens need bigger meaty/pellet foods.,https://care.best4pets.in/fish/macaw-cichlid-2,https://care.best4pets.in/fish/macaw-cichlid-2/care/,https://best4pets.in/products/macaw-cichlid-1-75-2,Macaw Cichlid 3inch
RA-FSH-0522,malabar-danio,malabar-danio,Malabar Danio,Danio/Minnow,Cyprinidae,Asia,Beginner,Peaceful,Top-Middle,75 L,1-2.5 in (2.5-6 cm),18-25°C,6.5-7.5,Soft-Medium (5-15 dGH),Omnivore,Shoal of 6 or more,3-5 years,,"Malabar Danio is a hardy, extremely active schooling fish that tolerates cooler water than most tropicals. A great, forgiving choice for community and coldwater-leaning tanks.",Keep a tight-fitting lid — these are energetic jumpers. | Happiest in a shoal of 6+ with long open swimming lanes. | Tolerates cooler room-temperature water; avoid overheating.,aqa-micro-pellet-colour-enhancing,aqa-brineshrimp-flakes,,https://care.best4pets.in/fish/malabar-danio,https://care.best4pets.in/fish/malabar-danio/care/,https://best4pets.in/products/malabar-danio,Malabar Danio
RA-FSH-0523,black-ranchu-goldfish,black-ranchu-goldfish-4-import-a-grade,Black Ranchu Goldfish,Goldfish,Cyprinidae (coldwater),Selectively bred (China),Beginner-Intermediate,Peaceful,All levels,75-115 L per fish,6-8 in fancy (15-20 cm),18-24°C,7.0-8.4,Medium-Hard (8-20 dGH),Omnivore,Groups,10-15+ years,2-2.5 in,"Black Ranchu Goldfish is a hardy coldwater fish that needs no heater but produces a heavy bioload, so strong filtration and space are essential. A long-lived, personable pet.",Coldwater fish — no heater needed; keep below ~24°C. | Big bioload: over-filter and do generous water changes. | Feed sinking foods to fancy types to reduce swim-bladder/buoyancy issues.,aqa-micro-pellet-economy,,Feed a sinking staple plus vegetable matter; avoid overfeeding.,https://care.best4pets.in/fish/black-ranchu-goldfish,https://care.best4pets.in/fish/black-ranchu-goldfish/care/,https://best4pets.in/products/black-ranchu-goldfish-4-import-a-grade,"Black Ranchu Goldfish 2-2.5"" (Pair)"
RA-FSH-0524,zipper-loach,zipper-loach,Zipper Loach,Loach,Cobitidae / Botiidae,Asia,Beginner-Intermediate,Peaceful (with care),Bottom,115-280 L (species-dependent),2-12 in — varies by species,24-28°C,6.0-7.5,Soft-Medium (3-15 dGH),Omnivore,Groups of 5 or more,10-15 years,,Zipper Loach is a social bottom-dwelling loach that does best in groups and appreciates smooth substrate and hiding spots. Some stay small; clown loaches grow large and long-lived.,Keep in groups of 5+ — loaches are social and pine when kept singly. | Use smooth substrate and provide caves/tunnels for security. | Many relish snails; confirm adult size (clown loach reaches ~30 cm).,aqa-micro-pellet-economy,aqa-brineshrimp-flakes,Use a sinking food; many also relish snails.,https://care.best4pets.in/fish/zipper-loach,https://care.best4pets.in/fish/zipper-loach/care/,https://best4pets.in/products/zipper-loach,Zipper Loach
RA-FSH-0525,kribensis,kribensis-4-4-5cm-pelvicachromis-pulcher,Kribensis,Dwarf Cichlid (Apisto/Ram),Cichlidae,West Africa,Intermediate,Peaceful (with care),Bottom-Middle,75 L,3-4 in (8-10 cm),26-29°C,6.0-7.5,Soft-Medium (5-12 dGH),Carnivore/Omnivore,Pairs,2-4 years,1 in,"Kribensis is a colourful dwarf cichlid best kept as a pair in warm, soft water with caves and territory. Peaceful in a community, but defends a small breeding territory.","Warm, soft, slightly acidic water suits dwarf cichlids best. | Provide caves and broken sight-lines so a pair can hold territory. | Rams (Mikrogeophagus) want the warm end (28-30°C) and stable water.",aqa-cichlid-colour-enhancer,aqa-brineshrimp-flakes,,https://care.best4pets.in/fish/kribensis,https://care.best4pets.in/fish/kribensis/care/,https://best4pets.in/products/kribensis-4-4-5cm-pelvicachromis-pulcher,Kribensis 1inch (Pair)
RA-FSH-0526,fishers-woodcat,fishers-woodcat-4,Fishers Woodcat,Catfish (other),Siluriformes,Varies,Intermediate,Peaceful (with care),Bottom,150-475 L (species-dependent),3-24 in — varies by species,22-28°C,6.0-7.8,Soft-Medium (5-15 dGH),Omnivore/Carnivore,Species-dependent,8-15 years,,"Fishers Woodcat is a catfish whose needs depend heavily on species. Many are nocturnal and appreciate caves; some (e.g. Synodontis) stay moderate while others (shovelnose, redtail) grow very large.",Provide caves and shaded retreats — many catfish are nocturnal. | Confirm the species' adult size before buying; some grow far too large for home tanks. | Feed after lights-out with sinking foods to ensure they get enough.,aqa-micro-pellet-economy,aqa-brineshrimp-flakes,Feed after lights-out; larger/predatory species need meaty foods.,https://care.best4pets.in/fish/fishers-woodcat,https://care.best4pets.in/fish/fishers-woodcat/care/,https://best4pets.in/products/fishers-woodcat-4,Fishers Woodcat
RA-FSH-0527,zodiac-loach,triangularis-loach,Zodiac loach,Loach,Cobitidae / Botiidae,Asia,Beginner-Intermediate,Peaceful (with care),Bottom,115-280 L (species-dependent),2-12 in — varies by species,24-28°C,6.0-7.5,Soft-Medium (3-15 dGH),Omnivore,Groups of 5 or more,10-15 years,,Zodiac loach is a social bottom-dwelling loach that does best in groups and appreciates smooth substrate and hiding spots. Some stay small; clown loaches grow large and long-lived.,Keep in groups of 5+ — loaches are social and pine when kept singly. | Use smooth substrate and provide caves/tunnels for security. | Many relish snails; confirm adult size (clown loach reaches ~30 cm).,aqa-micro-pellet-economy,aqa-brineshrimp-flakes,Use a sinking food; many also relish snails.,https://care.best4pets.in/fish/zodiac-loach,https://care.best4pets.in/fish/zodiac-loach/care/,https://best4pets.in/products/triangularis-loach,Zodiac loach
RA-FSH-0528,kitty-tetra,kitty-tetra,Kitty Tetra,Tetra/Characin,Characidae,South America,Beginner,Peaceful,Middle,75 L,1.5-2.5 in (4-6 cm),22-27°C,5.5-7.5,Soft-Medium (2-15 dGH),Omnivore,Shoal of 6 or more,3-5 years,,"Kitty Tetra is a small, active schooling characin that shows its best colour and behaviour in a group. Peaceful and undemanding, it's ideal for planted community aquariums.","Keep in a shoal of at least 6 — lone specimens are shy and washed-out. | Offer a varied diet of quality micro-pellets, flakes and frozen foods. | Best in a planted tank with open swimming space and gentle flow.",aqa-micro-pellet-colour-enhancing,aqa-brineshrimp-flakes,,https://care.best4pets.in/fish/kitty-tetra,https://care.best4pets.in/fish/kitty-tetra/care/,https://best4pets.in/products/kitty-tetra,Kitty Tetra (Pair)
RA-FSH-0529,badis-assamensis-2,badis-assamensis,Badis assamensis,Badis/Dario,Badidae,Asia,Intermediate,Peaceful (with care),Bottom-Middle,40-75 L,0.8-3 in (2-8 cm),22-26°C,6.5-7.5,Soft-Medium (5-15 dGH),Carnivore (micro),Pairs / harem,3-5 years,2.5-3 cm,"Badis assamensis is a small, shy micro-predator (such as the scarlet badis). It often refuses dry food, needs gentle tankmates and dense cover, and rewards patience with jewel-like colour.","Feed small live/frozen foods — most refuse flakes and pellets. | Keep with calm, small tankmates; boisterous fish outcompete them. | Provide dense planting and cover so this shy fish feels secure.",aqa-brineshrimp-flakes,,Usually needs live/frozen micro-foods — may refuse dry food.,https://care.best4pets.in/fish/badis-assamensis-2,https://care.best4pets.in/fish/badis-assamensis-2/care/,https://best4pets.in/products/badis-assamensis,Badis assamensis 2.5-3cm
RA-FSH-0530,japan-blue-guppy,japan-blue-guppy,Japan Blue Guppy,Guppy/Endler,Poeciliidae,Central/South America (livebearer),Beginner,Peaceful,Top-Middle,40-75 L,1-2.5 in (2.5-6 cm),22-28°C,7.0-8.0,Medium-Hard (8-20 dGH),Omnivore,Groups (more females than males),2-3 years,,"Japan Blue Guppy is a colourful, hardy livebearer and one of the easiest fish in the hobby. It breeds readily and thrives in harder, alkaline water.","Prefers harder, alkaline water — avoid soft, acidic setups. | Keep 2-3 females per male to reduce harassment of females. | Breeds prolifically; provide plant cover for fry or expect a growing colony.",aqa-micro-pellet-colour-enhancing,aqa-brineshrimp-flakes,,https://care.best4pets.in/fish/japan-blue-guppy,https://care.best4pets.in/fish/japan-blue-guppy/care/,https://best4pets.in/products/japan-blue-guppy,Japan Blue Guppy (Pair)
RA-FSH-0531,hockeystick-tetra,hockeystick-tetra,Hockeystick Tetra,Tetra/Characin,Characidae,South America,Beginner,Peaceful,Middle,75 L,1.5-2.5 in (4-6 cm),22-27°C,5.5-7.5,Soft-Medium (2-15 dGH),Omnivore,Shoal of 6 or more,3-5 years,,"Hockeystick Tetra is a small, active schooling characin that shows its best colour and behaviour in a group. Peaceful and undemanding, it's ideal for planted community aquariums.","Keep in a shoal of at least 6 — lone specimens are shy and washed-out. | Offer a varied diet of quality micro-pellets, flakes and frozen foods. | Best in a planted tank with open swimming space and gentle flow.",aqa-micro-pellet-colour-enhancing,aqa-brineshrimp-flakes,,https://care.best4pets.in/fish/hockeystick-tetra,https://care.best4pets.in/fish/hockeystick-tetra/care/,https://best4pets.in/products/hockeystick-tetra,Hockeystick Tetra (Pair)
RA-FSH-0532,channa-gachua,channa-gachua-assam-3-4,Channa gachua,Snakehead,Channidae,Asia / Africa,Intermediate-Advanced,Aggressive,All levels,200-475 L (species-dependent),6-40 in — varies hugely by species,22-28°C,6.0-7.5,Soft-Medium (5-15 dGH),Carnivore,Solitary or bonded pair,10-15 years,3 in,"Channa gachua is a predatory air-breathing snakehead. Species range from ~15 cm dwarves to metre-long giants, so the exact species dictates tank size. All are escape artists and hunters.","A tight, weighted lid is essential — snakeheads are determined jumpers. | Predatory: do not house with fish small enough to be eaten. | Confirm the species' adult size before buying — it ranges from 15 cm to over 1 m.",aqa-brineshrimp-flakes,,Predatory — feed meaty foods sized to the fish.,https://care.best4pets.in/fish/channa-gachua,https://care.best4pets.in/fish/channa-gachua/care/,https://best4pets.in/products/channa-gachua-assam-3-4,"Channa gachua (Assam), 3""-4"""
RA-FSH-0533,channa-bipuli-2,channa-bipuli,Channa bipuli,Snakehead,Channidae,Asia / Africa,Intermediate-Advanced,Aggressive,All levels,200-475 L (species-dependent),6-40 in — varies hugely by species,22-28°C,6.0-7.5,Soft-Medium (5-15 dGH),Carnivore,Solitary or bonded pair,10-15 years,,"Channa bipuli is a predatory air-breathing snakehead. Species range from ~15 cm dwarves to metre-long giants, so the exact species dictates tank size. All are escape artists and hunters.","A tight, weighted lid is essential — snakeheads are determined jumpers. | Predatory: do not house with fish small enough to be eaten. | Confirm the species' adult size before buying — it ranges from 15 cm to over 1 m.",aqa-brineshrimp-flakes,,Predatory — feed meaty foods sized to the fish.,https://care.best4pets.in/fish/channa-bipuli-2,https://care.best4pets.in/fish/channa-bipuli-2/care/,https://best4pets.in/products/channa-bipuli,Channa bipuli
RA-FSH-0534,banded-gourami,banded-gourami-trichogaster-fasciata-wild-2-2-5,Banded Gourami,Gourami/Anabantid,Osphronemidae,Southeast Asia,Beginner-Intermediate,Peaceful (with care),Top-Middle,75-115 L,2-6 in (5-15 cm),23-28°C,6.0-7.5,Soft-Medium (4-15 dGH),Omnivore,Pairs or single,3-5 years,2-2.5 in,"Banded Gourami is a labyrinth fish that gulps air at the surface and appreciates calm water. Generally peaceful, though males can be territorial with their own kind.","Keep calm water with surface access for air-breathing. | Avoid keeping multiple males in a small tank — they turn territorial. | Provide floating plants and gentle flow for a secure, settled fish.",aqa-micro-pellet-colour-enhancing,aqa-brineshrimp-flakes,,https://care.best4pets.in/fish/banded-gourami,https://care.best4pets.in/fish/banded-gourami/care/,https://best4pets.in/products/banded-gourami-trichogaster-fasciata-wild-2-2-5,"Banded Gourami 2-2.5"" (Pair)"
RA-FSH-0535,jack-dempsey-cichlid-rocio-octofasciata,jack-dempsey-cichlid-rocio-octofasciata-2,Jack Dempsey cichlid / Rocio octofasciata,SA/CA Cichlid (large),Cichlidae,Central/South America,Intermediate-Advanced,Aggressive,All levels,280 L,8-12 in (20-30 cm),23-28°C,6.5-7.5,Medium (5-20 dGH),Carnivore/Omnivore,Solitary or bonded pair,10-15 years,2.5 in,"Jack Dempsey cichlid / Rocio octofasciata is a large, characterful New World cichlid. These fish are intelligent and territorial, needing a big tank, strong filtration and robust decor. Adult size varies widely by species.",Provide a large tank with powerful filtration and secure hardscape. | Territorial and often aggressive — choose tankmates carefully and confirm the species' temperament. | Confirm the exact species' adult size before stocking — some exceed 30 cm.,aqa-cichlid-colour-enhancer,aqa-brineshrimp-flakes,Larger specimens need bigger meaty/pellet foods.,https://care.best4pets.in/fish/jack-dempsey-cichlid-rocio-octofasciata,https://care.best4pets.in/fish/jack-dempsey-cichlid-rocio-octofasciata/care/,https://best4pets.in/products/jack-dempsey-cichlid-rocio-octofasciata-2,"Jack Dempsey cichlid / Rocio octofasciata 2.5"""
RA-FSH-0536,glowlight-tetra,glowlight-tetra,Glowlight Tetra,Tetra/Characin,Characidae,South America,Beginner,Peaceful,Middle,75 L,1.5-2.5 in (4-6 cm),22-27°C,5.5-7.5,Soft-Medium (2-15 dGH),Omnivore,Shoal of 6 or more,3-5 years,,"Glowlight Tetra is a small, active schooling characin that shows its best colour and behaviour in a group. Peaceful and undemanding, it's ideal for planted community aquariums.","Keep in a shoal of at least 6 — lone specimens are shy and washed-out. | Offer a varied diet of quality micro-pellets, flakes and frozen foods. | Best in a planted tank with open swimming space and gentle flow.",aqa-micro-pellet-colour-enhancing,aqa-brineshrimp-flakes,,https://care.best4pets.in/fish/glowlight-tetra,https://care.best4pets.in/fish/glowlight-tetra/care/,https://best4pets.in/products/glowlight-tetra,Glowlight Tetra (Pair)
RA-FSH-0537,albino-cherry-barb,albino-cherry-barb,Albino Cherry Barb,Barb,Cyprinidae,Asia,Beginner-Intermediate,Semi-aggressive,Middle,115 L,2-3 in (5-8 cm),22-26°C,6.0-7.5,Soft-Medium (4-15 dGH),Omnivore,Shoal of 6 or more,5 years,,"Albino Cherry Barb is an active, hardy barb. Kept in good numbers it's a lively community fish, but small groups can turn nippy toward long-finned tankmates.","Keep a shoal of 6+ to spread out natural nipping behaviour. | Avoid slow, long-finned tankmates (e.g. bettas, angelfish, guppies). | Provide open swimming space for this fast, energetic fish.",aqa-micro-pellet-colour-enhancing,aqa-brineshrimp-flakes,,https://care.best4pets.in/fish/albino-cherry-barb,https://care.best4pets.in/fish/albino-cherry-barb/care/,https://best4pets.in/products/albino-cherry-barb,Albino Cherry Barb (Pair)
RA-FSH-0538,paskai-rainbow,paskai-rainbow-fish-pseudomugil-paskai,Paskai Rainbow,Rainbowfish,Melanotaeniidae,Australia / New Guinea,Beginner-Intermediate,Peaceful,Middle-Top,115 L,2-5 in (5-13 cm),23-28°C,7.0-8.0,Medium-Hard (8-20 dGH),Omnivore,Shoal of 6 or more,5-8 years,,"Paskai Rainbow is an active, peaceful schooling fish whose colours intensify with age and in a group. It prefers neutral-to-hard water and plenty of open swimming space.","Keep 6+ — colour and confidence build in a shoal (and with mature males). | Neutral to slightly alkaline, harder water suits them well. | Give long open swimming lanes; they're fast, active swimmers.",aqa-micro-pellet-colour-enhancing,aqa-brineshrimp-flakes,,https://care.best4pets.in/fish/paskai-rainbow,https://care.best4pets.in/fish/paskai-rainbow/care/,https://best4pets.in/products/paskai-rainbow-fish-pseudomugil-paskai,Paskai Rainbow (Pair)
RA-FSH-0539,rasbora-espei,lambchop-rasbora-rasbora-espei-large,Rasbora espei,Rasbora,Cyprinidae,Southeast Asia,Beginner,Peaceful,Middle,40-75 L,0.75-2 in (2-5 cm),23-27°C,5.5-7.0,Soft-Medium (2-12 dGH),Omnivore,Shoal of 8 or more,3-5 years,,Rasbora espei is a peaceful nano cyprinid that shoals tightly and suits planted and nano aquascapes. Its small size and calm nature make it a community favourite.,"Keep 8+ together for a confident, colourful shoal. | Soft, slightly acidic water and planted cover bring out the best colour. | Feed small foods — micro-pellets, crushed flake and frozen daphnia/cyclops.",aqa-micro-pellet-colour-enhancing,aqa-brineshrimp-flakes,,https://care.best4pets.in/fish/rasbora-espei,https://care.best4pets.in/fish/rasbora-espei/care/,https://best4pets.in/products/lambchop-rasbora-rasbora-espei-large,Rasbora espei (Pair)
RA-FSH-0540,gardneri-killifish,gardneri-killifish,Gardneri killifish,Killifish/Ricefish,Aplocheilidae / Adrianichthyidae,Varies,Intermediate,Peaceful (with care),Top-Middle,40-75 L,1-3 in (2.5-8 cm),20-26°C,6.0-7.5,Soft-Medium (3-12 dGH),Carnivore (micro),Pairs or small groups,1-3 years,1.5 in,"Gardneri killifish is a small, jewel-like killifish/ricefish. Many prefer soft water and take small live/frozen foods; males can spar, so provide cover and watch groupings.",Keep a tight lid — many killifish are accomplished jumpers. | Offer small live/frozen foods (some ignore dry food). | Provide dense planting/cover; watch male-to-male sparring.,aqa-brineshrimp-flakes,aqa-micro-pellet-colour-enhancing,Prefers small live/frozen foods; some ignore dry food.,https://care.best4pets.in/fish/gardneri-killifish,https://care.best4pets.in/fish/gardneri-killifish/care/,https://best4pets.in/products/gardneri-killifish,"Gardneri killifish 1.5"""
RA-FSH-0541,golden-wonder-killifish,golden-wonder-killifish-5cm,Golden Wonder Killifish,Killifish/Ricefish,Aplocheilidae / Adrianichthyidae,Varies,Intermediate,Peaceful (with care),Top-Middle,40-75 L,1-3 in (2.5-8 cm),20-26°C,6.0-7.5,Soft-Medium (3-12 dGH),Carnivore (micro),Pairs or small groups,1-3 years,,"Golden Wonder Killifish is a small, jewel-like killifish/ricefish. Many prefer soft water and take small live/frozen foods; males can spar, so provide cover and watch groupings.",Keep a tight lid — many killifish are accomplished jumpers. | Offer small live/frozen foods (some ignore dry food). | Provide dense planting/cover; watch male-to-male sparring.,aqa-brineshrimp-flakes,aqa-micro-pellet-colour-enhancing,Prefers small live/frozen foods; some ignore dry food.,https://care.best4pets.in/fish/golden-wonder-killifish,https://care.best4pets.in/fish/golden-wonder-killifish/care/,https://best4pets.in/products/golden-wonder-killifish-5cm,Golden Wonder Killifish
RA-FSH-0542,albino-paradise-fish,paradise-fish-macropodus-opercularis-1-5,Albino Paradise fish,Gourami/Anabantid,Osphronemidae,Southeast Asia,Beginner-Intermediate,Peaceful (with care),Top-Middle,75-115 L,2-6 in (5-15 cm),23-28°C,6.0-7.5,Soft-Medium (4-15 dGH),Omnivore,Pairs or single,3-5 years,,"Albino Paradise fish is a labyrinth fish that gulps air at the surface and appreciates calm water. Generally peaceful, though males can be territorial with their own kind.","Keep calm water with surface access for air-breathing. | Avoid keeping multiple males in a small tank — they turn territorial. | Provide floating plants and gentle flow for a secure, settled fish.",aqa-micro-pellet-colour-enhancing,aqa-brineshrimp-flakes,,https://care.best4pets.in/fish/albino-paradise-fish,https://care.best4pets.in/fish/albino-paradise-fish/care/,https://best4pets.in/products/paradise-fish-macropodus-opercularis-1-5,Albino Paradise fish (Pair)
RA-FSH-0543,leopard-gourami-2,ctenopoma-acutirostre-leopard-bushfish-1-25,Leopard Gourami,Gourami/Anabantid,Osphronemidae,Southeast Asia,Beginner-Intermediate,Peaceful (with care),Top-Middle,75-115 L,2-6 in (5-15 cm),23-28°C,6.0-7.5,Soft-Medium (4-15 dGH),Omnivore,Pairs or single,3-5 years,,"Leopard Gourami is a labyrinth fish that gulps air at the surface and appreciates calm water. Generally peaceful, though males can be territorial with their own kind.","Keep calm water with surface access for air-breathing. | Avoid keeping multiple males in a small tank — they turn territorial. | Provide floating plants and gentle flow for a secure, settled fish.",aqa-micro-pellet-colour-enhancing,aqa-brineshrimp-flakes,,https://care.best4pets.in/fish/leopard-gourami-2,https://care.best4pets.in/fish/leopard-gourami-2/care/,https://best4pets.in/products/ctenopoma-acutirostre-leopard-bushfish-1-25,Leopard Gourami (pair)
RA-FSH-0544,red-whiptail-catfish,red-whiptail-catfish,Red Whiptail Catfish,Pleco (L-number/Bristlenose),Loricariidae,South America,Beginner-Intermediate,Peaceful (with care),Bottom,115 L (varies by species),4-18 in — varies by species,24-28°C,6.0-7.5,Soft-Medium (2-15 dGH),Omnivore,Solitary (can be territorial),10-15 years,3 in,"Red Whiptail Catfish is a loricariid catfish. Sizes range from a 12 cm bristlenose to an 45 cm+ common pleco, so confirm the species. Most graze biofilm and need driftwood and sinking foods.","Provide driftwood — many species rasp on wood as part of their diet. | Don't rely on tank algae alone; offer sinking wafers and vegetables (Hypancistrus are carnivores). | Confirm adult size before buying — bristlenose stay ~12 cm, common/sailfin plecos exceed 40 cm.",aqa-micro-pellet-economy,,"Supplement with algae wafers, vegetables and driftwood (Hypancistrus need meaty food).",https://care.best4pets.in/fish/red-whiptail-catfish,https://care.best4pets.in/fish/red-whiptail-catfish/care/,https://best4pets.in/products/red-whiptail-catfish,Red Whiptail Catfish 3inch
RA-FSH-0545,apistogramma-cacatuoides-orange,apistogramma-cacatuoides-double-red-1-25,Apistogramma cacatuoides orange,Dwarf Cichlid (Apisto/Ram),Cichlidae,South America,Intermediate,Peaceful (with care),Bottom-Middle,75-115 L,2-3.5 in (5-9 cm),26-29°C,5.5-7.0,Soft (2-10 dGH),Carnivore/Omnivore,Pairs,2-4 years,,"Apistogramma cacatuoides orange is a colourful dwarf cichlid best kept as a pair in warm, soft water with caves and territory. Peaceful in a community, but defends a small breeding territory.","Warm, soft, slightly acidic water suits dwarf cichlids best. | Provide caves and broken sight-lines so a pair can hold territory. | Rams (Mikrogeophagus) want the warm end (28-30°C) and stable water.",aqa-cichlid-colour-enhancer,aqa-brineshrimp-flakes,,https://care.best4pets.in/fish/apistogramma-cacatuoides-orange,https://care.best4pets.in/fish/apistogramma-cacatuoides-orange/care/,https://best4pets.in/products/apistogramma-cacatuoides-double-red-1-25,"Apistogramma cacatuoides ""orange"" (Pair)"
RA-FSH-0546,rainbow-cichlid-archocentrus-multispinosus,rainbow-cichlid-archocentrus-multispinosus-2-5,Rainbow Cichlid / Archocentrus multispinosus,SA/CA Cichlid (large),Cichlidae,Central/South America,Intermediate-Advanced,Aggressive,All levels,150 L,4-6 in (10-15 cm),23-28°C,6.5-7.5,Medium (5-20 dGH),Carnivore/Omnivore,Solitary or bonded pair,10-15 years,3 in,"Rainbow Cichlid / Archocentrus multispinosus is a large, characterful New World cichlid. These fish are intelligent and territorial, needing a big tank, strong filtration and robust decor. Adult size varies widely by species.",Provide a large tank with powerful filtration and secure hardscape. | Territorial and often aggressive — choose tankmates carefully and confirm the species' temperament. | Confirm the exact species' adult size before stocking — some exceed 30 cm.,aqa-cichlid-colour-enhancer,aqa-brineshrimp-flakes,Larger specimens need bigger meaty/pellet foods.,https://care.best4pets.in/fish/rainbow-cichlid-archocentrus-multispinosus,https://care.best4pets.in/fish/rainbow-cichlid-archocentrus-multispinosus/care/,https://best4pets.in/products/rainbow-cichlid-archocentrus-multispinosus-2-5,"Rainbow Cichlid / Archocentrus multispinosus 3"""
RA-FSH-0547,jaguar-cichlid-3,jaguar-cichlid-5-parachromis-managuensis,Jaguar Cichlid,SA/CA Cichlid (large),Cichlidae,Central/South America,Intermediate-Advanced,Aggressive,All levels,475 L,14-16 in (35-40 cm),23-28°C,6.5-7.5,Medium (5-20 dGH),Carnivore/Omnivore,Solitary or bonded pair,10-15 years,4 in,"Jaguar Cichlid is a large, characterful New World cichlid. These fish are intelligent and territorial, needing a big tank, strong filtration and robust decor. Adult size varies widely by species.",Provide a large tank with powerful filtration and secure hardscape. | Territorial and often aggressive — choose tankmates carefully and confirm the species' temperament. | Confirm the exact species' adult size before stocking — some exceed 30 cm.,aqa-cichlid-colour-enhancer,aqa-brineshrimp-flakes,Larger specimens need bigger meaty/pellet foods.,https://care.best4pets.in/fish/jaguar-cichlid-3,https://care.best4pets.in/fish/jaguar-cichlid-3/care/,https://best4pets.in/products/jaguar-cichlid-5-parachromis-managuensis,Jaguar Cichlid 4 inch
RA-FSH-0548,botia-dario-queen-loach,botia-dario-queen-loach-3,Botia dario / Queen Loach,Loach,Cobitidae / Botiidae,Asia,Beginner-Intermediate,Peaceful (with care),Bottom,115-280 L (species-dependent),2-12 in — varies by species,24-28°C,6.0-7.5,Soft-Medium (3-15 dGH),Omnivore,Groups of 5 or more,10-15 years,2 in,Botia dario / Queen Loach is a social bottom-dwelling loach that does best in groups and appreciates smooth substrate and hiding spots. Some stay small; clown loaches grow large and long-lived.,Keep in groups of 5+ — loaches are social and pine when kept singly. | Use smooth substrate and provide caves/tunnels for security. | Many relish snails; confirm adult size (clown loach reaches ~30 cm).,aqa-micro-pellet-economy,aqa-brineshrimp-flakes,Use a sinking food; many also relish snails.,https://care.best4pets.in/fish/botia-dario-queen-loach,https://care.best4pets.in/fish/botia-dario-queen-loach/care/,https://best4pets.in/products/botia-dario-queen-loach-3,"Botia dario / Queen Loach 2"" (Pair)"
RA-FSH-0549,peaock-eel-macrognathus-aculeatus,peaock-eel-macrognathus-aculeatus-6-7,Peaock eel / Macrognathus aculeatus,Oddball/Predator,Various,Varies,Intermediate-Advanced,Aggressive,All levels,280-1140+ L (species-dependent),6-48 in — varies hugely by species,24-28°C,6.5-7.5,Soft-Medium (5-15 dGH),Carnivore,Solitary or species-dependent,10-20 years,5 in,"Peaock eel / Macrognathus aculeatus is a specialist 'oddball' predator (such as bichirs, arowana, gar, knifefish or eels). Most grow large and hunt, so the exact species dictates tank size and tankmates.","Use a tight, weighted lid — most oddball predators jump or climb. | Predatory: never house with fish small enough to be swallowed. | Research the exact species — many outgrow standard aquariums dramatically.",aqa-brineshrimp-flakes,,Predatory — feed meaty foods sized to the fish; large species need large prey items.,https://care.best4pets.in/fish/peaock-eel-macrognathus-aculeatus,https://care.best4pets.in/fish/peaock-eel-macrognathus-aculeatus/care/,https://best4pets.in/products/peaock-eel-macrognathus-aculeatus-6-7,"Peaock eel / Macrognathus aculeatus 5""- 6"""
RA-FSH-0550,golden-honey-gourami,golden-honey-gourami,Golden Honey Gourami,Gourami/Anabantid,Osphronemidae,Southeast Asia,Beginner-Intermediate,Peaceful (with care),Top-Middle,75-115 L,2-6 in (5-15 cm),23-28°C,6.0-7.5,Soft-Medium (4-15 dGH),Omnivore,Pairs or single,3-5 years,,"Golden Honey Gourami is a labyrinth fish that gulps air at the surface and appreciates calm water. Generally peaceful, though males can be territorial with their own kind.","Keep calm water with surface access for air-breathing. | Avoid keeping multiple males in a small tank — they turn territorial. | Provide floating plants and gentle flow for a secure, settled fish.",aqa-micro-pellet-colour-enhancing,aqa-brineshrimp-flakes,,https://care.best4pets.in/fish/golden-honey-gourami,https://care.best4pets.in/fish/golden-honey-gourami/care/,https://best4pets.in/products/golden-honey-gourami,Golden Honey Gourami (Pair)
RA-FSH-0551,cobalt-gourami,cobalt-gourami-small,Cobalt Gourami,Gourami/Anabantid,Osphronemidae,Southeast Asia,Beginner-Intermediate,Peaceful (with care),Top-Middle,75-115 L,2-6 in (5-15 cm),23-28°C,6.0-7.5,Soft-Medium (4-15 dGH),Omnivore,Pairs or single,3-5 years,,"Cobalt Gourami is a labyrinth fish that gulps air at the surface and appreciates calm water. Generally peaceful, though males can be territorial with their own kind.","Keep calm water with surface access for air-breathing. | Avoid keeping multiple males in a small tank — they turn territorial. | Provide floating plants and gentle flow for a secure, settled fish.",aqa-micro-pellet-colour-enhancing,aqa-brineshrimp-flakes,,https://care.best4pets.in/fish/cobalt-gourami,https://care.best4pets.in/fish/cobalt-gourami/care/,https://best4pets.in/products/cobalt-gourami-small,Cobalt Gourami (Pair)
RA-FSH-0552,scar-diamond-veil-tail,super-veil-tail-marble-angel-large,Scar Diamond Veil Tail,Goldfish,Cyprinidae (coldwater),Selectively bred (China),Beginner-Intermediate,Peaceful,All levels,75-115 L per fish,6-8 in fancy (15-20 cm),18-24°C,7.0-8.4,Medium-Hard (8-20 dGH),Omnivore,Groups,10-15+ years,,"Scar Diamond Veil Tail is a hardy coldwater fish that needs no heater but produces a heavy bioload, so strong filtration and space are essential. A long-lived, personable pet.",Coldwater fish — no heater needed; keep below ~24°C. | Big bioload: over-filter and do generous water changes. | Feed sinking foods to fancy types to reduce swim-bladder/buoyancy issues.,aqa-micro-pellet-economy,,Feed a sinking staple plus vegetable matter; avoid overfeeding.,https://care.best4pets.in/fish/scar-diamond-veil-tail,https://care.best4pets.in/fish/scar-diamond-veil-tail/care/,https://best4pets.in/products/super-veil-tail-marble-angel-large,Scar Diamond Veil Tail Medium (Pair)
RA-FSH-0553,neon-blue-acara-3,neon-blue-acara-3,Neon Blue Acara,SA/CA Cichlid (large),Cichlidae,Central/South America,Intermediate-Advanced,Aggressive,All levels,200-475 L (species-dependent),6-16 in — varies by species,23-28°C,6.5-7.5,Medium (5-20 dGH),Carnivore/Omnivore,Solitary or bonded pair,10-15 years,2 in,"Neon Blue Acara is a large, characterful New World cichlid. These fish are intelligent and territorial, needing a big tank, strong filtration and robust decor. Adult size varies widely by species.",Provide a large tank with powerful filtration and secure hardscape. | Territorial and often aggressive — choose tankmates carefully and confirm the species' temperament. | Confirm the exact species' adult size before stocking — some exceed 30 cm.,aqa-cichlid-colour-enhancer,aqa-brineshrimp-flakes,Larger specimens need bigger meaty/pellet foods.,https://care.best4pets.in/fish/neon-blue-acara-3,https://care.best4pets.in/fish/neon-blue-acara-3/care/,https://best4pets.in/products/neon-blue-acara-3,Neon Blue Acara 2inch (Pair)
RA-FSH-0554,green-tiger-barb,green-tiger-barb-small,Green Tiger Barb,Barb,Cyprinidae,Asia,Beginner-Intermediate,Semi-aggressive,Middle,115 L,2-3 in (5-8 cm),22-26°C,6.0-7.5,Soft-Medium (4-15 dGH),Omnivore,Shoal of 6 or more,5 years,,"Green Tiger Barb is an active, hardy barb. Kept in good numbers it's a lively community fish, but small groups can turn nippy toward long-finned tankmates.","Keep a shoal of 6+ to spread out natural nipping behaviour. | Avoid slow, long-finned tankmates (e.g. bettas, angelfish, guppies). | Provide open swimming space for this fast, energetic fish.",aqa-micro-pellet-colour-enhancing,aqa-brineshrimp-flakes,,https://care.best4pets.in/fish/green-tiger-barb,https://care.best4pets.in/fish/green-tiger-barb/care/,https://best4pets.in/products/green-tiger-barb-small,Green Tiger Barb Small
RA-FSH-0555,panda-black-guppy,panda-black-guppy,Panda Black Guppy,Guppy/Endler,Poeciliidae,Central/South America (livebearer),Beginner,Peaceful,Top-Middle,40-75 L,1-2.5 in (2.5-6 cm),22-28°C,7.0-8.0,Medium-Hard (8-20 dGH),Omnivore,Groups (more females than males),2-3 years,,"Panda Black Guppy is a colourful, hardy livebearer and one of the easiest fish in the hobby. It breeds readily and thrives in harder, alkaline water.","Prefers harder, alkaline water — avoid soft, acidic setups. | Keep 2-3 females per male to reduce harassment of females. | Breeds prolifically; provide plant cover for fry or expect a growing colony.",aqa-micro-pellet-colour-enhancing,aqa-brineshrimp-flakes,,https://care.best4pets.in/fish/panda-black-guppy,https://care.best4pets.in/fish/panda-black-guppy/care/,https://best4pets.in/products/panda-black-guppy,Panda Black Guppy (Male)
RA-FSH-0556,half-black-guppy,half-black-guppy-2-jumbo,Half Black Guppy,Guppy/Endler,Poeciliidae,Central/South America (livebearer),Beginner,Peaceful,Top-Middle,40-75 L,1-2.5 in (2.5-6 cm),22-28°C,7.0-8.0,Medium-Hard (8-20 dGH),Omnivore,Groups (more females than males),2-3 years,,"Half Black Guppy is a colourful, hardy livebearer and one of the easiest fish in the hobby. It breeds readily and thrives in harder, alkaline water.","Prefers harder, alkaline water — avoid soft, acidic setups. | Keep 2-3 females per male to reduce harassment of females. | Breeds prolifically; provide plant cover for fry or expect a growing colony.",aqa-micro-pellet-colour-enhancing,aqa-brineshrimp-flakes,,https://care.best4pets.in/fish/half-black-guppy,https://care.best4pets.in/fish/half-black-guppy/care/,https://best4pets.in/products/half-black-guppy-2-jumbo,Half Black Guppy (Pair)
RA-FSH-0557,flamingo-metallic-guppy,flamingo-metallic-guppy,Flamingo Metallic Guppy,Guppy/Endler,Poeciliidae,Central/South America (livebearer),Beginner,Peaceful,Top-Middle,40-75 L,1-2.5 in (2.5-6 cm),22-28°C,7.0-8.0,Medium-Hard (8-20 dGH),Omnivore,Groups (more females than males),2-3 years,,"Flamingo Metallic Guppy is a colourful, hardy livebearer and one of the easiest fish in the hobby. It breeds readily and thrives in harder, alkaline water.","Prefers harder, alkaline water — avoid soft, acidic setups. | Keep 2-3 females per male to reduce harassment of females. | Breeds prolifically; provide plant cover for fry or expect a growing colony.",aqa-micro-pellet-colour-enhancing,aqa-brineshrimp-flakes,,https://care.best4pets.in/fish/flamingo-metallic-guppy,https://care.best4pets.in/fish/flamingo-metallic-guppy/care/,https://best4pets.in/products/flamingo-metallic-guppy,Flamingo Metallic Guppy (Pair)
RA-FSH-0558,yellow-lace-top-sword-guppy,top-sword-tiger-endler-guppy-jumbo,Yellow Lace Top Sword Guppy,Guppy/Endler,Poeciliidae,Central/South America (livebearer),Beginner,Peaceful,Top-Middle,40-75 L,1-2.5 in (2.5-6 cm),22-28°C,7.0-8.0,Medium-Hard (8-20 dGH),Omnivore,Groups (more females than males),2-3 years,,"Yellow Lace Top Sword Guppy is a colourful, hardy livebearer and one of the easiest fish in the hobby. It breeds readily and thrives in harder, alkaline water.","Prefers harder, alkaline water — avoid soft, acidic setups. | Keep 2-3 females per male to reduce harassment of females. | Breeds prolifically; provide plant cover for fry or expect a growing colony.",aqa-micro-pellet-colour-enhancing,aqa-brineshrimp-flakes,,https://care.best4pets.in/fish/yellow-lace-top-sword-guppy,https://care.best4pets.in/fish/yellow-lace-top-sword-guppy/care/,https://best4pets.in/products/top-sword-tiger-endler-guppy-jumbo,Yellow Lace Top Sword Guppy (Male)
RA-FSH-0559,german-sunset-guppy,german-sunset-guppy-2-jumbo,German Sunset Guppy,Guppy/Endler,Poeciliidae,Central/South America (livebearer),Beginner,Peaceful,Top-Middle,40-75 L,1-2.5 in (2.5-6 cm),22-28°C,7.0-8.0,Medium-Hard (8-20 dGH),Omnivore,Groups (more females than males),2-3 years,2 in,"German Sunset Guppy is a colourful, hardy livebearer and one of the easiest fish in the hobby. It breeds readily and thrives in harder, alkaline water.","Prefers harder, alkaline water — avoid soft, acidic setups. | Keep 2-3 females per male to reduce harassment of females. | Breeds prolifically; provide plant cover for fry or expect a growing colony.",aqa-micro-pellet-colour-enhancing,aqa-brineshrimp-flakes,,https://care.best4pets.in/fish/german-sunset-guppy,https://care.best4pets.in/fish/german-sunset-guppy/care/,https://best4pets.in/products/german-sunset-guppy-2-jumbo,"German Sunset Guppy 2"", Jumbo"
RA-FSH-0560,blue-neon-guppy,blue-neon-guppy-2-jumbo,Blue Neon Guppy,Guppy/Endler,Poeciliidae,Central/South America (livebearer),Beginner,Peaceful,Top-Middle,40-75 L,1-2.5 in (2.5-6 cm),22-28°C,7.0-8.0,Medium-Hard (8-20 dGH),Omnivore,Groups (more females than males),2-3 years,,"Blue Neon Guppy is a colourful, hardy livebearer and one of the easiest fish in the hobby. It breeds readily and thrives in harder, alkaline water.","Prefers harder, alkaline water — avoid soft, acidic setups. | Keep 2-3 females per male to reduce harassment of females. | Breeds prolifically; provide plant cover for fry or expect a growing colony.",aqa-micro-pellet-colour-enhancing,aqa-brineshrimp-flakes,,https://care.best4pets.in/fish/blue-neon-guppy,https://care.best4pets.in/fish/blue-neon-guppy/care/,https://best4pets.in/products/blue-neon-guppy-2-jumbo,Blue Neon Guppy (Pair)
RA-FSH-0561,red-tail-tuxedo-guppy-pair,red-tail-tuxedo-guppy-2,Red Tail Tuxedo Guppy Pair,Guppy/Endler,Poeciliidae,Central/South America (livebearer),Beginner,Peaceful,Top-Middle,40-75 L,1-2.5 in (2.5-6 cm),22-28°C,7.0-8.0,Medium-Hard (8-20 dGH),Omnivore,Groups (more females than males),2-3 years,,"Red Tail Tuxedo Guppy Pair is a colourful, hardy livebearer and one of the easiest fish in the hobby. It breeds readily and thrives in harder, alkaline water.","Prefers harder, alkaline water — avoid soft, acidic setups. | Keep 2-3 females per male to reduce harassment of females. | Breeds prolifically; provide plant cover for fry or expect a growing colony.",aqa-micro-pellet-colour-enhancing,aqa-brineshrimp-flakes,,https://care.best4pets.in/fish/red-tail-tuxedo-guppy-pair,https://care.best4pets.in/fish/red-tail-tuxedo-guppy-pair/care/,https://best4pets.in/products/red-tail-tuxedo-guppy-2,Red Tail Tuxedo Guppy Pair
RA-FSH-0562,albino-giant-gourami,albino-giant-gourami-5,Albino Giant Gourami,Gourami/Anabantid,Osphronemidae,Southeast Asia,Beginner-Intermediate,Peaceful (with care),Top-Middle,75-115 L,2-6 in (5-15 cm),23-28°C,6.0-7.5,Soft-Medium (4-15 dGH),Omnivore,Pairs or single,3-5 years,3 in,"Albino Giant Gourami is a labyrinth fish that gulps air at the surface and appreciates calm water. Generally peaceful, though males can be territorial with their own kind.","Keep calm water with surface access for air-breathing. | Avoid keeping multiple males in a small tank — they turn territorial. | Provide floating plants and gentle flow for a secure, settled fish.",aqa-micro-pellet-colour-enhancing,aqa-brineshrimp-flakes,,https://care.best4pets.in/fish/albino-giant-gourami,https://care.best4pets.in/fish/albino-giant-gourami/care/,https://best4pets.in/products/albino-giant-gourami-5,"Albino Giant Gourami, 3"""
RA-FSH-0563,red-cap-oranda-goldfish-a-grade,red-cap-oranda-goldfish-a-grade-4,Red Cap Oranda Goldfish A Grade,Goldfish,Cyprinidae (coldwater),Selectively bred (China),Beginner-Intermediate,Peaceful,All levels,75-115 L per fish,6-8 in fancy (15-20 cm),18-24°C,7.0-8.4,Medium-Hard (8-20 dGH),Omnivore,Groups,10-15+ years,3-4 in,"Red Cap Oranda Goldfish A Grade is a hardy coldwater fish that needs no heater but produces a heavy bioload, so strong filtration and space are essential. A long-lived, personable pet.",Coldwater fish — no heater needed; keep below ~24°C. | Big bioload: over-filter and do generous water changes. | Feed sinking foods to fancy types to reduce swim-bladder/buoyancy issues.,aqa-micro-pellet-economy,,Feed a sinking staple plus vegetable matter; avoid overfeeding.,https://care.best4pets.in/fish/red-cap-oranda-goldfish-a-grade,https://care.best4pets.in/fish/red-cap-oranda-goldfish-a-grade/care/,https://best4pets.in/products/red-cap-oranda-goldfish-a-grade-4,"Red Cap Oranda Goldfish A Grade 3-4"" (Pair)"
RA-FSH-0564,paratilapia-polleni-2,paratilapia-polleni-2-5,Paratilapia polleni,SA/CA Cichlid (large),Cichlidae,Central/South America,Intermediate-Advanced,Aggressive,All levels,200-475 L (species-dependent),6-16 in — varies by species,23-28°C,6.5-7.5,Medium (5-20 dGH),Carnivore/Omnivore,Solitary or bonded pair,10-15 years,2 in,"Paratilapia polleni is a large, characterful New World cichlid. These fish are intelligent and territorial, needing a big tank, strong filtration and robust decor. Adult size varies widely by species.",Provide a large tank with powerful filtration and secure hardscape. | Territorial and often aggressive — choose tankmates carefully and confirm the species' temperament. | Confirm the exact species' adult size before stocking — some exceed 30 cm.,aqa-cichlid-colour-enhancer,aqa-brineshrimp-flakes,Larger specimens need bigger meaty/pellet foods.,https://care.best4pets.in/fish/paratilapia-polleni-2,https://care.best4pets.in/fish/paratilapia-polleni-2/care/,https://best4pets.in/products/paratilapia-polleni-2-5,"Paratilapia polleni, 2"""
RA-FSH-0565,kuhli-loach,giant-kuhli-loach-3,Kuhli Loach,Loach,Cobitidae / Botiidae,Asia,Beginner-Intermediate,Peaceful (with care),Bottom,115-280 L (species-dependent),2-12 in — varies by species,24-28°C,6.0-7.5,Soft-Medium (3-15 dGH),Omnivore,Groups of 5 or more,10-15 years,,Kuhli Loach is a social bottom-dwelling loach that does best in groups and appreciates smooth substrate and hiding spots. Some stay small; clown loaches grow large and long-lived.,Keep in groups of 5+ — loaches are social and pine when kept singly. | Use smooth substrate and provide caves/tunnels for security. | Many relish snails; confirm adult size (clown loach reaches ~30 cm).,aqa-micro-pellet-economy,aqa-brineshrimp-flakes,Use a sinking food; many also relish snails.,https://care.best4pets.in/fish/kuhli-loach,https://care.best4pets.in/fish/kuhli-loach/care/,https://best4pets.in/products/giant-kuhli-loach-3,Kuhli Loach
RA-FSH-0566,rainbow-stiphodon-goby,rainbow-stiphodon-goby-stiphodon-ornatus,Rainbow Stiphodon Goby,Rainbowfish,Melanotaeniidae,Australia / New Guinea,Beginner-Intermediate,Peaceful,Middle-Top,115 L,2-5 in (5-13 cm),23-28°C,7.0-8.0,Medium-Hard (8-20 dGH),Omnivore,Shoal of 6 or more,5-8 years,,"Rainbow Stiphodon Goby is an active, peaceful schooling fish whose colours intensify with age and in a group. It prefers neutral-to-hard water and plenty of open swimming space.","Keep 6+ — colour and confidence build in a shoal (and with mature males). | Neutral to slightly alkaline, harder water suits them well. | Give long open swimming lanes; they're fast, active swimmers.",aqa-micro-pellet-colour-enhancing,aqa-brineshrimp-flakes,,https://care.best4pets.in/fish/rainbow-stiphodon-goby,https://care.best4pets.in/fish/rainbow-stiphodon-goby/care/,https://best4pets.in/products/rainbow-stiphodon-goby-stiphodon-ornatus,Rainbow Stiphodon Goby (Stiphodon ornatus)
RA-FSH-0567,electric-blue-dwarf-goby,electric-blue-neon-dwarf-goby-stiphodon-atropurpureus,Electric Blue Dwarf Goby,African Rift Cichlid (Malawi),Cichlidae,"Lake Malawi, East Africa",Intermediate,Aggressive,All levels,200 L,4-6 in (10-15 cm),24-28°C,7.8-8.6,Hard / Alkaline (10-20 dGH),Omnivore,Groups (species-appropriate),8-10 years,,"Electric Blue Dwarf Goby is a colourful, boldly territorial Lake Malawi cichlid. It needs hard, alkaline water and a rocky, cave-filled aquascape, with stocking planned to spread aggression.","Hard, alkaline water is essential — not for soft-water community tanks. | Build rockwork with many caves; keep them appropriately stocked to diffuse aggression. | Mbuna need veg-based food (avoid excess protein → Malawi bloat); peacocks/haps take more protein.",aqa-cichlid-colour-enhancer,aqa-brineshrimp-flakes,Mbuna are veg-leaning — keep protein moderate to avoid bloat.,https://care.best4pets.in/fish/electric-blue-dwarf-goby,https://care.best4pets.in/fish/electric-blue-dwarf-goby/care/,https://best4pets.in/products/electric-blue-neon-dwarf-goby-stiphodon-atropurpureus,Electric Blue Dwarf Goby (Stiphodon atropurpureus) (Pair)
RA-FSH-0568,silver-dollar-2,silver-dollar-2,Silver Dollar,Silver Dollar/Large Characin,Characidae / Serrasalmidae,South America,Intermediate,Peaceful,Middle,280 L,5-8 in (13-20 cm),24-28°C,5.5-7.5,Soft-Medium (4-18 dGH),Herbivore,Shoal of 5 or more,10 years,4 in,"Silver Dollar is a large, peaceful, disc-shaped characin that shoals and appreciates space. Most are avid plant-eaters, so pair with tough or artificial plants.",Keep a group of 5+ in a large tank — they're skittish when few. | Expect them to eat soft plants; use robust or artificial plants. | Provide open swimming space and secure the tank (they spook and dash).,aqa-micro-pellet-economy,,Largely herbivorous — supplement with vegetable matter and greens.,https://care.best4pets.in/fish/silver-dollar-2,https://care.best4pets.in/fish/silver-dollar-2/care/,https://best4pets.in/products/silver-dollar-2,"Silver Dollar 4"""
RA-FSH-0569,hasemani-whiptail-hemiloricaria-hasemani,hasemani-whiptail-hemiloricaria-hasemani-2-5-3,Hasemani Whiptail / Hemiloricaria hasemani,Pleco (L-number/Bristlenose),Loricariidae,South America,Beginner-Intermediate,Peaceful (with care),Bottom,115 L (varies by species),4-18 in — varies by species,24-28°C,6.0-7.5,Soft-Medium (2-15 dGH),Omnivore,Solitary (can be territorial),10-15 years,2.5 in,"Hasemani Whiptail / Hemiloricaria hasemani is a loricariid catfish. Sizes range from a 12 cm bristlenose to an 45 cm+ common pleco, so confirm the species. Most graze biofilm and need driftwood and sinking foods.","Provide driftwood — many species rasp on wood as part of their diet. | Don't rely on tank algae alone; offer sinking wafers and vegetables (Hypancistrus are carnivores). | Confirm adult size before buying — bristlenose stay ~12 cm, common/sailfin plecos exceed 40 cm.",aqa-micro-pellet-economy,,"Supplement with algae wafers, vegetables and driftwood (Hypancistrus need meaty food).",https://care.best4pets.in/fish/hasemani-whiptail-hemiloricaria-hasemani,https://care.best4pets.in/fish/hasemani-whiptail-hemiloricaria-hasemani/care/,https://best4pets.in/products/hasemani-whiptail-hemiloricaria-hasemani-2-5-3,"Hasemani Whiptail / Hemiloricaria hasemani, 2.5""-3"" (Pair)"
RA-FSH-0570,zebra-loach-botia-striata,zebra-loach-botia-striata,Zebra Loach / Botia striata,Loach,Cobitidae / Botiidae,Asia,Beginner-Intermediate,Peaceful (with care),Bottom,115-280 L (species-dependent),2-12 in — varies by species,24-28°C,6.0-7.5,Soft-Medium (3-15 dGH),Omnivore,Groups of 5 or more,10-15 years,,Zebra Loach / Botia striata is a social bottom-dwelling loach that does best in groups and appreciates smooth substrate and hiding spots. Some stay small; clown loaches grow large and long-lived.,Keep in groups of 5+ — loaches are social and pine when kept singly. | Use smooth substrate and provide caves/tunnels for security. | Many relish snails; confirm adult size (clown loach reaches ~30 cm).,aqa-micro-pellet-economy,aqa-brineshrimp-flakes,Use a sinking food; many also relish snails.,https://care.best4pets.in/fish/zebra-loach-botia-striata,https://care.best4pets.in/fish/zebra-loach-botia-striata/care/,https://best4pets.in/products/zebra-loach-botia-striata,Zebra Loach / Botia striata
RA-FSH-0571,narayans-blue-barb,pethia-setnai-setnai-barb,Narayans Blue Barb,Barb,Cyprinidae,Asia,Beginner-Intermediate,Semi-aggressive,Middle,115 L,2-3 in (5-8 cm),22-26°C,6.0-7.5,Soft-Medium (4-15 dGH),Omnivore,Shoal of 6 or more,5 years,,"Narayans Blue Barb is an active, hardy barb. Kept in good numbers it's a lively community fish, but small groups can turn nippy toward long-finned tankmates.","Keep a shoal of 6+ to spread out natural nipping behaviour. | Avoid slow, long-finned tankmates (e.g. bettas, angelfish, guppies). | Provide open swimming space for this fast, energetic fish.",aqa-micro-pellet-colour-enhancing,aqa-brineshrimp-flakes,,https://care.best4pets.in/fish/narayans-blue-barb,https://care.best4pets.in/fish/narayans-blue-barb/care/,https://best4pets.in/products/pethia-setnai-setnai-barb,Narayans Blue Barb (Pair)
RA-FSH-0572,hujeta-gar-ctenolucius-hujeta,hujeta-gar-6,Hujeta Gar / Ctenolucius hujeta,Oddball/Predator,Various,Varies,Intermediate-Advanced,Aggressive,All levels,1140 L,24-48 in (60-120 cm),24-28°C,6.5-7.5,Soft-Medium (5-15 dGH),Carnivore,Solitary or species-dependent,10-20 years,6 in,"Hujeta Gar / Ctenolucius hujeta is a specialist 'oddball' predator (such as bichirs, arowana, gar, knifefish or eels). Most grow large and hunt, so the exact species dictates tank size and tankmates.","Use a tight, weighted lid — most oddball predators jump or climb. | Predatory: never house with fish small enough to be swallowed. | Research the exact species — many outgrow standard aquariums dramatically.",aqa-brineshrimp-flakes,,Predatory — feed meaty foods sized to the fish; large species need large prey items.,https://care.best4pets.in/fish/hujeta-gar-ctenolucius-hujeta,https://care.best4pets.in/fish/hujeta-gar-ctenolucius-hujeta/care/,https://best4pets.in/products/hujeta-gar-6,"Hujeta Gar / Ctenolucius hujeta, 6"""
RA-FSH-0573,veil-tail-tiger-barb,veil-tail-tiger-barb,Veil Tail Tiger Barb,Goldfish,Cyprinidae (coldwater),Selectively bred (China),Beginner-Intermediate,Peaceful,All levels,75-115 L per fish,6-8 in fancy (15-20 cm),18-24°C,7.0-8.4,Medium-Hard (8-20 dGH),Omnivore,Groups,10-15+ years,,"Veil Tail Tiger Barb is a hardy coldwater fish that needs no heater but produces a heavy bioload, so strong filtration and space are essential. A long-lived, personable pet.",Coldwater fish — no heater needed; keep below ~24°C. | Big bioload: over-filter and do generous water changes. | Feed sinking foods to fancy types to reduce swim-bladder/buoyancy issues.,aqa-micro-pellet-economy,,Feed a sinking staple plus vegetable matter; avoid overfeeding.,https://care.best4pets.in/fish/veil-tail-tiger-barb,https://care.best4pets.in/fish/veil-tail-tiger-barb/care/,https://best4pets.in/products/veil-tail-tiger-barb,Veil Tail Tiger Barb (Pair)
RA-FSH-0574,cardinal-tetra,cardinal-tetra-jumbo,Cardinal Tetra,Tetra/Characin,Characidae,South America,Beginner,Peaceful,Middle,75 L,1.5-2.5 in (4-6 cm),22-27°C,5.5-7.5,Soft-Medium (2-15 dGH),Omnivore,Shoal of 6 or more,3-5 years,,"Cardinal Tetra is a small, active schooling characin that shows its best colour and behaviour in a group. Peaceful and undemanding, it's ideal for planted community aquariums.","Keep in a shoal of at least 6 — lone specimens are shy and washed-out. | Offer a varied diet of quality micro-pellets, flakes and frozen foods. | Best in a planted tank with open swimming space and gentle flow.",aqa-micro-pellet-colour-enhancing,aqa-brineshrimp-flakes,,https://care.best4pets.in/fish/cardinal-tetra,https://care.best4pets.in/fish/cardinal-tetra/care/,https://best4pets.in/products/cardinal-tetra-jumbo,Cardinal Tetra Jumbo (Pair)
RA-FSH-0575,eruption-discus,eruption-discus-2-5,Eruption Discus,Discus,Cichlidae,"Amazon, South America",Advanced,Peaceful,Middle,200+ L (group),6-8 in (15-20 cm),28-31°C,5.5-7.0,Soft (1-8 dGH),Omnivore/Carnivore,Groups of 6+,10-15 years,2.5 in,"Eruption Discus is the 'king of the aquarium' — a stunning but demanding cichlid needing very warm, soft, pristine water and a group for security. Best for experienced keepers.","Keep very warm (28-31°C) — warmer than most community fish. | Soft, acidic, spotless water with frequent large water changes. | Keep 6+ to reduce bullying; feed high-quality varied foods often.",aqa-cichlid-colour-enhancer,aqa-brineshrimp-flakes,Feed several small meals of high-protein food daily.,https://care.best4pets.in/fish/eruption-discus,https://care.best4pets.in/fish/eruption-discus/care/,https://best4pets.in/products/eruption-discus-2-5,"Eruption Discus 2.5"" (Pair)"
RA-FSH-0576,snakeskin-discus,snakeskin-discus-2-5inch,Snakeskin Discus,Discus,Cichlidae,"Amazon, South America",Advanced,Peaceful,Middle,200+ L (group),6-8 in (15-20 cm),28-31°C,5.5-7.0,Soft (1-8 dGH),Omnivore/Carnivore,Groups of 6+,10-15 years,2.5 in,"Snakeskin Discus is the 'king of the aquarium' — a stunning but demanding cichlid needing very warm, soft, pristine water and a group for security. Best for experienced keepers.","Keep very warm (28-31°C) — warmer than most community fish. | Soft, acidic, spotless water with frequent large water changes. | Keep 6+ to reduce bullying; feed high-quality varied foods often.",aqa-cichlid-colour-enhancer,aqa-brineshrimp-flakes,Feed several small meals of high-protein food daily.,https://care.best4pets.in/fish/snakeskin-discus,https://care.best4pets.in/fish/snakeskin-discus/care/,https://best4pets.in/products/snakeskin-discus-2-5inch,Snakeskin Discus 2.5inch
RA-FSH-0577,koi-angelfish,koi-ghost-angelfish-large,Koi Angelfish,Koi,Cyprinidae (pond),Selectively bred (Japan),Intermediate,Peaceful,All levels,"Pond, 950+ L",24-36 in (60-90 cm),15-25°C,7.0-8.5,Medium-Hard (8-20 dGH),Omnivore,Groups,20-30+ years,,"Koi Angelfish is a pond fish, not an aquarium fish — it reaches 60-90 cm and lives for decades. It needs a large pond with powerful filtration and aeration.",A POND fish: an aquarium is only suitable for short-term grow-out. | Plan for a very large adult size and heavy filtration. | Tolerates cool water well; feed less as temperatures drop.,aqa-micro-pellet-economy,,Use a pond staple sized to the fish; add vegetable matter.,https://care.best4pets.in/fish/koi-angelfish,https://care.best4pets.in/fish/koi-angelfish/care/,https://best4pets.in/products/koi-ghost-angelfish-large,Koi Angelfish Large (Pair)
RA-FSH-0578,royal-whiptail-sturisoma-panamense-3,royal-whiptail-sturisoma-panamense,Royal Whiptail / Sturisoma panamense,Pleco (L-number/Bristlenose),Loricariidae,South America,Beginner-Intermediate,Peaceful (with care),Bottom,115 L (varies by species),4-18 in — varies by species,24-28°C,6.0-7.5,Soft-Medium (2-15 dGH),Omnivore,Solitary (can be territorial),10-15 years,2 in,"Royal Whiptail / Sturisoma panamense is a loricariid catfish. Sizes range from a 12 cm bristlenose to an 45 cm+ common pleco, so confirm the species. Most graze biofilm and need driftwood and sinking foods.","Provide driftwood — many species rasp on wood as part of their diet. | Don't rely on tank algae alone; offer sinking wafers and vegetables (Hypancistrus are carnivores). | Confirm adult size before buying — bristlenose stay ~12 cm, common/sailfin plecos exceed 40 cm.",aqa-micro-pellet-economy,,"Supplement with algae wafers, vegetables and driftwood (Hypancistrus need meaty food).",https://care.best4pets.in/fish/royal-whiptail-sturisoma-panamense-3,https://care.best4pets.in/fish/royal-whiptail-sturisoma-panamense-3/care/,https://best4pets.in/products/royal-whiptail-sturisoma-panamense,"Royal Whiptail / Sturisoma panamense 2"" (Pair)"
RA-FSH-0579,dario-dario-red-badis,dario-dario-red-badis,Dario dario / Red Badis,Badis/Dario,Badidae,Asia,Intermediate,Peaceful (with care),Bottom-Middle,40-75 L,0.8-3 in (2-8 cm),22-26°C,6.5-7.5,Soft-Medium (5-15 dGH),Carnivore (micro),Pairs / harem,3-5 years,,"Dario dario / Red Badis is a small, shy micro-predator (such as the scarlet badis). It often refuses dry food, needs gentle tankmates and dense cover, and rewards patience with jewel-like colour.","Feed small live/frozen foods — most refuse flakes and pellets. | Keep with calm, small tankmates; boisterous fish outcompete them. | Provide dense planting and cover so this shy fish feels secure.",aqa-brineshrimp-flakes,,Usually needs live/frozen micro-foods — may refuse dry food.,https://care.best4pets.in/fish/dario-dario-red-badis,https://care.best4pets.in/fish/dario-dario-red-badis/care/,https://best4pets.in/products/dario-dario-red-badis,Dario dario / Red Badis (Pair)
RA-FSH-0580,odessa-barb,odessa-barb,Odessa Barb,Barb,Cyprinidae,Asia,Beginner-Intermediate,Semi-aggressive,Middle,115 L,2-3 in (5-8 cm),22-26°C,6.0-7.5,Soft-Medium (4-15 dGH),Omnivore,Shoal of 6 or more,5 years,,"Odessa Barb is an active, hardy barb. Kept in good numbers it's a lively community fish, but small groups can turn nippy toward long-finned tankmates.","Keep a shoal of 6+ to spread out natural nipping behaviour. | Avoid slow, long-finned tankmates (e.g. bettas, angelfish, guppies). | Provide open swimming space for this fast, energetic fish.",aqa-micro-pellet-colour-enhancing,aqa-brineshrimp-flakes,,https://care.best4pets.in/fish/odessa-barb,https://care.best4pets.in/fish/odessa-barb/care/,https://best4pets.in/products/odessa-barb,Odessa Barb (Pair)
RA-FSH-0581,sterbai-corydoras,sterbai-corydoras,Sterbai Corydoras,Corydoras,Callichthyidae,South America,Beginner,Peaceful,Bottom,75 L,1-3 in (2.5-8 cm),22-26°C,6.0-7.5,Soft-Medium (2-15 dGH),Omnivore (bottom),Shoal of 6 or more,5-8 years,,"Sterbai Corydoras is a peaceful, sociable bottom-dwelling catfish that shoals and constantly forages. A superb, hardy community cleanup fish that's happiest in a group.",Use smooth sand or rounded gravel to protect their delicate barbels. | Keep 6+ together — Corydoras are highly social and stressed when alone. | Feed sinking foods; don't assume they'll survive on leftovers alone.,aqa-micro-pellet-economy,aqa-brineshrimp-flakes,Use a sinking pellet so this bottom-feeder gets its share.,https://care.best4pets.in/fish/sterbai-corydoras,https://care.best4pets.in/fish/sterbai-corydoras/care/,https://best4pets.in/products/sterbai-corydoras,Sterbai Corydoras (Pair)
RA-FSH-0582,panda-cory,panda-corydoras,Panda Cory,Corydoras,Callichthyidae,South America,Beginner,Peaceful,Bottom,75 L,1-3 in (2.5-8 cm),22-26°C,6.0-7.5,Soft-Medium (2-15 dGH),Omnivore (bottom),Shoal of 6 or more,5-8 years,,"Panda Cory is a peaceful, sociable bottom-dwelling catfish that shoals and constantly forages. A superb, hardy community cleanup fish that's happiest in a group.",Use smooth sand or rounded gravel to protect their delicate barbels. | Keep 6+ together — Corydoras are highly social and stressed when alone. | Feed sinking foods; don't assume they'll survive on leftovers alone.,aqa-micro-pellet-economy,aqa-brineshrimp-flakes,Use a sinking pellet so this bottom-feeder gets its share.,https://care.best4pets.in/fish/panda-cory,https://care.best4pets.in/fish/panda-cory/care/,https://best4pets.in/products/panda-corydoras,Panda Cory (Pair)
RA-FSH-0583,spotted-borneo-sucker-pseudogastromyzon-sp,spotted-borneo-sucker-pseudogastromyzon-sp,Spotted Borneo Sucker - Pseudogastromyzon sp.,Hillstream Loach,Balitoridae,Asia (fast rivers),Intermediate,Peaceful,Bottom,75-115 L,2-3 in (5-8 cm),20-24°C,7.0-8.0,Medium-Hard (8-15 dGH),Herbivore (aufwuchs),Groups,8-10 years,,"Spotted Borneo Sucker - Pseudogastromyzon sp. is a river specialist adapted to cool, fast, oxygen-rich water. It grazes biofilm from smooth stones and needs strong flow — not a standard warm community fish.","Provide strong flow and high oxygen — a river-manifold or powerhead setup. | Keep cooler than typical tropicals (20-24°C); avoid warm, still water. | Grazes biofilm/algae off smooth rocks; supplement with veg and biofilm.",aqa-micro-pellet-economy,,Mainly grazes biofilm/algae — supplement with vegetable matter.,https://care.best4pets.in/fish/spotted-borneo-sucker-pseudogastromyzon-sp,https://care.best4pets.in/fish/spotted-borneo-sucker-pseudogastromyzon-sp/care/,https://best4pets.in/products/spotted-borneo-sucker-pseudogastromyzon-sp,Spotted Borneo Sucker - Pseudogastromyzon sp. (Pair)
RA-FSH-0584,apistogramma-agassizii-golden,apistogramma-agassizii-golden,Apistogramma agassizii Golden,Dwarf Cichlid (Apisto/Ram),Cichlidae,South America,Intermediate,Peaceful (with care),Bottom-Middle,75-115 L,2-3.5 in (5-9 cm),26-29°C,5.5-7.0,Soft (2-10 dGH),Carnivore/Omnivore,Pairs,2-4 years,,"Apistogramma agassizii Golden is a colourful dwarf cichlid best kept as a pair in warm, soft water with caves and territory. Peaceful in a community, but defends a small breeding territory.","Warm, soft, slightly acidic water suits dwarf cichlids best. | Provide caves and broken sight-lines so a pair can hold territory. | Rams (Mikrogeophagus) want the warm end (28-30°C) and stable water.",aqa-cichlid-colour-enhancer,aqa-brineshrimp-flakes,,https://care.best4pets.in/fish/apistogramma-agassizii-golden,https://care.best4pets.in/fish/apistogramma-agassizii-golden/care/,https://best4pets.in/products/apistogramma-agassizii-golden,Apistogramma agassizii Golden (Pair)
RA-FSH-0585,apistogramma-agassizi-red,apistogramma-agassizi-double-red,Apistogramma agassizi Red,Dwarf Cichlid (Apisto/Ram),Cichlidae,South America,Intermediate,Peaceful (with care),Bottom-Middle,75-115 L,2-3.5 in (5-9 cm),26-29°C,5.5-7.0,Soft (2-10 dGH),Carnivore/Omnivore,Pairs,2-4 years,,"Apistogramma agassizi Red is a colourful dwarf cichlid best kept as a pair in warm, soft water with caves and territory. Peaceful in a community, but defends a small breeding territory.","Warm, soft, slightly acidic water suits dwarf cichlids best. | Provide caves and broken sight-lines so a pair can hold territory. | Rams (Mikrogeophagus) want the warm end (28-30°C) and stable water.",aqa-cichlid-colour-enhancer,aqa-brineshrimp-flakes,,https://care.best4pets.in/fish/apistogramma-agassizi-red,https://care.best4pets.in/fish/apistogramma-agassizi-red/care/,https://best4pets.in/products/apistogramma-agassizi-double-red,Apistogramma agassizi Red (Pair)
RA-FSH-0586,tiger-hillstream-loach,sewellia-lineolata-tiger-hillstream-loach,Tiger Hillstream Loach,Hillstream Loach,Balitoridae,Asia (fast rivers),Intermediate,Peaceful,Bottom,75-115 L,2-3 in (5-8 cm),20-24°C,7.0-8.0,Medium-Hard (8-15 dGH),Herbivore (aufwuchs),Groups,8-10 years,,"Tiger Hillstream Loach is a river specialist adapted to cool, fast, oxygen-rich water. It grazes biofilm from smooth stones and needs strong flow — not a standard warm community fish.","Provide strong flow and high oxygen — a river-manifold or powerhead setup. | Keep cooler than typical tropicals (20-24°C); avoid warm, still water. | Grazes biofilm/algae off smooth rocks; supplement with veg and biofilm.",aqa-micro-pellet-economy,,Mainly grazes biofilm/algae — supplement with vegetable matter.,https://care.best4pets.in/fish/tiger-hillstream-loach,https://care.best4pets.in/fish/tiger-hillstream-loach/care/,https://best4pets.in/products/sewellia-lineolata-tiger-hillstream-loach,Tiger Hillstream Loach
RA-FSH-0587,spotted-blue-eye-rainbowfish-2,pseudomugil-gertrudae-spotted-blue-eye,Spotted Blue Eye Rainbowfish,Rainbowfish,Melanotaeniidae,Australia / New Guinea,Beginner-Intermediate,Peaceful,Middle-Top,115 L,2-5 in (5-13 cm),23-28°C,7.0-8.0,Medium-Hard (8-20 dGH),Omnivore,Shoal of 6 or more,5-8 years,,"Spotted Blue Eye Rainbowfish is an active, peaceful schooling fish whose colours intensify with age and in a group. It prefers neutral-to-hard water and plenty of open swimming space.","Keep 6+ — colour and confidence build in a shoal (and with mature males). | Neutral to slightly alkaline, harder water suits them well. | Give long open swimming lanes; they're fast, active swimmers.",aqa-micro-pellet-colour-enhancing,aqa-brineshrimp-flakes,,https://care.best4pets.in/fish/spotted-blue-eye-rainbowfish-2,https://care.best4pets.in/fish/spotted-blue-eye-rainbowfish-2/care/,https://best4pets.in/products/pseudomugil-gertrudae-spotted-blue-eye,Spotted Blue Eye Rainbowfish (Pair)
RA-FSH-0588,killifish,assorted-killifish,Killifish,Killifish/Ricefish,Aplocheilidae / Adrianichthyidae,Varies,Intermediate,Peaceful (with care),Top-Middle,40-75 L,1-3 in (2.5-8 cm),20-26°C,6.0-7.5,Soft-Medium (3-12 dGH),Carnivore (micro),Pairs or small groups,1-3 years,,"Killifish is a small, jewel-like killifish/ricefish. Many prefer soft water and take small live/frozen foods; males can spar, so provide cover and watch groupings.",Keep a tight lid — many killifish are accomplished jumpers. | Offer small live/frozen foods (some ignore dry food). | Provide dense planting/cover; watch male-to-male sparring.,aqa-brineshrimp-flakes,aqa-micro-pellet-colour-enhancing,Prefers small live/frozen foods; some ignore dry food.,https://care.best4pets.in/fish/killifish,https://care.best4pets.in/fish/killifish/care/,https://best4pets.in/products/assorted-killifish,Assorted Killifish (Male)
RA-FSH-0589,golden-archer-2,golden-archer,Golden Archer,Oddball/Predator,Various,Varies,Intermediate-Advanced,Aggressive,All levels,280-1140+ L (species-dependent),6-48 in — varies hugely by species,24-28°C,6.5-7.5,Soft-Medium (5-15 dGH),Carnivore,Solitary or species-dependent,10-20 years,2 in,"Golden Archer is a specialist 'oddball' predator (such as bichirs, arowana, gar, knifefish or eels). Most grow large and hunt, so the exact species dictates tank size and tankmates.","Use a tight, weighted lid — most oddball predators jump or climb. | Predatory: never house with fish small enough to be swallowed. | Research the exact species — many outgrow standard aquariums dramatically.",aqa-brineshrimp-flakes,,Predatory — feed meaty foods sized to the fish; large species need large prey items.,https://care.best4pets.in/fish/golden-archer-2,https://care.best4pets.in/fish/golden-archer-2/care/,https://best4pets.in/products/golden-archer,"Golden Archer 2"""
RA-FSH-0590,thai-glass-catfish,thai-glass-catfish,Thai Glass Catfish,Catfish (other),Siluriformes,Varies,Intermediate,Peaceful (with care),Bottom,150-475 L (species-dependent),3-24 in — varies by species,22-28°C,6.0-7.8,Soft-Medium (5-15 dGH),Omnivore/Carnivore,Species-dependent,8-15 years,,"Thai Glass Catfish is a catfish whose needs depend heavily on species. Many are nocturnal and appreciate caves; some (e.g. Synodontis) stay moderate while others (shovelnose, redtail) grow very large.",Provide caves and shaded retreats — many catfish are nocturnal. | Confirm the species' adult size before buying; some grow far too large for home tanks. | Feed after lights-out with sinking foods to ensure they get enough.,aqa-micro-pellet-economy,aqa-brineshrimp-flakes,Feed after lights-out; larger/predatory species need meaty foods.,https://care.best4pets.in/fish/thai-glass-catfish,https://care.best4pets.in/fish/thai-glass-catfish/care/,https://best4pets.in/products/thai-glass-catfish,Thai Glass Catfish (Pair)
RA-FSH-0591,boraras-maculatus,boraras-maculatus,Boraras maculatus,Rasbora,Cyprinidae,Southeast Asia,Beginner,Peaceful,Middle,40-75 L,0.75-2 in (2-5 cm),23-27°C,5.5-7.0,Soft-Medium (2-12 dGH),Omnivore,Shoal of 8 or more,3-5 years,,Boraras maculatus is a peaceful nano cyprinid that shoals tightly and suits planted and nano aquascapes. Its small size and calm nature make it a community favourite.,"Keep 8+ together for a confident, colourful shoal. | Soft, slightly acidic water and planted cover bring out the best colour. | Feed small foods — micro-pellets, crushed flake and frozen daphnia/cyclops.",aqa-micro-pellet-colour-enhancing,aqa-brineshrimp-flakes,,https://care.best4pets.in/fish/boraras-maculatus,https://care.best4pets.in/fish/boraras-maculatus/care/,https://best4pets.in/products/boraras-maculatus,Boraras maculatus
RA-FSH-0592,congo-tetra-3,congo-tetra-xl,Congo Tetra,Tetra/Characin,Characidae,South America,Beginner,Peaceful,Middle,75 L,1.5-2.5 in (4-6 cm),22-27°C,5.5-7.5,Soft-Medium (2-15 dGH),Omnivore,Shoal of 6 or more,3-5 years,2 in,"Congo Tetra is a small, active schooling characin that shows its best colour and behaviour in a group. Peaceful and undemanding, it's ideal for planted community aquariums.","Keep in a shoal of at least 6 — lone specimens are shy and washed-out. | Offer a varied diet of quality micro-pellets, flakes and frozen foods. | Best in a planted tank with open swimming space and gentle flow.",aqa-micro-pellet-colour-enhancing,aqa-brineshrimp-flakes,,https://care.best4pets.in/fish/congo-tetra-3,https://care.best4pets.in/fish/congo-tetra-3/care/,https://best4pets.in/products/congo-tetra-xl,"Congo Tetra 2"" (Pair)"
RA-FSH-0593,green-neon-tetra,green-neon-tetra,Green Neon Tetra,Tetra/Characin,Characidae,South America,Beginner,Peaceful,Middle,75 L,1.5-2.5 in (4-6 cm),22-27°C,5.5-7.5,Soft-Medium (2-15 dGH),Omnivore,Shoal of 6 or more,3-5 years,,"Green Neon Tetra is a small, active schooling characin that shows its best colour and behaviour in a group. Peaceful and undemanding, it's ideal for planted community aquariums.","Keep in a shoal of at least 6 — lone specimens are shy and washed-out. | Offer a varied diet of quality micro-pellets, flakes and frozen foods. | Best in a planted tank with open swimming space and gentle flow.",aqa-micro-pellet-colour-enhancing,aqa-brineshrimp-flakes,,https://care.best4pets.in/fish/green-neon-tetra,https://care.best4pets.in/fish/green-neon-tetra/care/,https://best4pets.in/products/green-neon-tetra,Green Neon Tetra (Pair)
RA-FSH-0594,chili-rasbora,boraras-brigittae-chilli-rasbora,Chili Rasbora,Rasbora,Cyprinidae,Southeast Asia,Beginner,Peaceful,Middle,40-75 L,0.75-2 in (2-5 cm),23-27°C,5.5-7.0,Soft-Medium (2-12 dGH),Omnivore,Shoal of 8 or more,3-5 years,,Chili Rasbora is a peaceful nano cyprinid that shoals tightly and suits planted and nano aquascapes. Its small size and calm nature make it a community favourite.,"Keep 8+ together for a confident, colourful shoal. | Soft, slightly acidic water and planted cover bring out the best colour. | Feed small foods — micro-pellets, crushed flake and frozen daphnia/cyclops.",aqa-micro-pellet-colour-enhancing,aqa-brineshrimp-flakes,,https://care.best4pets.in/fish/chili-rasbora,https://care.best4pets.in/fish/chili-rasbora/care/,https://best4pets.in/products/boraras-brigittae-chilli-rasbora,Chili Rasbora (Boraras brigittae)(Pair)
RA-FSH-0595,golden-algae-eater,golden-algae-eater,Golden Algae Eater,Algae Eater/Misc,Cyprinidae,Southeast Asia,Beginner,Peaceful (with care),Bottom,115-190 L,4-6 in (10-16 cm),22-26°C,6.5-7.8,Soft-Medium (5-15 dGH),Omnivore (algae-leaning),Single or group of 6+,8-10 years,,"Golden Algae Eater is an active algae-grazing fish. True Siamese Algae Eaters are peaceful and among the few fish that eat black beard algae, but they need supplemental food and a secure lid.",Supplement algae grazing with algae wafers and blanched vegetables. | Active jumper — keep a secure lid; provide moderate flow and oxygen. | Keep singly or in a group of 6+ (avoid the aggressive Chinese Algae Eater).,aqa-micro-pellet-economy,,Grazes algae — supplement with algae wafers and vegetables.,https://care.best4pets.in/fish/golden-algae-eater,https://care.best4pets.in/fish/golden-algae-eater/care/,https://best4pets.in/products/golden-algae-eater,Golden Algae Eater
RA-FSH-0596,siamese-algae-eater,siamese-algae-eater,Siamese Algae Eater,Algae Eater/Misc,Cyprinidae,Southeast Asia,Beginner,Peaceful (with care),Bottom,115-190 L,4-6 in (10-16 cm),22-26°C,6.5-7.8,Soft-Medium (5-15 dGH),Omnivore (algae-leaning),Single or group of 6+,8-10 years,,"Siamese Algae Eater is an active algae-grazing fish. True Siamese Algae Eaters are peaceful and among the few fish that eat black beard algae, but they need supplemental food and a secure lid.",Supplement algae grazing with algae wafers and blanched vegetables. | Active jumper — keep a secure lid; provide moderate flow and oxygen. | Keep singly or in a group of 6+ (avoid the aggressive Chinese Algae Eater).,aqa-micro-pellet-economy,,Grazes algae — supplement with algae wafers and vegetables.,https://care.best4pets.in/fish/siamese-algae-eater,https://care.best4pets.in/fish/siamese-algae-eater/care/,https://best4pets.in/products/siamese-algae-eater,Siamese Algae Eater
RA-FSH-0597,red-eye-angelfish-l,red-eye-angelfish-xl-1,Red Eye Angelfish L,Angelfish,Cichlidae,"Amazon, South America",Intermediate,Semi-aggressive,Middle,115 L (tall),"6 in tall, to 8 in (15-20 cm)",25-29°C,6.0-7.5,Soft-Medium (3-15 dGH),Omnivore,Pairs / small groups,8-10 years,,"Red Eye Angelfish L is a graceful South American cichlid with a tall body that needs a deep tank. Peaceful for a cichlid, but pairs get territorial when breeding and may eat very small fish.","Use a tall tank to accommodate the fins and body shape. | May eat very small fish (e.g. neon tetras) — choose tankmates by size. | Warm, soft-to-neutral water; pairs become territorial when spawning.",aqa-cichlid-colour-enhancer,aqa-brineshrimp-flakes,,https://care.best4pets.in/fish/red-eye-angelfish-l,https://care.best4pets.in/fish/red-eye-angelfish-l/care/,https://best4pets.in/products/red-eye-angelfish-xl-1,Red Eye Angelfish L
RA-FSH-0598,panda-angelfish,panda-angelfish-xl,Panda Angelfish,Angelfish,Cichlidae,"Amazon, South America",Intermediate,Semi-aggressive,Middle,115 L (tall),"6 in tall, to 8 in (15-20 cm)",25-29°C,6.0-7.5,Soft-Medium (3-15 dGH),Omnivore,Pairs / small groups,8-10 years,,"Panda Angelfish is a graceful South American cichlid with a tall body that needs a deep tank. Peaceful for a cichlid, but pairs get territorial when breeding and may eat very small fish.","Use a tall tank to accommodate the fins and body shape. | May eat very small fish (e.g. neon tetras) — choose tankmates by size. | Warm, soft-to-neutral water; pairs become territorial when spawning.",aqa-cichlid-colour-enhancer,aqa-brineshrimp-flakes,,https://care.best4pets.in/fish/panda-angelfish,https://care.best4pets.in/fish/panda-angelfish/care/,https://best4pets.in/products/panda-angelfish-xl,Panda Angelfish XL
RA-FSH-0599,red-eye-angelfish,red-eye-angelfish-xl,Red Eye Angelfish,Angelfish,Cichlidae,"Amazon, South America",Intermediate,Semi-aggressive,Middle,115 L (tall),"6 in tall, to 8 in (15-20 cm)",25-29°C,6.0-7.5,Soft-Medium (3-15 dGH),Omnivore,Pairs / small groups,8-10 years,,"Red Eye Angelfish is a graceful South American cichlid with a tall body that needs a deep tank. Peaceful for a cichlid, but pairs get territorial when breeding and may eat very small fish.","Use a tall tank to accommodate the fins and body shape. | May eat very small fish (e.g. neon tetras) — choose tankmates by size. | Warm, soft-to-neutral water; pairs become territorial when spawning.",aqa-cichlid-colour-enhancer,aqa-brineshrimp-flakes,,https://care.best4pets.in/fish/red-eye-angelfish,https://care.best4pets.in/fish/red-eye-angelfish/care/,https://best4pets.in/products/red-eye-angelfish-xl,Red Eye Angelfish XL
RA-FSH-0600,marble-veil-tail-2,marble-angelfish-xl,Marble Veil Tail,Goldfish,Cyprinidae (coldwater),Selectively bred (China),Beginner-Intermediate,Peaceful,All levels,75-115 L per fish,6-8 in fancy (15-20 cm),18-24°C,7.0-8.4,Medium-Hard (8-20 dGH),Omnivore,Groups,10-15+ years,,"Marble Veil Tail is a hardy coldwater fish that needs no heater but produces a heavy bioload, so strong filtration and space are essential. A long-lived, personable pet.",Coldwater fish — no heater needed; keep below ~24°C. | Big bioload: over-filter and do generous water changes. | Feed sinking foods to fancy types to reduce swim-bladder/buoyancy issues.,aqa-micro-pellet-economy,,Feed a sinking staple plus vegetable matter; avoid overfeeding.,https://care.best4pets.in/fish/marble-veil-tail-2,https://care.best4pets.in/fish/marble-veil-tail-2/care/,https://best4pets.in/products/marble-angelfish-xl,Marble Veil Tail Small (Pair)
RA-FSH-0601,gold-head-angelfish,gold-head-angelfish-xl,Gold Head Angelfish,Angelfish,Cichlidae,"Amazon, South America",Intermediate,Semi-aggressive,Middle,115 L (tall),"6 in tall, to 8 in (15-20 cm)",25-29°C,6.0-7.5,Soft-Medium (3-15 dGH),Omnivore,Pairs / small groups,8-10 years,,"Gold Head Angelfish is a graceful South American cichlid with a tall body that needs a deep tank. Peaceful for a cichlid, but pairs get territorial when breeding and may eat very small fish.","Use a tall tank to accommodate the fins and body shape. | May eat very small fish (e.g. neon tetras) — choose tankmates by size. | Warm, soft-to-neutral water; pairs become territorial when spawning.",aqa-cichlid-colour-enhancer,aqa-brineshrimp-flakes,,https://care.best4pets.in/fish/gold-head-angelfish,https://care.best4pets.in/fish/gold-head-angelfish/care/,https://best4pets.in/products/gold-head-angelfish-xl,Gold Head Angelfish XL
RA-FSH-0602,calico-bubble-eye-goldfish-3,bubble-eye-goldfish,Calico Bubble Eye Goldfish,Goldfish,Cyprinidae (coldwater),Selectively bred (China),Beginner-Intermediate,Peaceful,All levels,75-115 L per fish,6-8 in fancy (15-20 cm),18-24°C,7.0-8.4,Medium-Hard (8-20 dGH),Omnivore,Groups,10-15+ years,5 in,"Calico Bubble Eye Goldfish is a hardy coldwater fish that needs no heater but produces a heavy bioload, so strong filtration and space are essential. A long-lived, personable pet.",Coldwater fish — no heater needed; keep below ~24°C. | Big bioload: over-filter and do generous water changes. | Feed sinking foods to fancy types to reduce swim-bladder/buoyancy issues.,aqa-micro-pellet-economy,,Feed a sinking staple plus vegetable matter; avoid overfeeding.,https://care.best4pets.in/fish/calico-bubble-eye-goldfish-3,https://care.best4pets.in/fish/calico-bubble-eye-goldfish-3/care/,https://best4pets.in/products/bubble-eye-goldfish,"Calico Bubble Eye Goldfish 5"""
RA-FSH-0603,premium-heros-liberifer-red-mouthbrooder-severum,premium-rare-heros-liberifer-red-mouthbrooder-severum,Premium Heros liberifer / Red Mouthbrooder Severum,SA/CA Cichlid (large),Cichlidae,Central/South America,Intermediate-Advanced,Semi-aggressive,All levels,280 L,8-12 in (20-30 cm),23-28°C,6.5-7.5,Medium (5-20 dGH),Carnivore/Omnivore,Solitary or bonded pair,10-15 years,2.5 in,"Premium Heros liberifer / Red Mouthbrooder Severum is a large, characterful New World cichlid. These fish are intelligent and territorial, needing a big tank, strong filtration and robust decor. Adult size varies widely by species.",Provide a large tank with powerful filtration and secure hardscape. | Territorial and often aggressive — choose tankmates carefully and confirm the species' temperament. | Confirm the exact species' adult size before stocking — some exceed 30 cm.,aqa-cichlid-colour-enhancer,aqa-brineshrimp-flakes,Larger specimens need bigger meaty/pellet foods.,https://care.best4pets.in/fish/premium-heros-liberifer-red-mouthbrooder-severum,https://care.best4pets.in/fish/premium-heros-liberifer-red-mouthbrooder-severum/care/,https://best4pets.in/products/premium-rare-heros-liberifer-red-mouthbrooder-severum,"Premium Rare Heros liberifer / Red Mouthbrooder Severum 2.5"""
RA-FSH-0604,kohaku-swordtail,kohaku-swordtail,Kohaku Swordtail,Molly/Platy/Swordtail,Poeciliidae,Central America (livebearer),Beginner,Peaceful,Middle,75-115 L,2-5 in (5-13 cm),22-28°C,7.0-8.2,Medium-Hard (10-25 dGH),Omnivore (veg-leaning),Groups,3-5 years,,"Kohaku Swordtail is a hardy, peaceful livebearer that does best in hard, alkaline water with plenty of vegetable matter in its diet. An easy, active community fish.","Hard, alkaline water keeps these livebearers healthiest (mollies especially). | Include algae/veg-based foods — blanched vegetables and spirulina. | Keep in groups; expect regular broods of live young.",aqa-micro-pellet-colour-enhancing,aqa-brineshrimp-flakes,Add algae/vegetable matter for this veg-leaning livebearer.,https://care.best4pets.in/fish/kohaku-swordtail,https://care.best4pets.in/fish/kohaku-swordtail/care/,https://best4pets.in/products/kohaku-swordtail,Kohaku Swordtail
RA-FSH-0605,bolivian-ramirezi-2,bolivian-ramirezi,Bolivian Ramirezi,Dwarf Cichlid (Apisto/Ram),Cichlidae,South America,Intermediate,Peaceful (with care),Bottom-Middle,75-115 L,2-3.5 in (5-9 cm),26-29°C,5.5-7.0,Soft (2-10 dGH),Carnivore/Omnivore,Pairs,2-4 years,2.25 in,"Bolivian Ramirezi is a colourful dwarf cichlid best kept as a pair in warm, soft water with caves and territory. Peaceful in a community, but defends a small breeding territory.","Warm, soft, slightly acidic water suits dwarf cichlids best. | Provide caves and broken sight-lines so a pair can hold territory. | Rams (Mikrogeophagus) want the warm end (28-30°C) and stable water.",aqa-cichlid-colour-enhancer,aqa-brineshrimp-flakes,,https://care.best4pets.in/fish/bolivian-ramirezi-2,https://care.best4pets.in/fish/bolivian-ramirezi-2/care/,https://best4pets.in/products/bolivian-ramirezi,Bolivian Ramirezi 2.25inch
RA-FSH-0606,malabar-leaf-fish,pristolepis-marginatus-malabar-leaf-fish,Malabar Leaf fish,Oddball/Predator,Various,Varies,Intermediate-Advanced,Aggressive,All levels,280-1140+ L (species-dependent),6-48 in — varies hugely by species,24-28°C,6.5-7.5,Soft-Medium (5-15 dGH),Carnivore,Solitary or species-dependent,10-20 years,3-4 in,"Malabar Leaf fish is a specialist 'oddball' predator (such as bichirs, arowana, gar, knifefish or eels). Most grow large and hunt, so the exact species dictates tank size and tankmates.","Use a tight, weighted lid — most oddball predators jump or climb. | Predatory: never house with fish small enough to be swallowed. | Research the exact species — many outgrow standard aquariums dramatically.",aqa-brineshrimp-flakes,,Predatory — feed meaty foods sized to the fish; large species need large prey items.,https://care.best4pets.in/fish/malabar-leaf-fish,https://care.best4pets.in/fish/malabar-leaf-fish/care/,https://best4pets.in/products/pristolepis-marginatus-malabar-leaf-fish,"Malabar Leaf fish 3-4"""
RA-FSH-0607,firemouth-cichlid,firemouth-cichlid,Firemouth Cichlid,SA/CA Cichlid (large),Cichlidae,Central/South America,Intermediate-Advanced,Aggressive,All levels,150 L,4-6 in (10-15 cm),23-28°C,6.5-7.5,Medium (5-20 dGH),Carnivore/Omnivore,Solitary or bonded pair,10-15 years,3 in,"Firemouth Cichlid is a large, characterful New World cichlid. These fish are intelligent and territorial, needing a big tank, strong filtration and robust decor. Adult size varies widely by species.",Provide a large tank with powerful filtration and secure hardscape. | Territorial and often aggressive — choose tankmates carefully and confirm the species' temperament. | Confirm the exact species' adult size before stocking — some exceed 30 cm.,aqa-cichlid-colour-enhancer,aqa-brineshrimp-flakes,Larger specimens need bigger meaty/pellet foods.,https://care.best4pets.in/fish/firemouth-cichlid,https://care.best4pets.in/fish/firemouth-cichlid/care/,https://best4pets.in/products/firemouth-cichlid,"Firemouth Cichlid 3"""
RA-FSH-0608,threadfin-rainbow,threadfin-rainbow,Threadfin Rainbow,Rainbowfish,Melanotaeniidae,Australia / New Guinea,Beginner-Intermediate,Peaceful,Middle-Top,115 L,2-5 in (5-13 cm),23-28°C,7.0-8.0,Medium-Hard (8-20 dGH),Omnivore,Shoal of 6 or more,5-8 years,,"Threadfin Rainbow is an active, peaceful schooling fish whose colours intensify with age and in a group. It prefers neutral-to-hard water and plenty of open swimming space.","Keep 6+ — colour and confidence build in a shoal (and with mature males). | Neutral to slightly alkaline, harder water suits them well. | Give long open swimming lanes; they're fast, active swimmers.",aqa-micro-pellet-colour-enhancing,aqa-brineshrimp-flakes,,https://care.best4pets.in/fish/threadfin-rainbow,https://care.best4pets.in/fish/threadfin-rainbow/care/,https://best4pets.in/products/threadfin-rainbow,Threadfin Rainbow (Pair)
RA-FSH-0609,mosaic-guppy,mosaic-guppy-cost-per-pair,Mosaic Guppy,Guppy/Endler,Poeciliidae,Central/South America (livebearer),Beginner,Peaceful,Top-Middle,40-75 L,1-2.5 in (2.5-6 cm),22-28°C,7.0-8.0,Medium-Hard (8-20 dGH),Omnivore,Groups (more females than males),2-3 years,,"Mosaic Guppy is a colourful, hardy livebearer and one of the easiest fish in the hobby. It breeds readily and thrives in harder, alkaline water.","Prefers harder, alkaline water — avoid soft, acidic setups. | Keep 2-3 females per male to reduce harassment of females. | Breeds prolifically; provide plant cover for fry or expect a growing colony.",aqa-micro-pellet-colour-enhancing,aqa-brineshrimp-flakes,,https://care.best4pets.in/fish/mosaic-guppy,https://care.best4pets.in/fish/mosaic-guppy/care/,https://best4pets.in/products/mosaic-guppy-cost-per-pair,Mosaic Guppy (Pair)
RA-FSH-0610,endler-guppy,endler-guppy-cost-per-pair,Endler guppy,Guppy/Endler,Poeciliidae,Central/South America (livebearer),Beginner,Peaceful,Top-Middle,40-75 L,1-2.5 in (2.5-6 cm),22-28°C,7.0-8.0,Medium-Hard (8-20 dGH),Omnivore,Groups (more females than males),2-3 years,,"Endler guppy is a colourful, hardy livebearer and one of the easiest fish in the hobby. It breeds readily and thrives in harder, alkaline water.","Prefers harder, alkaline water — avoid soft, acidic setups. | Keep 2-3 females per male to reduce harassment of females. | Breeds prolifically; provide plant cover for fry or expect a growing colony.",aqa-micro-pellet-colour-enhancing,aqa-brineshrimp-flakes,,https://care.best4pets.in/fish/endler-guppy,https://care.best4pets.in/fish/endler-guppy/care/,https://best4pets.in/products/endler-guppy-cost-per-pair,Endler guppy (male+female )
RA-FSH-0611,roman-numeral-cichlid,etroplus-canarensis-roman-numeral-cichlid,Roman Numeral Cichlid,Cichlid (other),Cichlidae,Varies,Intermediate,Semi-aggressive,All levels,150-200 L,4-8 in — varies by species,23-28°C,6.5-8.0,Medium (5-20 dGH),Omnivore,Species-dependent,8-12 years,3 in,Roman Numeral Cichlid is a cichlid whose exact requirements depend on its species and region. As a group these fish are territorial and appreciate structured decor and defined territories.,Confirm the species' origin (African rift vs. New World) to set the right water hardness. | Provide territory and broken sight-lines to reduce aggression. | Match tankmates to the species' adult size and temperament.,aqa-cichlid-colour-enhancer,aqa-brineshrimp-flakes,,https://care.best4pets.in/fish/roman-numeral-cichlid,https://care.best4pets.in/fish/roman-numeral-cichlid/care/,https://best4pets.in/products/etroplus-canarensis-roman-numeral-cichlid,"Roman Numeral Cichlid **Super Rare** 3"""
RA-FSH-0612,rohani-barb,rohani-barb,Rohani Barb,Barb,Cyprinidae,Asia,Beginner-Intermediate,Semi-aggressive,Middle,115 L,2-3 in (5-8 cm),22-26°C,6.0-7.5,Soft-Medium (4-15 dGH),Omnivore,Shoal of 6 or more,5 years,3 in,"Rohani Barb is an active, hardy barb. Kept in good numbers it's a lively community fish, but small groups can turn nippy toward long-finned tankmates.","Keep a shoal of 6+ to spread out natural nipping behaviour. | Avoid slow, long-finned tankmates (e.g. bettas, angelfish, guppies). | Provide open swimming space for this fast, energetic fish.",aqa-micro-pellet-colour-enhancing,aqa-brineshrimp-flakes,,https://care.best4pets.in/fish/rohani-barb,https://care.best4pets.in/fish/rohani-barb/care/,https://best4pets.in/products/rohani-barb,Rohani Barb 3inch+ (Pair)
RA-FSH-0613,golden-barb,golden-barb,Golden Barb,Barb,Cyprinidae,Asia,Beginner-Intermediate,Semi-aggressive,Middle,115 L,2-3 in (5-8 cm),22-26°C,6.0-7.5,Soft-Medium (4-15 dGH),Omnivore,Shoal of 6 or more,5 years,,"Golden Barb is an active, hardy barb. Kept in good numbers it's a lively community fish, but small groups can turn nippy toward long-finned tankmates.","Keep a shoal of 6+ to spread out natural nipping behaviour. | Avoid slow, long-finned tankmates (e.g. bettas, angelfish, guppies). | Provide open swimming space for this fast, energetic fish.",aqa-micro-pellet-colour-enhancing,aqa-brineshrimp-flakes,,https://care.best4pets.in/fish/golden-barb,https://care.best4pets.in/fish/golden-barb/care/,https://best4pets.in/products/golden-barb,Golden Barb
RA-FSH-0614,flame-tetra,flame-tetra,Flame Tetra,Tetra/Characin,Characidae,South America,Beginner,Peaceful,Middle,75 L,1.5-2.5 in (4-6 cm),22-27°C,5.5-7.5,Soft-Medium (2-15 dGH),Omnivore,Shoal of 6 or more,3-5 years,,"Flame Tetra is a small, active schooling characin that shows its best colour and behaviour in a group. Peaceful and undemanding, it's ideal for planted community aquariums.","Keep in a shoal of at least 6 — lone specimens are shy and washed-out. | Offer a varied diet of quality micro-pellets, flakes and frozen foods. | Best in a planted tank with open swimming space and gentle flow.",aqa-micro-pellet-colour-enhancing,aqa-brineshrimp-flakes,,https://care.best4pets.in/fish/flame-tetra,https://care.best4pets.in/fish/flame-tetra/care/,https://best4pets.in/products/flame-tetra,Flame Tetra (Pair)
RA-FSH-0615,blue-cochu-tetra,blue-cochu-tetra,Blue Cochu Tetra,Tetra/Characin,Characidae,South America,Beginner,Peaceful,Middle,75 L,1.5-2.5 in (4-6 cm),22-27°C,5.5-7.5,Soft-Medium (2-15 dGH),Omnivore,Shoal of 6 or more,3-5 years,,"Blue Cochu Tetra is a small, active schooling characin that shows its best colour and behaviour in a group. Peaceful and undemanding, it's ideal for planted community aquariums.","Keep in a shoal of at least 6 — lone specimens are shy and washed-out. | Offer a varied diet of quality micro-pellets, flakes and frozen foods. | Best in a planted tank with open swimming space and gentle flow.",aqa-micro-pellet-colour-enhancing,aqa-brineshrimp-flakes,,https://care.best4pets.in/fish/blue-cochu-tetra,https://care.best4pets.in/fish/blue-cochu-tetra/care/,https://best4pets.in/products/blue-cochu-tetra,Blue Cochu Tetra (Pair)
RA-FSH-0616,rosy-tetra,rosy-tetra,Rosy Tetra,Tetra/Characin,Characidae,South America,Beginner,Peaceful,Middle,75 L,1.5-2.5 in (4-6 cm),22-27°C,5.5-7.5,Soft-Medium (2-15 dGH),Omnivore,Shoal of 6 or more,3-5 years,,"Rosy Tetra is a small, active schooling characin that shows its best colour and behaviour in a group. Peaceful and undemanding, it's ideal for planted community aquariums.","Keep in a shoal of at least 6 — lone specimens are shy and washed-out. | Offer a varied diet of quality micro-pellets, flakes and frozen foods. | Best in a planted tank with open swimming space and gentle flow.",aqa-micro-pellet-colour-enhancing,aqa-brineshrimp-flakes,,https://care.best4pets.in/fish/rosy-tetra,https://care.best4pets.in/fish/rosy-tetra/care/,https://best4pets.in/products/rosy-tetra,Rosy Tetra (Pair)
RA-FSH-0617,cherry-barb,cherry-barb,Cherry Barb,Barb,Cyprinidae,Asia,Beginner-Intermediate,Semi-aggressive,Middle,115 L,2-3 in (5-8 cm),22-26°C,6.0-7.5,Soft-Medium (4-15 dGH),Omnivore,Shoal of 6 or more,5 years,,"Cherry Barb is an active, hardy barb. Kept in good numbers it's a lively community fish, but small groups can turn nippy toward long-finned tankmates.","Keep a shoal of 6+ to spread out natural nipping behaviour. | Avoid slow, long-finned tankmates (e.g. bettas, angelfish, guppies). | Provide open swimming space for this fast, energetic fish.",aqa-micro-pellet-colour-enhancing,aqa-brineshrimp-flakes,,https://care.best4pets.in/fish/cherry-barb,https://care.best4pets.in/fish/cherry-barb/care/,https://best4pets.in/products/cherry-barb,Cherry Barb (Pair)
RA-FSH-0618,neon-tetra,neon-tetra-jumbo,Neon Tetra,Tetra/Characin,Characidae,South America,Beginner,Peaceful,Middle,75 L,1.5-2.5 in (4-6 cm),22-27°C,5.5-7.5,Soft-Medium (2-15 dGH),Omnivore,Shoal of 6 or more,3-5 years,,"Neon Tetra is a small, active schooling characin that shows its best colour and behaviour in a group. Peaceful and undemanding, it's ideal for planted community aquariums.","Keep in a shoal of at least 6 — lone specimens are shy and washed-out. | Offer a varied diet of quality micro-pellets, flakes and frozen foods. | Best in a planted tank with open swimming space and gentle flow.",aqa-micro-pellet-colour-enhancing,aqa-brineshrimp-flakes,,https://care.best4pets.in/fish/neon-tetra,https://care.best4pets.in/fish/neon-tetra/care/,https://best4pets.in/products/neon-tetra-jumbo,Neon Tetra Jumbo
RA-FSH-0619,bi-colour-cichlid-5,bi-colour-cichlid-large,Bi-Colour Cichlid,Cichlid (other),Cichlidae,Varies,Intermediate,Semi-aggressive,All levels,150-200 L,4-8 in — varies by species,23-28°C,6.5-8.0,Medium (5-20 dGH),Omnivore,Species-dependent,8-12 years,3 in,Bi-Colour Cichlid is a cichlid whose exact requirements depend on its species and region. As a group these fish are territorial and appreciate structured decor and defined territories.,Confirm the species' origin (African rift vs. New World) to set the right water hardness. | Provide territory and broken sight-lines to reduce aggression. | Match tankmates to the species' adult size and temperament.,aqa-cichlid-colour-enhancer,aqa-brineshrimp-flakes,,https://care.best4pets.in/fish/bi-colour-cichlid-5,https://care.best4pets.in/fish/bi-colour-cichlid-5/care/,https://best4pets.in/products/bi-colour-cichlid-large,"Bi-Colour Cichlid 3"""
RA-FSH-0620,rummynose-tetra,rummynose-tetra-large,Rummynose Tetra,Tetra/Characin,Characidae,South America,Beginner,Peaceful,Middle,75 L,1.5-2.5 in (4-6 cm),22-27°C,5.5-7.5,Soft-Medium (2-15 dGH),Omnivore,Shoal of 6 or more,3-5 years,,"Rummynose Tetra is a small, active schooling characin that shows its best colour and behaviour in a group. Peaceful and undemanding, it's ideal for planted community aquariums.","Keep in a shoal of at least 6 — lone specimens are shy and washed-out. | Offer a varied diet of quality micro-pellets, flakes and frozen foods. | Best in a planted tank with open swimming space and gentle flow.",aqa-micro-pellet-colour-enhancing,aqa-brineshrimp-flakes,,https://care.best4pets.in/fish/rummynose-tetra,https://care.best4pets.in/fish/rummynose-tetra/care/,https://best4pets.in/products/rummynose-tetra-large,Rummynose Tetra (Pair)
RA-FSH-0621,red-tail-shark,red-tail-shark,Red Tail Shark,Shark (cyprinid),Cyprinidae,Southeast Asia,Intermediate,Territorial,All levels,200 L,5-6 in (13-15 cm),22-26°C,6.5-7.5,Soft-Medium (5-15 dGH),Omnivore,Single,8-10 years,2.5-3 in,Red Tail Shark is an active 'shark' cyprinid. Red-tail and rainbow sharks are territorial and best kept singly; bala 'sharks' are peaceful but grow large and need a group and a big tank.,Red-tail / rainbow sharks: keep one per tank — they chase their own kind. | Bala sharks are gentle but reach ~30 cm and need a group + very large tank. | Provide a long tank with territory and hiding spots.,aqa-micro-pellet-colour-enhancing,aqa-brineshrimp-flakes,,https://care.best4pets.in/fish/red-tail-shark,https://care.best4pets.in/fish/red-tail-shark/care/,https://best4pets.in/products/red-tail-shark,Red Tail Shark 2.5-3inch(Pair)
RA-FSH-0622,rainbow-shark,rainbow-shark,Rainbow Shark,Rainbowfish,Melanotaeniidae,Australia / New Guinea,Beginner-Intermediate,Territorial,Middle-Top,115 L,5-6 in (13-15 cm),23-28°C,7.0-8.0,Medium-Hard (8-20 dGH),Omnivore,Single,5-8 years,,"Rainbow Shark is an active, peaceful schooling fish whose colours intensify with age and in a group. It prefers neutral-to-hard water and plenty of open swimming space.","Keep 6+ — colour and confidence build in a shoal (and with mature males). | Neutral to slightly alkaline, harder water suits them well. | Give long open swimming lanes; they're fast, active swimmers.",aqa-micro-pellet-colour-enhancing,aqa-brineshrimp-flakes,,https://care.best4pets.in/fish/rainbow-shark,https://care.best4pets.in/fish/rainbow-shark/care/,https://best4pets.in/products/rainbow-shark,Rainbow Shark (Pair)
RA-FSH-0623,pearl-gourami-2,pearl-gourami-large,Pearl Gourami,Gourami/Anabantid,Osphronemidae,Southeast Asia,Beginner-Intermediate,Peaceful (with care),Top-Middle,75-115 L,2-6 in (5-15 cm),23-28°C,6.0-7.5,Soft-Medium (4-15 dGH),Omnivore,Pairs or single,3-5 years,4 in,"Pearl Gourami is a labyrinth fish that gulps air at the surface and appreciates calm water. Generally peaceful, though males can be territorial with their own kind.","Keep calm water with surface access for air-breathing. | Avoid keeping multiple males in a small tank — they turn territorial. | Provide floating plants and gentle flow for a secure, settled fish.",aqa-micro-pellet-colour-enhancing,aqa-brineshrimp-flakes,,https://care.best4pets.in/fish/pearl-gourami-2,https://care.best4pets.in/fish/pearl-gourami-2/care/,https://best4pets.in/products/pearl-gourami-large,Pearl Gourami 4inch (Pair)
RA-FSH-0624,black-bristlenose-algae-eater,black-bristlenose-algae-eater,"Black Bristlenose, Algae Eater",Pleco (L-number/Bristlenose),Loricariidae,South America,Beginner-Intermediate,Peaceful (with care),Bottom,115 L,4-5 in (10-13 cm),24-28°C,6.0-7.5,Soft-Medium (2-15 dGH),Omnivore,Solitary (can be territorial),10-15 years,1.5 in,"Black Bristlenose, Algae Eater is a loricariid catfish. Sizes range from a 12 cm bristlenose to an 45 cm+ common pleco, so confirm the species. Most graze biofilm and need driftwood and sinking foods.","Provide driftwood — many species rasp on wood as part of their diet. | Don't rely on tank algae alone; offer sinking wafers and vegetables (Hypancistrus are carnivores). | Confirm adult size before buying — bristlenose stay ~12 cm, common/sailfin plecos exceed 40 cm.",aqa-micro-pellet-economy,,"Supplement with algae wafers, vegetables and driftwood (Hypancistrus need meaty food).",https://care.best4pets.in/fish/black-bristlenose-algae-eater,https://care.best4pets.in/fish/black-bristlenose-algae-eater/care/,https://best4pets.in/products/black-bristlenose-algae-eater,"Black Bristlenose, Algae Eater 1.5"""
RA-FSH-0625,calico-bristlenose,calico-bristlenose-algae-eater,Calico Bristlenose,Pleco (L-number/Bristlenose),Loricariidae,South America,Beginner-Intermediate,Peaceful (with care),Bottom,115 L,4-5 in (10-13 cm),24-28°C,6.0-7.5,Soft-Medium (2-15 dGH),Omnivore,Solitary (can be territorial),10-15 years,1.5 in,"Calico Bristlenose is a loricariid catfish. Sizes range from a 12 cm bristlenose to an 45 cm+ common pleco, so confirm the species. Most graze biofilm and need driftwood and sinking foods.","Provide driftwood — many species rasp on wood as part of their diet. | Don't rely on tank algae alone; offer sinking wafers and vegetables (Hypancistrus are carnivores). | Confirm adult size before buying — bristlenose stay ~12 cm, common/sailfin plecos exceed 40 cm.",aqa-micro-pellet-economy,,"Supplement with algae wafers, vegetables and driftwood (Hypancistrus need meaty food).",https://care.best4pets.in/fish/calico-bristlenose,https://care.best4pets.in/fish/calico-bristlenose/care/,https://best4pets.in/products/calico-bristlenose-algae-eater,"Calico Bristlenose 1.5"""
RA-FSH-0626,salvini-cichlid,salvini-cichlid-cichlid,Salvini Cichlid,SA/CA Cichlid (large),Cichlidae,Central/South America,Intermediate-Advanced,Aggressive,All levels,150 L,4-6 in (10-15 cm),23-28°C,6.5-7.5,Medium (5-20 dGH),Carnivore/Omnivore,Solitary or bonded pair,10-15 years,2.5 in,"Salvini Cichlid is a large, characterful New World cichlid. These fish are intelligent and territorial, needing a big tank, strong filtration and robust decor. Adult size varies widely by species.",Provide a large tank with powerful filtration and secure hardscape. | Territorial and often aggressive — choose tankmates carefully and confirm the species' temperament. | Confirm the exact species' adult size before stocking — some exceed 30 cm.,aqa-cichlid-colour-enhancer,aqa-brineshrimp-flakes,Larger specimens need bigger meaty/pellet foods.,https://care.best4pets.in/fish/salvini-cichlid,https://care.best4pets.in/fish/salvini-cichlid/care/,https://best4pets.in/products/salvini-cichlid-cichlid,"Salvini Cichlid, 2.5"""
RA-FSH-0627,tiger-oscar-cichlid-inch,tiger-oscar-cichlid,"Tiger Oscar Cichlid, inch",SA/CA Cichlid (large),Cichlidae,Central/South America,Intermediate,Aggressive,All levels,280 L,12-14 in (30-36 cm),23-28°C,6.5-7.5,Medium (5-20 dGH),Carnivore/Omnivore,Solitary or bonded pair,10-15 years,4 in,"Tiger Oscar Cichlid, inch is a large, characterful New World cichlid. These fish are intelligent and territorial, needing a big tank, strong filtration and robust decor. Adult size varies widely by species.",Provide a large tank with powerful filtration and secure hardscape. | Territorial and often aggressive — choose tankmates carefully and confirm the species' temperament. | Confirm the exact species' adult size before stocking — some exceed 30 cm.,aqa-cichlid-colour-enhancer,aqa-brineshrimp-flakes,Larger specimens need bigger meaty/pellet foods.,https://care.best4pets.in/fish/tiger-oscar-cichlid-inch,https://care.best4pets.in/fish/tiger-oscar-cichlid-inch/care/,https://best4pets.in/products/tiger-oscar-cichlid,"Tiger Oscar Cichlid,4""inch"
RA-FSH-0628,albino-oscar-cichlid-2,albino-oscar-cichlid,Albino Oscar Cichlid,SA/CA Cichlid (large),Cichlidae,Central/South America,Intermediate,Aggressive,All levels,280 L,12-14 in (30-36 cm),23-28°C,6.5-7.5,Medium (5-20 dGH),Carnivore/Omnivore,Solitary or bonded pair,10-15 years,2.5 in,"Albino Oscar Cichlid is a large, characterful New World cichlid. These fish are intelligent and territorial, needing a big tank, strong filtration and robust decor. Adult size varies widely by species.",Provide a large tank with powerful filtration and secure hardscape. | Territorial and often aggressive — choose tankmates carefully and confirm the species' temperament. | Confirm the exact species' adult size before stocking — some exceed 30 cm.,aqa-cichlid-colour-enhancer,aqa-brineshrimp-flakes,Larger specimens need bigger meaty/pellet foods.,https://care.best4pets.in/fish/albino-oscar-cichlid-2,https://care.best4pets.in/fish/albino-oscar-cichlid-2/care/,https://best4pets.in/products/albino-oscar-cichlid,"Albino Oscar Cichlid 2.5"" (Pair)"
RA-FSH-0629,copper-oscar-cichlid-2,copper-oscar-cichlid,Copper Oscar Cichlid,SA/CA Cichlid (large),Cichlidae,Central/South America,Intermediate,Aggressive,All levels,280 L,12-14 in (30-36 cm),23-28°C,6.5-7.5,Medium (5-20 dGH),Carnivore/Omnivore,Solitary or bonded pair,10-15 years,2.5 in,"Copper Oscar Cichlid is a large, characterful New World cichlid. These fish are intelligent and territorial, needing a big tank, strong filtration and robust decor. Adult size varies widely by species.",Provide a large tank with powerful filtration and secure hardscape. | Territorial and often aggressive — choose tankmates carefully and confirm the species' temperament. | Confirm the exact species' adult size before stocking — some exceed 30 cm.,aqa-cichlid-colour-enhancer,aqa-brineshrimp-flakes,Larger specimens need bigger meaty/pellet foods.,https://care.best4pets.in/fish/copper-oscar-cichlid-2,https://care.best4pets.in/fish/copper-oscar-cichlid-2/care/,https://best4pets.in/products/copper-oscar-cichlid,Copper Oscar Cichlid 2.5inch
RA-FSH-0630,albino-red-oscar-inch,red-oscar-cichlid,Albino Red Oscar inch,SA/CA Cichlid (large),Cichlidae,Central/South America,Intermediate,Aggressive,All levels,280 L,12-14 in (30-36 cm),23-28°C,6.5-7.5,Medium (5-20 dGH),Carnivore/Omnivore,Solitary or bonded pair,10-15 years,2.5 in,"Albino Red Oscar inch is a large, characterful New World cichlid. These fish are intelligent and territorial, needing a big tank, strong filtration and robust decor. Adult size varies widely by species.",Provide a large tank with powerful filtration and secure hardscape. | Territorial and often aggressive — choose tankmates carefully and confirm the species' temperament. | Confirm the exact species' adult size before stocking — some exceed 30 cm.,aqa-cichlid-colour-enhancer,aqa-brineshrimp-flakes,Larger specimens need bigger meaty/pellet foods.,https://care.best4pets.in/fish/albino-red-oscar-inch,https://care.best4pets.in/fish/albino-red-oscar-inch/care/,https://best4pets.in/products/red-oscar-cichlid,"Albino Red Oscar 2.5""inch"
RA-FSH-0631,red-eye-albino-strawberry-cichlid-4,redeyes-strawberry-cichlid,Red eye/ Albino Strawberry Cichlid,African Rift Cichlid (Malawi),Cichlidae,"Lake Malawi, East Africa",Intermediate,Aggressive,All levels,200 L,4-6 in (10-15 cm),24-28°C,7.8-8.6,Hard / Alkaline (10-20 dGH),Omnivore,Groups (species-appropriate),8-10 years,2.5-3 in,"Red eye/ Albino Strawberry Cichlid is a colourful, boldly territorial Lake Malawi cichlid. It needs hard, alkaline water and a rocky, cave-filled aquascape, with stocking planned to spread aggression.","Hard, alkaline water is essential — not for soft-water community tanks. | Build rockwork with many caves; keep them appropriately stocked to diffuse aggression. | Mbuna need veg-based food (avoid excess protein → Malawi bloat); peacocks/haps take more protein.",aqa-cichlid-colour-enhancer,aqa-brineshrimp-flakes,Mbuna are veg-leaning — keep protein moderate to avoid bloat.,https://care.best4pets.in/fish/red-eye-albino-strawberry-cichlid-4,https://care.best4pets.in/fish/red-eye-albino-strawberry-cichlid-4/care/,https://best4pets.in/products/redeyes-strawberry-cichlid,"Red eye/ Albino Strawberry Cichlid 2.5-3"" (Import)"
RA-FSH-0632,golden-agassizi-s-dwarf-cichlid,apistogramma-agasizzii-golden,Golden Agassizi s Dwarf Cichlid,Dwarf Cichlid (Apisto/Ram),Cichlidae,South America,Intermediate,Peaceful (with care),Bottom-Middle,75-115 L,2-3.5 in (5-9 cm),26-29°C,5.5-7.0,Soft (2-10 dGH),Carnivore/Omnivore,Pairs,2-4 years,,"Golden Agassizi s Dwarf Cichlid is a colourful dwarf cichlid best kept as a pair in warm, soft water with caves and territory. Peaceful in a community, but defends a small breeding territory.","Warm, soft, slightly acidic water suits dwarf cichlids best. | Provide caves and broken sight-lines so a pair can hold territory. | Rams (Mikrogeophagus) want the warm end (28-30°C) and stable water.",aqa-cichlid-colour-enhancer,aqa-brineshrimp-flakes,,https://care.best4pets.in/fish/golden-agassizi-s-dwarf-cichlid,https://care.best4pets.in/fish/golden-agassizi-s-dwarf-cichlid/care/,https://best4pets.in/products/apistogramma-agasizzii-golden,"Golden Agassizi's Dwarf Cichlid (Apistogramma cf. agassizii ""Golden"")"
RA-FSH-0633,peacock-bass,peacock-bass-cichla-kelberi,Peacock bass,African Rift Cichlid (Malawi),Cichlidae,"Lake Malawi, East Africa",Intermediate,Aggressive,All levels,200 L,4-6 in (10-15 cm),24-28°C,7.8-8.6,Hard / Alkaline (10-20 dGH),Omnivore,Groups (species-appropriate),8-10 years,8 in,"Peacock bass is a colourful, boldly territorial Lake Malawi cichlid. It needs hard, alkaline water and a rocky, cave-filled aquascape, with stocking planned to spread aggression.","Hard, alkaline water is essential — not for soft-water community tanks. | Build rockwork with many caves; keep them appropriately stocked to diffuse aggression. | Mbuna need veg-based food (avoid excess protein → Malawi bloat); peacocks/haps take more protein.",aqa-cichlid-colour-enhancer,aqa-brineshrimp-flakes,Mbuna are veg-leaning — keep protein moderate to avoid bloat.,https://care.best4pets.in/fish/peacock-bass,https://care.best4pets.in/fish/peacock-bass/care/,https://best4pets.in/products/peacock-bass-cichla-kelberi,"Peacock bass (Cichla kelberi) 8"""
RA-FSH-0634,geophagus-winemilleri,geophagus-winemilleri,Geophagus Winemilleri,Eartheater/Geophagus,Cichlidae,South America,Intermediate,Peaceful (with care),Bottom,280 L,6-12 in (15-30 cm),26-30°C,5.5-7.5,Soft-Medium (2-12 dGH),Omnivore (sand-sifter),Groups,10+ years,2 in,"Geophagus Winemilleri is a large but generally peaceful 'eartheater' that sifts sand for food. It needs a big tank, warm soft water and a fine sand bed to show natural behaviour.","Use a fine sand substrate so it can sift naturally (protects gills). | Warm, soft water and a spacious tank; best kept in groups. | Peaceful for its size, but plan for a large adult and heavy bioload.",aqa-cichlid-colour-enhancer,aqa-brineshrimp-flakes,,https://care.best4pets.in/fish/geophagus-winemilleri,https://care.best4pets.in/fish/geophagus-winemilleri/care/,https://best4pets.in/products/geophagus-winemilleri,Geophagus Winemilleri 2inch
RA-FSH-0635,geophagus-surinamensis-2,geophagus-surinamensis,Geophagus Surinamensis,Eartheater/Geophagus,Cichlidae,South America,Intermediate,Peaceful (with care),Bottom,280 L,6-12 in (15-30 cm),26-30°C,5.5-7.5,Soft-Medium (2-12 dGH),Omnivore (sand-sifter),Groups,10+ years,2.5-3 in,"Geophagus Surinamensis is a large but generally peaceful 'eartheater' that sifts sand for food. It needs a big tank, warm soft water and a fine sand bed to show natural behaviour.","Use a fine sand substrate so it can sift naturally (protects gills). | Warm, soft water and a spacious tank; best kept in groups. | Peaceful for its size, but plan for a large adult and heavy bioload.",aqa-cichlid-colour-enhancer,aqa-brineshrimp-flakes,,https://care.best4pets.in/fish/geophagus-surinamensis-2,https://care.best4pets.in/fish/geophagus-surinamensis-2/care/,https://best4pets.in/products/geophagus-surinamensis,"Geophagus Surinamensis 2.5-3"""
RA-FSH-0636,geophagus-redhead-tapajos,geophagus-redhead-tapajos,Geophagus Redhead Tapajos,Eartheater/Geophagus,Cichlidae,South America,Intermediate,Peaceful (with care),Bottom,280 L,6-12 in (15-30 cm),26-30°C,5.5-7.5,Soft-Medium (2-12 dGH),Omnivore (sand-sifter),Groups,10+ years,4-4.5 in,"Geophagus Redhead Tapajos is a large but generally peaceful 'eartheater' that sifts sand for food. It needs a big tank, warm soft water and a fine sand bed to show natural behaviour.","Use a fine sand substrate so it can sift naturally (protects gills). | Warm, soft water and a spacious tank; best kept in groups. | Peaceful for its size, but plan for a large adult and heavy bioload.",aqa-cichlid-colour-enhancer,aqa-brineshrimp-flakes,,https://care.best4pets.in/fish/geophagus-redhead-tapajos,https://care.best4pets.in/fish/geophagus-redhead-tapajos/care/,https://best4pets.in/products/geophagus-redhead-tapajos,"Geophagus Redhead Tapajos 4-4.5"""
RA-FSH-0637,frontosa-cichlid-2,frontosa-cichlid,Frontosa Cichlid,Tanganyikan Cichlid,Cichlidae,"Lake Tanganyika, East Africa",Intermediate,Semi-aggressive,All levels,475 L,12-14 in (30-35 cm),24-28°C,7.8-9.0,Hard / Alkaline (10-20 dGH),Carnivore/Omnivore,Colony or pair (species-dependent),8-15 years,5 cm,"Frontosa Cichlid is a Lake Tanganyika cichlid needing hard, alkaline water. This group ranges from tiny shell-dwellers to large Frontosa, so check the specific species' adult size and setup.","Hard, alkaline water with the right decor — shells for shell-dwellers, rock for others. | Adult size varies enormously across this group — confirm the species before stocking. | Feed appropriately: many are micro-predators; avoid excess for the smaller species.",aqa-cichlid-colour-enhancer,aqa-brineshrimp-flakes,,https://care.best4pets.in/fish/frontosa-cichlid-2,https://care.best4pets.in/fish/frontosa-cichlid-2/care/,https://best4pets.in/products/frontosa-cichlid,Frontosa Cichlid 5cm
RA-FSH-0638,yellow-parrot-cichlid-a-grade,yellow-parrot-a-grade-cichlid,Yellow Parrot Cichlid A grade,SA/CA Cichlid (large),Cichlidae,Central/South America,Intermediate-Advanced,Semi-aggressive,All levels,200 L,7-8 in (18-20 cm),23-28°C,6.5-7.5,Medium (5-20 dGH),Carnivore/Omnivore,Solitary or bonded pair,10-15 years,2.5 in,"Yellow Parrot Cichlid A grade is a large, characterful New World cichlid. These fish are intelligent and territorial, needing a big tank, strong filtration and robust decor. Adult size varies widely by species.",Provide a large tank with powerful filtration and secure hardscape. | Territorial and often aggressive — choose tankmates carefully and confirm the species' temperament. | Confirm the exact species' adult size before stocking — some exceed 30 cm.,aqa-cichlid-colour-enhancer,aqa-brineshrimp-flakes,Larger specimens need bigger meaty/pellet foods.,https://care.best4pets.in/fish/yellow-parrot-cichlid-a-grade,https://care.best4pets.in/fish/yellow-parrot-cichlid-a-grade/care/,https://best4pets.in/products/yellow-parrot-a-grade-cichlid,"Yellow Parrot Cichlid A grade 2.5"""
RA-FSH-0639,red-parrot-cichlid,red-parrot-a-grade-cichlid,Red Parrot Cichlid,SA/CA Cichlid (large),Cichlidae,Central/South America,Intermediate-Advanced,Semi-aggressive,All levels,200 L,7-8 in (18-20 cm),23-28°C,6.5-7.5,Medium (5-20 dGH),Carnivore/Omnivore,Solitary or bonded pair,10-15 years,3.5 in,"Red Parrot Cichlid is a large, characterful New World cichlid. These fish are intelligent and territorial, needing a big tank, strong filtration and robust decor. Adult size varies widely by species.",Provide a large tank with powerful filtration and secure hardscape. | Territorial and often aggressive — choose tankmates carefully and confirm the species' temperament. | Confirm the exact species' adult size before stocking — some exceed 30 cm.,aqa-cichlid-colour-enhancer,aqa-brineshrimp-flakes,Larger specimens need bigger meaty/pellet foods.,https://care.best4pets.in/fish/red-parrot-cichlid,https://care.best4pets.in/fish/red-parrot-cichlid/care/,https://best4pets.in/products/red-parrot-a-grade-cichlid,"Red Parrot Cichlid 3.5"""
RA-FSH-0640,jack-dempsey-cichlid,jack-dempsey-cichlid,Jack Dempsey cichlid,SA/CA Cichlid (large),Cichlidae,Central/South America,Intermediate-Advanced,Aggressive,All levels,280 L,8-12 in (20-30 cm),23-28°C,6.5-7.5,Medium (5-20 dGH),Carnivore/Omnivore,Solitary or bonded pair,10-15 years,3 in,"Jack Dempsey cichlid is a large, characterful New World cichlid. These fish are intelligent and territorial, needing a big tank, strong filtration and robust decor. Adult size varies widely by species.",Provide a large tank with powerful filtration and secure hardscape. | Territorial and often aggressive — choose tankmates carefully and confirm the species' temperament. | Confirm the exact species' adult size before stocking — some exceed 30 cm.,aqa-cichlid-colour-enhancer,aqa-brineshrimp-flakes,Larger specimens need bigger meaty/pellet foods.,https://care.best4pets.in/fish/jack-dempsey-cichlid,https://care.best4pets.in/fish/jack-dempsey-cichlid/care/,https://best4pets.in/products/jack-dempsey-cichlid,"Jack Dempsey cichlid 3""+"
RA-FSH-0641,green-terror-cichlid-2,green-terror-cichlid,Green terror cichlid,SA/CA Cichlid (large),Cichlidae,Central/South America,Intermediate-Advanced,Aggressive,All levels,280 L,8-12 in (20-30 cm),23-28°C,6.5-7.5,Medium (5-20 dGH),Carnivore/Omnivore,Solitary or bonded pair,10-15 years,2-2.5 in,"Green terror cichlid is a large, characterful New World cichlid. These fish are intelligent and territorial, needing a big tank, strong filtration and robust decor. Adult size varies widely by species.",Provide a large tank with powerful filtration and secure hardscape. | Territorial and often aggressive — choose tankmates carefully and confirm the species' temperament. | Confirm the exact species' adult size before stocking — some exceed 30 cm.,aqa-cichlid-colour-enhancer,aqa-brineshrimp-flakes,Larger specimens need bigger meaty/pellet foods.,https://care.best4pets.in/fish/green-terror-cichlid-2,https://care.best4pets.in/fish/green-terror-cichlid-2/care/,https://best4pets.in/products/green-terror-cichlid,"Green terror cichlid 2-2.5"""
RA-FSH-0642,red-kodango-cichlid-4,red-kodango-cichlid,Red kodango Cichlid,African Rift Cichlid (Malawi),Cichlidae,"Lake Malawi, East Africa",Intermediate,Aggressive,All levels,200 L,4-6 in (10-15 cm),24-28°C,7.8-8.6,Hard / Alkaline (10-20 dGH),Omnivore,Groups (species-appropriate),8-10 years,2.5 in,"Red kodango Cichlid is a colourful, boldly territorial Lake Malawi cichlid. It needs hard, alkaline water and a rocky, cave-filled aquascape, with stocking planned to spread aggression.","Hard, alkaline water is essential — not for soft-water community tanks. | Build rockwork with many caves; keep them appropriately stocked to diffuse aggression. | Mbuna need veg-based food (avoid excess protein → Malawi bloat); peacocks/haps take more protein.",aqa-cichlid-colour-enhancer,aqa-brineshrimp-flakes,Mbuna are veg-leaning — keep protein moderate to avoid bloat.,https://care.best4pets.in/fish/red-kodango-cichlid-4,https://care.best4pets.in/fish/red-kodango-cichlid-4/care/,https://best4pets.in/products/red-kodango-cichlid,"Red kodango Cichlid 2.5"" (Pair)"
RA-FSH-0643,zebra-obliquidens-cichlid-2,zebra-obliquidens-cichlid,Zebra Obliquidens Cichlid,Cichlid (other),Cichlidae,Varies,Intermediate,Semi-aggressive,All levels,150-200 L,4-8 in — varies by species,23-28°C,6.5-8.0,Medium (5-20 dGH),Omnivore,Species-dependent,8-12 years,3 in,Zebra Obliquidens Cichlid is a cichlid whose exact requirements depend on its species and region. As a group these fish are territorial and appreciate structured decor and defined territories.,Confirm the species' origin (African rift vs. New World) to set the right water hardness. | Provide territory and broken sight-lines to reduce aggression. | Match tankmates to the species' adult size and temperament.,aqa-cichlid-colour-enhancer,aqa-brineshrimp-flakes,,https://care.best4pets.in/fish/zebra-obliquidens-cichlid-2,https://care.best4pets.in/fish/zebra-obliquidens-cichlid-2/care/,https://best4pets.in/products/zebra-obliquidens-cichlid,"Zebra Obliquidens Cichlid 3"""
RA-FSH-0644,auratus-cichlid,yellow-auratus-cichlid,Auratus Cichlid,African Rift Cichlid (Malawi),Cichlidae,"Lake Malawi, East Africa",Intermediate,Aggressive,All levels,200 L,4-6 in (10-15 cm),24-28°C,7.8-8.6,Hard / Alkaline (10-20 dGH),Omnivore,Groups (species-appropriate),8-10 years,,"Auratus Cichlid is a colourful, boldly territorial Lake Malawi cichlid. It needs hard, alkaline water and a rocky, cave-filled aquascape, with stocking planned to spread aggression.","Hard, alkaline water is essential — not for soft-water community tanks. | Build rockwork with many caves; keep them appropriately stocked to diffuse aggression. | Mbuna need veg-based food (avoid excess protein → Malawi bloat); peacocks/haps take more protein.",aqa-cichlid-colour-enhancer,aqa-brineshrimp-flakes,Mbuna are veg-leaning — keep protein moderate to avoid bloat.,https://care.best4pets.in/fish/auratus-cichlid,https://care.best4pets.in/fish/auratus-cichlid/care/,https://best4pets.in/products/yellow-auratus-cichlid,Auratus Cichlid
RA-FSH-0645,venus-cichlid,venus-cichlid,Venus Cichlid,Cichlid (other),Cichlidae,Varies,Intermediate,Semi-aggressive,All levels,150-200 L,4-8 in — varies by species,23-28°C,6.5-8.0,Medium (5-20 dGH),Omnivore,Species-dependent,8-12 years,4-5 in,Venus Cichlid is a cichlid whose exact requirements depend on its species and region. As a group these fish are territorial and appreciate structured decor and defined territories.,Confirm the species' origin (African rift vs. New World) to set the right water hardness. | Provide territory and broken sight-lines to reduce aggression. | Match tankmates to the species' adult size and temperament.,aqa-cichlid-colour-enhancer,aqa-brineshrimp-flakes,,https://care.best4pets.in/fish/venus-cichlid,https://care.best4pets.in/fish/venus-cichlid/care/,https://best4pets.in/products/venus-cichlid,"Venus Cichlid 4-5"""
RA-FSH-0646,sulphur-head-cichlid-aulonocara-maylandi-5,sulphur-head-cichlid,Sulphur Head Cichlid / Aulonocara maylandi,African Rift Cichlid (Malawi),Cichlidae,"Lake Malawi, East Africa",Intermediate,Aggressive,All levels,200 L,4-6 in (10-15 cm),24-28°C,7.8-8.6,Hard / Alkaline (10-20 dGH),Omnivore,Groups (species-appropriate),8-10 years,2.5 in,"Sulphur Head Cichlid / Aulonocara maylandi is a colourful, boldly territorial Lake Malawi cichlid. It needs hard, alkaline water and a rocky, cave-filled aquascape, with stocking planned to spread aggression.","Hard, alkaline water is essential — not for soft-water community tanks. | Build rockwork with many caves; keep them appropriately stocked to diffuse aggression. | Mbuna need veg-based food (avoid excess protein → Malawi bloat); peacocks/haps take more protein.",aqa-cichlid-colour-enhancer,aqa-brineshrimp-flakes,Mbuna are veg-leaning — keep protein moderate to avoid bloat.,https://care.best4pets.in/fish/sulphur-head-cichlid-aulonocara-maylandi-5,https://care.best4pets.in/fish/sulphur-head-cichlid-aulonocara-maylandi-5/care/,https://best4pets.in/products/sulphur-head-cichlid,"Sulphur Head Cichlid / Aulonocara maylandi 2.5"" (Pair)"
RA-FSH-0647,snow-white-cichlid-2,snow-white-cichlid,Snow White Cichlid,Cichlid (other),Cichlidae,Varies,Intermediate,Semi-aggressive,All levels,150-200 L,4-8 in — varies by species,23-28°C,6.5-8.0,Medium (5-20 dGH),Omnivore,Species-dependent,8-12 years,3 in,Snow White Cichlid is a cichlid whose exact requirements depend on its species and region. As a group these fish are territorial and appreciate structured decor and defined territories.,Confirm the species' origin (African rift vs. New World) to set the right water hardness. | Provide territory and broken sight-lines to reduce aggression. | Match tankmates to the species' adult size and temperament.,aqa-cichlid-colour-enhancer,aqa-brineshrimp-flakes,,https://care.best4pets.in/fish/snow-white-cichlid-2,https://care.best4pets.in/fish/snow-white-cichlid-2/care/,https://best4pets.in/products/snow-white-cichlid,Snow White Cichlid 3 inch
RA-FSH-0648,rusty-cichlid,rusty-cichlid,Rusty Cichlid,African Rift Cichlid (Malawi),Cichlidae,"Lake Malawi, East Africa",Intermediate,Aggressive,All levels,200 L,4-6 in (10-15 cm),24-28°C,7.8-8.6,Hard / Alkaline (10-20 dGH),Omnivore,Groups (species-appropriate),8-10 years,2 in,"Rusty Cichlid is a colourful, boldly territorial Lake Malawi cichlid. It needs hard, alkaline water and a rocky, cave-filled aquascape, with stocking planned to spread aggression.","Hard, alkaline water is essential — not for soft-water community tanks. | Build rockwork with many caves; keep them appropriately stocked to diffuse aggression. | Mbuna need veg-based food (avoid excess protein → Malawi bloat); peacocks/haps take more protein.",aqa-cichlid-colour-enhancer,aqa-brineshrimp-flakes,Mbuna are veg-leaning — keep protein moderate to avoid bloat.,https://care.best4pets.in/fish/rusty-cichlid,https://care.best4pets.in/fish/rusty-cichlid/care/,https://best4pets.in/products/rusty-cichlid,Rusty Cichlid 2inch
RA-FSH-0649,petrotilapia-chitimba,petrotilapia-chitimba,Petrotilapia Chitimba,African Rift Cichlid (Malawi),Cichlidae,"Lake Malawi, East Africa",Intermediate,Aggressive,All levels,200 L,4-6 in (10-15 cm),24-28°C,7.8-8.6,Hard / Alkaline (10-20 dGH),Omnivore,Groups (species-appropriate),8-10 years,4 in,"Petrotilapia Chitimba is a colourful, boldly territorial Lake Malawi cichlid. It needs hard, alkaline water and a rocky, cave-filled aquascape, with stocking planned to spread aggression.","Hard, alkaline water is essential — not for soft-water community tanks. | Build rockwork with many caves; keep them appropriately stocked to diffuse aggression. | Mbuna need veg-based food (avoid excess protein → Malawi bloat); peacocks/haps take more protein.",aqa-cichlid-colour-enhancer,aqa-brineshrimp-flakes,Mbuna are veg-leaning — keep protein moderate to avoid bloat.,https://care.best4pets.in/fish/petrotilapia-chitimba,https://care.best4pets.in/fish/petrotilapia-chitimba/care/,https://best4pets.in/products/petrotilapia-chitimba,"Petrotilapia Chitimba 4"""
RA-FSH-0650,premium-heros-liberifer-red-mouthbrooder-severum-2,heros-liberifer-red-mouthbrooder-severum-xl,Premium Heros liberifer / Red Mouthbrooder Severum,SA/CA Cichlid (large),Cichlidae,Central/South America,Intermediate-Advanced,Semi-aggressive,All levels,280 L,8-12 in (20-30 cm),23-28°C,6.5-7.5,Medium (5-20 dGH),Carnivore/Omnivore,Solitary or bonded pair,10-15 years,,"Premium Heros liberifer / Red Mouthbrooder Severum is a large, characterful New World cichlid. These fish are intelligent and territorial, needing a big tank, strong filtration and robust decor. Adult size varies widely by species.",Provide a large tank with powerful filtration and secure hardscape. | Territorial and often aggressive — choose tankmates carefully and confirm the species' temperament. | Confirm the exact species' adult size before stocking — some exceed 30 cm.,aqa-cichlid-colour-enhancer,aqa-brineshrimp-flakes,Larger specimens need bigger meaty/pellet foods.,https://care.best4pets.in/fish/premium-heros-liberifer-red-mouthbrooder-severum-2,https://care.best4pets.in/fish/premium-heros-liberifer-red-mouthbrooder-severum-2/care/,https://best4pets.in/products/heros-liberifer-red-mouthbrooder-severum-xl,Premium Rare Heros liberifer / Red Mouthbrooder Severum XL
RA-FSH-0651,channa-stewarti,channa-stewarti-best4pets,Channa stewarti,Snakehead,Channidae,Asia / Africa,Intermediate-Advanced,Aggressive,All levels,200-475 L (species-dependent),6-40 in — varies hugely by species,22-28°C,6.0-7.5,Soft-Medium (5-15 dGH),Carnivore,Solitary or bonded pair,10-15 years,4 in,"Channa stewarti is a predatory air-breathing snakehead. Species range from ~15 cm dwarves to metre-long giants, so the exact species dictates tank size. All are escape artists and hunters.","A tight, weighted lid is essential — snakeheads are determined jumpers. | Predatory: do not house with fish small enough to be eaten. | Confirm the species' adult size before buying — it ranges from 15 cm to over 1 m.",aqa-brineshrimp-flakes,,Predatory — feed meaty foods sized to the fish.,https://care.best4pets.in/fish/channa-stewarti,https://care.best4pets.in/fish/channa-stewarti/care/,https://best4pets.in/products/channa-stewarti-best4pets,"Channa stewarti 4"""
RA-FSH-0652,red-goldfish-veil-tail,red-goldfish-veil-tail-medium,Red Goldfish Veil Tail,Goldfish,Cyprinidae (coldwater),Selectively bred (China),Beginner-Intermediate,Peaceful,All levels,75-115 L per fish,6-8 in fancy (15-20 cm),18-24°C,7.0-8.4,Medium-Hard (8-20 dGH),Omnivore,Groups,10-15+ years,,"Red Goldfish Veil Tail is a hardy coldwater fish that needs no heater but produces a heavy bioload, so strong filtration and space are essential. A long-lived, personable pet.",Coldwater fish — no heater needed; keep below ~24°C. | Big bioload: over-filter and do generous water changes. | Feed sinking foods to fancy types to reduce swim-bladder/buoyancy issues.,aqa-micro-pellet-economy,,Feed a sinking staple plus vegetable matter; avoid overfeeding.,https://care.best4pets.in/fish/red-goldfish-veil-tail,https://care.best4pets.in/fish/red-goldfish-veil-tail/care/,https://best4pets.in/products/red-goldfish-veil-tail-medium,Red Goldfish Veil Tail Medium
RA-FSH-0653,electric-blue-baloon-ramirezi,electric-blue-baloon-ramirezi,Electric Blue Baloon Ramirezi,Dwarf Cichlid (Apisto/Ram),Cichlidae,South America,Intermediate,Peaceful (with care),Bottom-Middle,75-115 L,2-3.5 in (5-9 cm),26-29°C,5.5-7.0,Soft (2-10 dGH),Carnivore/Omnivore,Pairs,2-4 years,1.25 in,"Electric Blue Baloon Ramirezi is a colourful dwarf cichlid best kept as a pair in warm, soft water with caves and territory. Peaceful in a community, but defends a small breeding territory.","Warm, soft, slightly acidic water suits dwarf cichlids best. | Provide caves and broken sight-lines so a pair can hold territory. | Rams (Mikrogeophagus) want the warm end (28-30°C) and stable water.",aqa-cichlid-colour-enhancer,aqa-brineshrimp-flakes,,https://care.best4pets.in/fish/electric-blue-baloon-ramirezi,https://care.best4pets.in/fish/electric-blue-baloon-ramirezi/care/,https://best4pets.in/products/electric-blue-baloon-ramirezi,"Electric Blue Baloon Ramirezi 1.25"" (Pair)"
RA-FSH-0654,black-neon-tetra,black-neon-tetra,Black Neon Tetra,Tetra/Characin,Characidae,South America,Beginner,Peaceful,Middle,75 L,1.5-2.5 in (4-6 cm),22-27°C,5.5-7.5,Soft-Medium (2-15 dGH),Omnivore,Shoal of 6 or more,3-5 years,,"Black Neon Tetra is a small, active schooling characin that shows its best colour and behaviour in a group. Peaceful and undemanding, it's ideal for planted community aquariums.","Keep in a shoal of at least 6 — lone specimens are shy and washed-out. | Offer a varied diet of quality micro-pellets, flakes and frozen foods. | Best in a planted tank with open swimming space and gentle flow.",aqa-micro-pellet-colour-enhancing,aqa-brineshrimp-flakes,,https://care.best4pets.in/fish/black-neon-tetra,https://care.best4pets.in/fish/black-neon-tetra/care/,https://best4pets.in/products/black-neon-tetra,Black Neon Tetra (Pair)
RA-FSH-0655,serpae-tetra,serpae-tetra-hyphessobrycon-eques,Serpae Tetra,Tetra/Characin,Characidae,South America,Beginner,Peaceful,Middle,75 L,1.5-2.5 in (4-6 cm),22-27°C,5.5-7.5,Soft-Medium (2-15 dGH),Omnivore,Shoal of 6 or more,3-5 years,,"Serpae Tetra is a small, active schooling characin that shows its best colour and behaviour in a group. Peaceful and undemanding, it's ideal for planted community aquariums.","Keep in a shoal of at least 6 — lone specimens are shy and washed-out. | Offer a varied diet of quality micro-pellets, flakes and frozen foods. | Best in a planted tank with open swimming space and gentle flow.",aqa-micro-pellet-colour-enhancing,aqa-brineshrimp-flakes,,https://care.best4pets.in/fish/serpae-tetra,https://care.best4pets.in/fish/serpae-tetra/care/,https://best4pets.in/products/serpae-tetra-hyphessobrycon-eques,Serpae Tetra (Pair)
RA-FSH-0656,lemon-tetra,lemon-tetra-hyphessobrycon-pulchripinnis,Lemon Tetra,Tetra/Characin,Characidae,South America,Beginner,Peaceful,Middle,75 L,1.5-2.5 in (4-6 cm),22-27°C,5.5-7.5,Soft-Medium (2-15 dGH),Omnivore,Shoal of 6 or more,3-5 years,,"Lemon Tetra is a small, active schooling characin that shows its best colour and behaviour in a group. Peaceful and undemanding, it's ideal for planted community aquariums.","Keep in a shoal of at least 6 — lone specimens are shy and washed-out. | Offer a varied diet of quality micro-pellets, flakes and frozen foods. | Best in a planted tank with open swimming space and gentle flow.",aqa-micro-pellet-colour-enhancing,aqa-brineshrimp-flakes,,https://care.best4pets.in/fish/lemon-tetra,https://care.best4pets.in/fish/lemon-tetra/care/,https://best4pets.in/products/lemon-tetra-hyphessobrycon-pulchripinnis,Lemon Tetra (Pair)
RA-FSH-0657,pristella-tetra,pristella-tetra,Pristella Tetra,Tetra/Characin,Characidae,South America,Beginner,Peaceful,Middle,75 L,1.5-2.5 in (4-6 cm),22-27°C,5.5-7.5,Soft-Medium (2-15 dGH),Omnivore,Shoal of 6 or more,3-5 years,,"Pristella Tetra is a small, active schooling characin that shows its best colour and behaviour in a group. Peaceful and undemanding, it's ideal for planted community aquariums.","Keep in a shoal of at least 6 — lone specimens are shy and washed-out. | Offer a varied diet of quality micro-pellets, flakes and frozen foods. | Best in a planted tank with open swimming space and gentle flow.",aqa-micro-pellet-colour-enhancing,aqa-brineshrimp-flakes,,https://care.best4pets.in/fish/pristella-tetra,https://care.best4pets.in/fish/pristella-tetra/care/,https://best4pets.in/products/pristella-tetra,Pristella Tetra (Pair)
RA-FSH-0658,galaxy-rasbora,galaxy-rasbora-celestichthys-margaritatus,Galaxy Rasbora,Rasbora,Cyprinidae,Southeast Asia,Beginner,Peaceful,Middle,40-75 L,0.75-2 in (2-5 cm),23-27°C,5.5-7.0,Soft-Medium (2-12 dGH),Omnivore,Shoal of 8 or more,3-5 years,,Galaxy Rasbora is a peaceful nano cyprinid that shoals tightly and suits planted and nano aquascapes. Its small size and calm nature make it a community favourite.,"Keep 8+ together for a confident, colourful shoal. | Soft, slightly acidic water and planted cover bring out the best colour. | Feed small foods — micro-pellets, crushed flake and frozen daphnia/cyclops.",aqa-micro-pellet-colour-enhancing,aqa-brineshrimp-flakes,,https://care.best4pets.in/fish/galaxy-rasbora,https://care.best4pets.in/fish/galaxy-rasbora/care/,https://best4pets.in/products/galaxy-rasbora-celestichthys-margaritatus,Galaxy Rasbora (Pair)
RA-FSH-0659,panda-molly,panda-molly,Panda Molly,Molly/Platy/Swordtail,Poeciliidae,Central America (livebearer),Beginner,Peaceful,Middle,75-115 L,2-5 in (5-13 cm),22-28°C,7.0-8.2,Medium-Hard (10-25 dGH),Omnivore (veg-leaning),Groups,3-5 years,,"Panda Molly is a hardy, peaceful livebearer that does best in hard, alkaline water with plenty of vegetable matter in its diet. An easy, active community fish.","Hard, alkaline water keeps these livebearers healthiest (mollies especially). | Include algae/veg-based foods — blanched vegetables and spirulina. | Keep in groups; expect regular broods of live young.",aqa-micro-pellet-colour-enhancing,aqa-brineshrimp-flakes,Add algae/vegetable matter for this veg-leaning livebearer.,https://care.best4pets.in/fish/panda-molly,https://care.best4pets.in/fish/panda-molly/care/,https://best4pets.in/products/panda-molly,Panda Molly XL
RA-FSH-0660,jet-black-baloon-molly-lyretail,baloon-molly-lyretail,Jet Black Baloon Molly Lyretail,Molly/Platy/Swordtail,Poeciliidae,Central America (livebearer),Beginner,Peaceful,Middle,75-115 L,2-5 in (5-13 cm),22-28°C,7.0-8.2,Medium-Hard (10-25 dGH),Omnivore (veg-leaning),Groups,3-5 years,,"Jet Black Baloon Molly Lyretail is a hardy, peaceful livebearer that does best in hard, alkaline water with plenty of vegetable matter in its diet. An easy, active community fish.","Hard, alkaline water keeps these livebearers healthiest (mollies especially). | Include algae/veg-based foods — blanched vegetables and spirulina. | Keep in groups; expect regular broods of live young.",aqa-micro-pellet-colour-enhancing,aqa-brineshrimp-flakes,Add algae/vegetable matter for this veg-leaning livebearer.,https://care.best4pets.in/fish/jet-black-baloon-molly-lyretail,https://care.best4pets.in/fish/jet-black-baloon-molly-lyretail/care/,https://best4pets.in/products/baloon-molly-lyretail,Jet Black Baloon Molly Lyretail
RA-FSH-0661,silver-arowana-2,silverarowana6,Silver Arowana,Oddball/Predator,Various,Varies,Intermediate-Advanced,Aggressive,All levels,950 L,24-36 in (60-90 cm),24-28°C,6.5-7.5,Soft-Medium (5-15 dGH),Carnivore,Solitary or species-dependent,10-20 years,,"Silver Arowana is a specialist 'oddball' predator (such as bichirs, arowana, gar, knifefish or eels). Most grow large and hunt, so the exact species dictates tank size and tankmates.","Use a tight, weighted lid — most oddball predators jump or climb. | Predatory: never house with fish small enough to be swallowed. | Research the exact species — many outgrow standard aquariums dramatically.",aqa-brineshrimp-flakes,,Predatory — feed meaty foods sized to the fish; large species need large prey items.,https://care.best4pets.in/fish/silver-arowana-2,https://care.best4pets.in/fish/silver-arowana-2/care/,https://best4pets.in/products/silverarowana6,Silver Arowana
RA-FSH-0662,silver-arowana-10,silverarowana11-12,Silver Arowana 10,Oddball/Predator,Various,Varies,Intermediate-Advanced,Aggressive,All levels,950 L,24-36 in (60-90 cm),24-28°C,6.5-7.5,Soft-Medium (5-15 dGH),Carnivore,Solitary or species-dependent,10-20 years,,"Silver Arowana 10 is a specialist 'oddball' predator (such as bichirs, arowana, gar, knifefish or eels). Most grow large and hunt, so the exact species dictates tank size and tankmates.","Use a tight, weighted lid — most oddball predators jump or climb. | Predatory: never house with fish small enough to be swallowed. | Research the exact species — many outgrow standard aquariums dramatically.",aqa-brineshrimp-flakes,,Predatory — feed meaty foods sized to the fish; large species need large prey items.,https://care.best4pets.in/fish/silver-arowana-10,https://care.best4pets.in/fish/silver-arowana-10/care/,https://best4pets.in/products/silverarowana11-12,Silver Arowana 10”
RA-FSH-0663,baby-flowerhorn-srd-2,babyflowerhorn,Baby Flowerhorn SRD,SA/CA Cichlid (large),Cichlidae,Central/South America,Intermediate-Advanced,Aggressive,All levels,280 L,12-16 in (30-40 cm),23-28°C,6.5-7.5,Medium (5-20 dGH),Carnivore/Omnivore,Solitary or bonded pair,10-15 years,2 in,"Baby Flowerhorn SRD is a large, characterful New World cichlid. These fish are intelligent and territorial, needing a big tank, strong filtration and robust decor. Adult size varies widely by species.",Provide a large tank with powerful filtration and secure hardscape. | Territorial and often aggressive — choose tankmates carefully and confirm the species' temperament. | Confirm the exact species' adult size before stocking — some exceed 30 cm.,aqa-cichlid-colour-enhancer,aqa-brineshrimp-flakes,Larger specimens need bigger meaty/pellet foods.,https://care.best4pets.in/fish/baby-flowerhorn-srd-2,https://care.best4pets.in/fish/baby-flowerhorn-srd-2/care/,https://best4pets.in/products/babyflowerhorn,"Imported Baby Flowerhorn 2"" SRD"
RA-FSH-0664,knight-goby,knightgoby,Knight Goby,Goby,Gobiidae,Varies,Intermediate,Peaceful (with care),Bottom,40-75 L,1-3 in (2.5-8 cm),22-26°C,7.0-8.0,Medium-Hard (8-15 dGH),Carnivore,Pairs or single,3-5 years,,"Knight Goby is a small bottom goby, often territorial over a favourite cave. Some are strictly freshwater grazers while others (e.g. bumblebee gobies) prefer brackish water — check the species.",Confirm freshwater vs. brackish needs for the exact species. | Offer small live/frozen foods; many ignore dry flake. | Provide caves/territories — gobies defend a small patch.,aqa-brineshrimp-flakes,,Offer small live/frozen foods; many ignore flake.,https://care.best4pets.in/fish/knight-goby,https://care.best4pets.in/fish/knight-goby/care/,https://best4pets.in/products/knightgoby,Knight Goby (Pair)
RA-FSH-0665,red-lily-gourami,redlilygourami,Red Lily Gourami,Gourami/Anabantid,Osphronemidae,Southeast Asia,Beginner-Intermediate,Peaceful (with care),Top-Middle,75-115 L,2-6 in (5-15 cm),23-28°C,6.0-7.5,Soft-Medium (4-15 dGH),Omnivore,Pairs or single,3-5 years,,"Red Lily Gourami is a labyrinth fish that gulps air at the surface and appreciates calm water. Generally peaceful, though males can be territorial with their own kind.","Keep calm water with surface access for air-breathing. | Avoid keeping multiple males in a small tank — they turn territorial. | Provide floating plants and gentle flow for a secure, settled fish.",aqa-micro-pellet-colour-enhancing,aqa-brineshrimp-flakes,,https://care.best4pets.in/fish/red-lily-gourami,https://care.best4pets.in/fish/red-lily-gourami/care/,https://best4pets.in/products/redlilygourami,Red Lily Gourami (Pair)
RA-FSH-0666,kissing-gourami,kissinggourami,Kissing Gourami,Gourami/Anabantid,Osphronemidae,Southeast Asia,Beginner-Intermediate,Peaceful (with care),Top-Middle,75-115 L,2-6 in (5-15 cm),23-28°C,6.0-7.5,Soft-Medium (4-15 dGH),Omnivore,Pairs or single,3-5 years,6 in,"Kissing Gourami is a labyrinth fish that gulps air at the surface and appreciates calm water. Generally peaceful, though males can be territorial with their own kind.","Keep calm water with surface access for air-breathing. | Avoid keeping multiple males in a small tank — they turn territorial. | Provide floating plants and gentle flow for a secure, settled fish.",aqa-micro-pellet-colour-enhancing,aqa-brineshrimp-flakes,,https://care.best4pets.in/fish/kissing-gourami,https://care.best4pets.in/fish/kissing-gourami/care/,https://best4pets.in/products/kissinggourami,"Kissing Gourami XL, 6"""
RA-FSH-0667,longfin-betta,longfinbetta,Longfin Betta,Betta,Osphronemidae,Southeast Asia,Beginner,Aggressive,Top-Middle,20 L,2.5-3 in (6-8 cm),24-28°C,6.0-7.5,Soft-Medium (2-15 dGH),Carnivore,Solitary (one male per tank),3-5 years,,"Longfin Betta is a labyrinth fish that breathes air from the surface. Males are beautiful but territorial and must be kept one to a tank; they prefer warm, still water.","One male per tank — males fight, sometimes to the death. | Warm, stable water and gentle flow (strong currents stress them). | Carnivore: feed betta pellets plus frozen bloodworms/brine shrimp.",aqa-micro-pellet-colour-enhancing,aqa-brineshrimp-flakes,,https://care.best4pets.in/fish/longfin-betta,https://care.best4pets.in/fish/longfin-betta/care/,https://best4pets.in/products/longfinbetta,Longfin Betta
RA-FSH-0668,crowntail-betta,importcrowntailbetta,Crowntail Betta,Betta,Osphronemidae,Southeast Asia,Beginner,Aggressive,Top-Middle,20 L,2.5-3 in (6-8 cm),24-28°C,6.0-7.5,Soft-Medium (2-15 dGH),Carnivore,Solitary (one male per tank),3-5 years,,"Crowntail Betta is a labyrinth fish that breathes air from the surface. Males are beautiful but territorial and must be kept one to a tank; they prefer warm, still water.","One male per tank — males fight, sometimes to the death. | Warm, stable water and gentle flow (strong currents stress them). | Carnivore: feed betta pellets plus frozen bloodworms/brine shrimp.",aqa-micro-pellet-colour-enhancing,aqa-brineshrimp-flakes,,https://care.best4pets.in/fish/crowntail-betta,https://care.best4pets.in/fish/crowntail-betta/care/,https://best4pets.in/products/importcrowntailbetta,Import Crowntail Betta
RA-FSH-0669,halfmoon-betta,importhalfmoonbetta,Halfmoon Betta,Betta,Osphronemidae,Southeast Asia,Beginner,Aggressive,Top-Middle,20 L,2.5-3 in (6-8 cm),24-28°C,6.0-7.5,Soft-Medium (2-15 dGH),Carnivore,Solitary (one male per tank),3-5 years,,"Halfmoon Betta is a labyrinth fish that breathes air from the surface. Males are beautiful but territorial and must be kept one to a tank; they prefer warm, still water.","One male per tank — males fight, sometimes to the death. | Warm, stable water and gentle flow (strong currents stress them). | Carnivore: feed betta pellets plus frozen bloodworms/brine shrimp.",aqa-micro-pellet-colour-enhancing,aqa-brineshrimp-flakes,,https://care.best4pets.in/fish/halfmoon-betta,https://care.best4pets.in/fish/halfmoon-betta/care/,https://best4pets.in/products/importhalfmoonbetta,Import Halfmoon Betta
RA-FSH-0670,venustus-cichli,venuscichlid,Venustus Cichli,African Rift Cichlid (Malawi),Cichlidae,"Lake Malawi, East Africa",Intermediate,Aggressive,All levels,200 L,4-6 in (10-15 cm),24-28°C,7.8-8.6,Hard / Alkaline (10-20 dGH),Omnivore,Groups (species-appropriate),8-10 years,3 in,"Venustus Cichli is a colourful, boldly territorial Lake Malawi cichlid. It needs hard, alkaline water and a rocky, cave-filled aquascape, with stocking planned to spread aggression.","Hard, alkaline water is essential — not for soft-water community tanks. | Build rockwork with many caves; keep them appropriately stocked to diffuse aggression. | Mbuna need veg-based food (avoid excess protein → Malawi bloat); peacocks/haps take more protein.",aqa-cichlid-colour-enhancer,aqa-brineshrimp-flakes,Mbuna are veg-leaning — keep protein moderate to avoid bloat.,https://care.best4pets.in/fish/venustus-cichli,https://care.best4pets.in/fish/venustus-cichli/care/,https://best4pets.in/products/venuscichlid,"Venustus Cichli 3"" (Pair)"
RA-FSH-0671,blue-dolphin-cichlid-2,bluedolphin,Blue Dolphin Cichlid,African Rift Cichlid (Malawi),Cichlidae,"Lake Malawi, East Africa",Intermediate,Aggressive,All levels,200 L,4-6 in (10-15 cm),24-28°C,7.8-8.6,Hard / Alkaline (10-20 dGH),Omnivore,Groups (species-appropriate),8-10 years,4 in,"Blue Dolphin Cichlid is a colourful, boldly territorial Lake Malawi cichlid. It needs hard, alkaline water and a rocky, cave-filled aquascape, with stocking planned to spread aggression.","Hard, alkaline water is essential — not for soft-water community tanks. | Build rockwork with many caves; keep them appropriately stocked to diffuse aggression. | Mbuna need veg-based food (avoid excess protein → Malawi bloat); peacocks/haps take more protein.",aqa-cichlid-colour-enhancer,aqa-brineshrimp-flakes,Mbuna are veg-leaning — keep protein moderate to avoid bloat.,https://care.best4pets.in/fish/blue-dolphin-cichlid-2,https://care.best4pets.in/fish/blue-dolphin-cichlid-2/care/,https://best4pets.in/products/bluedolphin,"Blue Dolphin Cichlid 4"""
RA-FSH-0672,blue-peacock-cichlid-4,bluepeacock,Blue Peacock Cichlid,African Rift Cichlid (Malawi),Cichlidae,"Lake Malawi, East Africa",Intermediate,Aggressive,All levels,200 L,4-6 in (10-15 cm),24-28°C,7.8-8.6,Hard / Alkaline (10-20 dGH),Omnivore,Groups (species-appropriate),8-10 years,2.5 in,"Blue Peacock Cichlid is a colourful, boldly territorial Lake Malawi cichlid. It needs hard, alkaline water and a rocky, cave-filled aquascape, with stocking planned to spread aggression.","Hard, alkaline water is essential — not for soft-water community tanks. | Build rockwork with many caves; keep them appropriately stocked to diffuse aggression. | Mbuna need veg-based food (avoid excess protein → Malawi bloat); peacocks/haps take more protein.",aqa-cichlid-colour-enhancer,aqa-brineshrimp-flakes,Mbuna are veg-leaning — keep protein moderate to avoid bloat.,https://care.best4pets.in/fish/blue-peacock-cichlid-4,https://care.best4pets.in/fish/blue-peacock-cichlid-4/care/,https://best4pets.in/products/bluepeacock,"Blue Peacock Cichlid 2.5"" (Pair)"
RA-FSH-0673,blue-johani-cichlid-2,bluejohani,Blue Johani Cichlid,African Rift Cichlid (Malawi),Cichlidae,"Lake Malawi, East Africa",Intermediate,Aggressive,All levels,200 L,4-6 in (10-15 cm),24-28°C,7.8-8.6,Hard / Alkaline (10-20 dGH),Omnivore,Groups (species-appropriate),8-10 years,2 in,"Blue Johani Cichlid is a colourful, boldly territorial Lake Malawi cichlid. It needs hard, alkaline water and a rocky, cave-filled aquascape, with stocking planned to spread aggression.","Hard, alkaline water is essential — not for soft-water community tanks. | Build rockwork with many caves; keep them appropriately stocked to diffuse aggression. | Mbuna need veg-based food (avoid excess protein → Malawi bloat); peacocks/haps take more protein.",aqa-cichlid-colour-enhancer,aqa-brineshrimp-flakes,Mbuna are veg-leaning — keep protein moderate to avoid bloat.,https://care.best4pets.in/fish/blue-johani-cichlid-2,https://care.best4pets.in/fish/blue-johani-cichlid-2/care/,https://best4pets.in/products/bluejohani,"Blue Johani Cichlid 2"""
RA-FSH-0674,green-terror-cichlid-a-grade,greenterror,"Green Terror Cichlid, , A Grade",SA/CA Cichlid (large),Cichlidae,Central/South America,Intermediate-Advanced,Aggressive,All levels,280 L,8-12 in (20-30 cm),23-28°C,6.5-7.5,Medium (5-20 dGH),Carnivore/Omnivore,Solitary or bonded pair,10-15 years,5 in,"Green Terror Cichlid, , A Grade is a large, characterful New World cichlid. These fish are intelligent and territorial, needing a big tank, strong filtration and robust decor. Adult size varies widely by species.",Provide a large tank with powerful filtration and secure hardscape. | Territorial and often aggressive — choose tankmates carefully and confirm the species' temperament. | Confirm the exact species' adult size before stocking — some exceed 30 cm.,aqa-cichlid-colour-enhancer,aqa-brineshrimp-flakes,Larger specimens need bigger meaty/pellet foods.,https://care.best4pets.in/fish/green-terror-cichlid-a-grade,https://care.best4pets.in/fish/green-terror-cichlid-a-grade/care/,https://best4pets.in/products/greenterror,"Green Terror Cichlid, 5"", A Grade"
RA-FSH-0675,hump-head-cichlid,telmatochromiscichlid,Hump Head Cichlid,Cichlid (other),Cichlidae,Varies,Intermediate,Semi-aggressive,All levels,150-200 L,4-8 in — varies by species,23-28°C,6.5-8.0,Medium (5-20 dGH),Omnivore,Species-dependent,8-12 years,2 in,Hump Head Cichlid is a cichlid whose exact requirements depend on its species and region. As a group these fish are territorial and appreciate structured decor and defined territories.,Confirm the species' origin (African rift vs. New World) to set the right water hardness. | Provide territory and broken sight-lines to reduce aggression. | Match tankmates to the species' adult size and temperament.,aqa-cichlid-colour-enhancer,aqa-brineshrimp-flakes,,https://care.best4pets.in/fish/hump-head-cichlid,https://care.best4pets.in/fish/hump-head-cichlid/care/,https://best4pets.in/products/telmatochromiscichlid,"Hump Head Cichlid 2"""
RA-FSH-0676,pundamilia-nyererei-cichlid-2,nyereriecichlid,Pundamilia Nyererei Cichlid,African Rift Cichlid (Malawi),Cichlidae,"Lake Malawi, East Africa",Intermediate,Aggressive,All levels,200 L,4-6 in (10-15 cm),24-28°C,7.8-8.6,Hard / Alkaline (10-20 dGH),Omnivore,Groups (species-appropriate),8-10 years,3 in,"Pundamilia Nyererei Cichlid is a colourful, boldly territorial Lake Malawi cichlid. It needs hard, alkaline water and a rocky, cave-filled aquascape, with stocking planned to spread aggression.","Hard, alkaline water is essential — not for soft-water community tanks. | Build rockwork with many caves; keep them appropriately stocked to diffuse aggression. | Mbuna need veg-based food (avoid excess protein → Malawi bloat); peacocks/haps take more protein.",aqa-cichlid-colour-enhancer,aqa-brineshrimp-flakes,Mbuna are veg-leaning — keep protein moderate to avoid bloat.,https://care.best4pets.in/fish/pundamilia-nyererei-cichlid-2,https://care.best4pets.in/fish/pundamilia-nyererei-cichlid-2/care/,https://best4pets.in/products/nyereriecichlid,Pundamilia Nyererei Cichlid 3inch
RA-FSH-0677,livingstonii-cichlid-4,livingstoniicichlidlarge,Livingstonii Cichlid,African Rift Cichlid (Malawi),Cichlidae,"Lake Malawi, East Africa",Intermediate,Aggressive,All levels,200 L,4-6 in (10-15 cm),24-28°C,7.8-8.6,Hard / Alkaline (10-20 dGH),Omnivore,Groups (species-appropriate),8-10 years,4-4.5 in,"Livingstonii Cichlid is a colourful, boldly territorial Lake Malawi cichlid. It needs hard, alkaline water and a rocky, cave-filled aquascape, with stocking planned to spread aggression.","Hard, alkaline water is essential — not for soft-water community tanks. | Build rockwork with many caves; keep them appropriately stocked to diffuse aggression. | Mbuna need veg-based food (avoid excess protein → Malawi bloat); peacocks/haps take more protein.",aqa-cichlid-colour-enhancer,aqa-brineshrimp-flakes,Mbuna are veg-leaning — keep protein moderate to avoid bloat.,https://care.best4pets.in/fish/livingstonii-cichlid-4,https://care.best4pets.in/fish/livingstonii-cichlid-4/care/,https://best4pets.in/products/livingstoniicichlidlarge,"Livingstonii Cichlid Import 4-4.5"""
RA-FSH-0678,neolamprologus-cylindricus,cylindercichlid,Neolamprologus cylindricus,Tanganyikan Cichlid,Cichlidae,"Lake Tanganyika, East Africa",Intermediate,Territorial,All levels,115-200 L (species-dependent),2-14 in — varies by species,24-28°C,7.8-9.0,Hard / Alkaline (10-20 dGH),Carnivore/Omnivore,Colony or pair (species-dependent),8-15 years,3 in,"Neolamprologus cylindricus is a Lake Tanganyika cichlid needing hard, alkaline water. This group ranges from tiny shell-dwellers to large Frontosa, so check the specific species' adult size and setup.","Hard, alkaline water with the right decor — shells for shell-dwellers, rock for others. | Adult size varies enormously across this group — confirm the species before stocking. | Feed appropriately: many are micro-predators; avoid excess for the smaller species.",aqa-cichlid-colour-enhancer,aqa-brineshrimp-flakes,,https://care.best4pets.in/fish/neolamprologus-cylindricus,https://care.best4pets.in/fish/neolamprologus-cylindricus/care/,https://best4pets.in/products/cylindercichlid,Neolamprologus cylindricus 3inch
RA-FSH-0679,albino-brichardi,albinobrichardi,Albino Brichardi,Tanganyikan Cichlid,Cichlidae,"Lake Tanganyika, East Africa",Intermediate,Territorial,All levels,115-200 L (species-dependent),2-14 in — varies by species,24-28°C,7.8-9.0,Hard / Alkaline (10-20 dGH),Carnivore/Omnivore,Colony or pair (species-dependent),8-15 years,2 in,"Albino Brichardi is a Lake Tanganyika cichlid needing hard, alkaline water. This group ranges from tiny shell-dwellers to large Frontosa, so check the specific species' adult size and setup.","Hard, alkaline water with the right decor — shells for shell-dwellers, rock for others. | Adult size varies enormously across this group — confirm the species before stocking. | Feed appropriately: many are micro-predators; avoid excess for the smaller species.",aqa-cichlid-colour-enhancer,aqa-brineshrimp-flakes,,https://care.best4pets.in/fish/albino-brichardi,https://care.best4pets.in/fish/albino-brichardi/care/,https://best4pets.in/products/albinobrichardi,Albino Brichardi 2inch
RA-FSH-0680,brichardi-cichlid-2,brichardicichlid,Brichardi Cichlid,Tanganyikan Cichlid,Cichlidae,"Lake Tanganyika, East Africa",Intermediate,Territorial,All levels,115-200 L (species-dependent),2-14 in — varies by species,24-28°C,7.8-9.0,Hard / Alkaline (10-20 dGH),Carnivore/Omnivore,Colony or pair (species-dependent),8-15 years,2 in,"Brichardi Cichlid is a Lake Tanganyika cichlid needing hard, alkaline water. This group ranges from tiny shell-dwellers to large Frontosa, so check the specific species' adult size and setup.","Hard, alkaline water with the right decor — shells for shell-dwellers, rock for others. | Adult size varies enormously across this group — confirm the species before stocking. | Feed appropriately: many are micro-predators; avoid excess for the smaller species.",aqa-cichlid-colour-enhancer,aqa-brineshrimp-flakes,,https://care.best4pets.in/fish/brichardi-cichlid-2,https://care.best4pets.in/fish/brichardi-cichlid-2/care/,https://best4pets.in/products/brichardicichlid,"Brichardi Cichlid 2"""
RA-FSH-0681,red-wagtail-platy,blacktailredplatylarge,Red Wagtail Platy,Molly/Platy/Swordtail,Poeciliidae,Central America (livebearer),Beginner,Peaceful,Middle,75-115 L,2-5 in (5-13 cm),22-28°C,7.0-8.2,Medium-Hard (10-25 dGH),Omnivore (veg-leaning),Groups,3-5 years,,"Red Wagtail Platy is a hardy, peaceful livebearer that does best in hard, alkaline water with plenty of vegetable matter in its diet. An easy, active community fish.","Hard, alkaline water keeps these livebearers healthiest (mollies especially). | Include algae/veg-based foods — blanched vegetables and spirulina. | Keep in groups; expect regular broods of live young.",aqa-micro-pellet-colour-enhancing,aqa-brineshrimp-flakes,Add algae/vegetable matter for this veg-leaning livebearer.,https://care.best4pets.in/fish/red-wagtail-platy,https://care.best4pets.in/fish/red-wagtail-platy/care/,https://best4pets.in/products/blacktailredplatylarge,Red Wagtail Platy (Pair)
RA-FSH-0682,tangerine-swordtail,tangerinelyretailswordtail,Tangerine Swordtail,Molly/Platy/Swordtail,Poeciliidae,Central America (livebearer),Beginner,Peaceful,Middle,75-115 L,2-5 in (5-13 cm),22-28°C,7.0-8.2,Medium-Hard (10-25 dGH),Omnivore (veg-leaning),Groups,3-5 years,,"Tangerine Swordtail is a hardy, peaceful livebearer that does best in hard, alkaline water with plenty of vegetable matter in its diet. An easy, active community fish.","Hard, alkaline water keeps these livebearers healthiest (mollies especially). | Include algae/veg-based foods — blanched vegetables and spirulina. | Keep in groups; expect regular broods of live young.",aqa-micro-pellet-colour-enhancing,aqa-brineshrimp-flakes,Add algae/vegetable matter for this veg-leaning livebearer.,https://care.best4pets.in/fish/tangerine-swordtail,https://care.best4pets.in/fish/tangerine-swordtail/care/,https://best4pets.in/products/tangerinelyretailswordtail,Tangerine Swordtail (Pair)
RA-FSH-0683,mix-guppy,mixguppy,Mix Guppy,Guppy/Endler,Poeciliidae,Central/South America (livebearer),Beginner,Peaceful,Top-Middle,40-75 L,1-2.5 in (2.5-6 cm),22-28°C,7.0-8.0,Medium-Hard (8-20 dGH),Omnivore,Groups (more females than males),2-3 years,,"Mix Guppy is a colourful, hardy livebearer and one of the easiest fish in the hobby. It breeds readily and thrives in harder, alkaline water.","Prefers harder, alkaline water — avoid soft, acidic setups. | Keep 2-3 females per male to reduce harassment of females. | Breeds prolifically; provide plant cover for fry or expect a growing colony.",aqa-micro-pellet-colour-enhancing,aqa-brineshrimp-flakes,,https://care.best4pets.in/fish/mix-guppy,https://care.best4pets.in/fish/mix-guppy/care/,https://best4pets.in/products/mixguppy,Mix Guppy Jumbo (Set of Six Fish)(All Male)
RA-FSH-0684,coral-red-platy,baloonredplaty,Coral Red Platy,Molly/Platy/Swordtail,Poeciliidae,Central America (livebearer),Beginner,Peaceful,Middle,75-115 L,2-5 in (5-13 cm),22-28°C,7.0-8.2,Medium-Hard (10-25 dGH),Omnivore (veg-leaning),Groups,3-5 years,,"Coral Red Platy is a hardy, peaceful livebearer that does best in hard, alkaline water with plenty of vegetable matter in its diet. An easy, active community fish.","Hard, alkaline water keeps these livebearers healthiest (mollies especially). | Include algae/veg-based foods — blanched vegetables and spirulina. | Keep in groups; expect regular broods of live young.",aqa-micro-pellet-colour-enhancing,aqa-brineshrimp-flakes,Add algae/vegetable matter for this veg-leaning livebearer.,https://care.best4pets.in/fish/coral-red-platy,https://care.best4pets.in/fish/coral-red-platy/care/,https://best4pets.in/products/baloonredplaty,Coral Red Platy (Pair)
RA-FSH-0685,baloon-molly-mix,baloonmolly,Baloon Molly Mix,Molly/Platy/Swordtail,Poeciliidae,Central America (livebearer),Beginner,Peaceful,Middle,75-115 L,2-5 in (5-13 cm),22-28°C,7.0-8.2,Medium-Hard (10-25 dGH),Omnivore (veg-leaning),Groups,3-5 years,,"Baloon Molly Mix is a hardy, peaceful livebearer that does best in hard, alkaline water with plenty of vegetable matter in its diet. An easy, active community fish.","Hard, alkaline water keeps these livebearers healthiest (mollies especially). | Include algae/veg-based foods — blanched vegetables and spirulina. | Keep in groups; expect regular broods of live young.",aqa-micro-pellet-colour-enhancing,aqa-brineshrimp-flakes,Add algae/vegetable matter for this veg-leaning livebearer.,https://care.best4pets.in/fish/baloon-molly-mix,https://care.best4pets.in/fish/baloon-molly-mix/care/,https://best4pets.in/products/baloonmolly,Baloon Molly Mix Large (Pair)
RA-FSH-0686,silver-shark,silvershark,Silver Shark,Shark (cyprinid),Cyprinidae,Southeast Asia,Intermediate,Territorial,All levels,200 L,5-6 in (13-15 cm),22-26°C,6.5-7.5,Soft-Medium (5-15 dGH),Omnivore,Single (bala shark: groups),8-10 years,3 in,Silver Shark is an active 'shark' cyprinid. Red-tail and rainbow sharks are territorial and best kept singly; bala 'sharks' are peaceful but grow large and need a group and a big tank.,Red-tail / rainbow sharks: keep one per tank — they chase their own kind. | Bala sharks are gentle but reach ~30 cm and need a group + very large tank. | Provide a long tank with territory and hiding spots.,aqa-micro-pellet-colour-enhancing,aqa-brineshrimp-flakes,,https://care.best4pets.in/fish/silver-shark,https://care.best4pets.in/fish/silver-shark/care/,https://best4pets.in/products/silvershark,Silver Shark 3inch (Pair)
RA-FSH-0687,albino-rainbow-shark,albinorainbowshark,Albino Rainbow Shark,Rainbowfish,Melanotaeniidae,Australia / New Guinea,Beginner-Intermediate,Territorial,Middle-Top,115 L,5-6 in (13-15 cm),23-28°C,7.0-8.0,Medium-Hard (8-20 dGH),Omnivore,Single,5-8 years,3 in,"Albino Rainbow Shark is an active, peaceful schooling fish whose colours intensify with age and in a group. It prefers neutral-to-hard water and plenty of open swimming space.","Keep 6+ — colour and confidence build in a shoal (and with mature males). | Neutral to slightly alkaline, harder water suits them well. | Give long open swimming lanes; they're fast, active swimmers.",aqa-micro-pellet-colour-enhancing,aqa-brineshrimp-flakes,,https://care.best4pets.in/fish/albino-rainbow-shark,https://care.best4pets.in/fish/albino-rainbow-shark/care/,https://best4pets.in/products/albinorainbowshark,Albino Rainbow Shark 3inch (Pair)
RA-FSH-0688,baloon-red-eye-tetra,baloonredeyetetra,Baloon Red Eye Tetra,Tetra/Characin,Characidae,South America,Beginner,Peaceful,Middle,75 L,1.5-2.5 in (4-6 cm),22-27°C,5.5-7.5,Soft-Medium (2-15 dGH),Omnivore,Shoal of 6 or more,3-5 years,,"Baloon Red Eye Tetra is a small, active schooling characin that shows its best colour and behaviour in a group. Peaceful and undemanding, it's ideal for planted community aquariums.","Keep in a shoal of at least 6 — lone specimens are shy and washed-out. | Offer a varied diet of quality micro-pellets, flakes and frozen foods. | Best in a planted tank with open swimming space and gentle flow.",aqa-micro-pellet-colour-enhancing,aqa-brineshrimp-flakes,,https://care.best4pets.in/fish/baloon-red-eye-tetra,https://care.best4pets.in/fish/baloon-red-eye-tetra/care/,https://best4pets.in/products/baloonredeyetetra,Baloon Red Eye Tetra (Pair)
RA-FSH-0689,bronze-cory,bronzecory,Bronze Cory,Corydoras,Callichthyidae,South America,Beginner,Peaceful,Bottom,75 L,1-3 in (2.5-8 cm),22-26°C,6.0-7.5,Soft-Medium (2-15 dGH),Omnivore (bottom),Shoal of 6 or more,5-8 years,,"Bronze Cory is a peaceful, sociable bottom-dwelling catfish that shoals and constantly forages. A superb, hardy community cleanup fish that's happiest in a group.",Use smooth sand or rounded gravel to protect their delicate barbels. | Keep 6+ together — Corydoras are highly social and stressed when alone. | Feed sinking foods; don't assume they'll survive on leftovers alone.,aqa-micro-pellet-economy,aqa-brineshrimp-flakes,Use a sinking pellet so this bottom-feeder gets its share.,https://care.best4pets.in/fish/bronze-cory,https://care.best4pets.in/fish/bronze-cory/care/,https://best4pets.in/products/bronzecory,Bronze Cory (Pair)
RA-FSH-0690,sawba-rasbora,sawbarasbora,Sawba Rasbora,Rasbora,Cyprinidae,Southeast Asia,Beginner,Peaceful,Middle,40-75 L,0.75-2 in (2-5 cm),23-27°C,5.5-7.0,Soft-Medium (2-12 dGH),Omnivore,Shoal of 8 or more,3-5 years,,Sawba Rasbora is a peaceful nano cyprinid that shoals tightly and suits planted and nano aquascapes. Its small size and calm nature make it a community favourite.,"Keep 8+ together for a confident, colourful shoal. | Soft, slightly acidic water and planted cover bring out the best colour. | Feed small foods — micro-pellets, crushed flake and frozen daphnia/cyclops.",aqa-micro-pellet-colour-enhancing,aqa-brineshrimp-flakes,,https://care.best4pets.in/fish/sawba-rasbora,https://care.best4pets.in/fish/sawba-rasbora/care/,https://best4pets.in/products/sawbarasbora,Sawba Rasbora (Pair)
RA-FSH-0691,red-rainbow,redrainbow,Red Rainbow,Rainbowfish,Melanotaeniidae,Australia / New Guinea,Beginner-Intermediate,Peaceful,Middle-Top,115 L,2-5 in (5-13 cm),23-28°C,7.0-8.0,Medium-Hard (8-20 dGH),Omnivore,Shoal of 6 or more,5-8 years,2.5 in,"Red Rainbow is an active, peaceful schooling fish whose colours intensify with age and in a group. It prefers neutral-to-hard water and plenty of open swimming space.","Keep 6+ — colour and confidence build in a shoal (and with mature males). | Neutral to slightly alkaline, harder water suits them well. | Give long open swimming lanes; they're fast, active swimmers.",aqa-micro-pellet-colour-enhancing,aqa-brineshrimp-flakes,,https://care.best4pets.in/fish/red-rainbow,https://care.best4pets.in/fish/red-rainbow/care/,https://best4pets.in/products/redrainbow,"Red Rainbow 2.5""+ (Pair)"
RA-FSH-0692,black-mountain-minnow,mountainminnow,Black Mountain Minnow,Danio/Minnow,Cyprinidae,Asia,Beginner,Peaceful,Top-Middle,75 L,1-2.5 in (2.5-6 cm),18-25°C,6.5-7.5,Soft-Medium (5-15 dGH),Omnivore,Shoal of 6 or more,3-5 years,,"Black Mountain Minnow is a hardy, extremely active schooling fish that tolerates cooler water than most tropicals. A great, forgiving choice for community and coldwater-leaning tanks.",Keep a tight-fitting lid — these are energetic jumpers. | Happiest in a shoal of 6+ with long open swimming lanes. | Tolerates cooler room-temperature water; avoid overheating.,aqa-micro-pellet-colour-enhancing,aqa-brineshrimp-flakes,,https://care.best4pets.in/fish/black-mountain-minnow,https://care.best4pets.in/fish/black-mountain-minnow/care/,https://best4pets.in/products/mountainminnow,Black Mountain Minnow (Pair)
RA-FSH-0693,white-fin-tetra,whitefintetra,White Fin Tetra,Tetra/Characin,Characidae,South America,Beginner,Peaceful,Middle,75 L,1.5-2.5 in (4-6 cm),22-27°C,5.5-7.5,Soft-Medium (2-15 dGH),Omnivore,Shoal of 6 or more,3-5 years,,"White Fin Tetra is a small, active schooling characin that shows its best colour and behaviour in a group. Peaceful and undemanding, it's ideal for planted community aquariums.","Keep in a shoal of at least 6 — lone specimens are shy and washed-out. | Offer a varied diet of quality micro-pellets, flakes and frozen foods. | Best in a planted tank with open swimming space and gentle flow.",aqa-micro-pellet-colour-enhancing,aqa-brineshrimp-flakes,,https://care.best4pets.in/fish/white-fin-tetra,https://care.best4pets.in/fish/white-fin-tetra/care/,https://best4pets.in/products/whitefintetra,White Fin Tetra (Pair)
RA-FSH-0694,silver-tip-tetra,silvertiptetra,Silver Tip Tetra,Tetra/Characin,Characidae,South America,Beginner,Peaceful,Middle,75 L,1.5-2.5 in (4-6 cm),22-27°C,5.5-7.5,Soft-Medium (2-15 dGH),Omnivore,Shoal of 6 or more,3-5 years,,"Silver Tip Tetra is a small, active schooling characin that shows its best colour and behaviour in a group. Peaceful and undemanding, it's ideal for planted community aquariums.","Keep in a shoal of at least 6 — lone specimens are shy and washed-out. | Offer a varied diet of quality micro-pellets, flakes and frozen foods. | Best in a planted tank with open swimming space and gentle flow.",aqa-micro-pellet-colour-enhancing,aqa-brineshrimp-flakes,,https://care.best4pets.in/fish/silver-tip-tetra,https://care.best4pets.in/fish/silver-tip-tetra/care/,https://best4pets.in/products/silvertiptetra,Silver Tip Tetra (Pair)
RA-FSH-0695,neon-tetra-2,neontetra,Neon Tetra,Tetra/Characin,Characidae,South America,Beginner,Peaceful,Middle,75 L,1.5-2.5 in (4-6 cm),22-27°C,5.5-7.5,Soft-Medium (2-15 dGH),Omnivore,Shoal of 6 or more,3-5 years,,"Neon Tetra is a small, active schooling characin that shows its best colour and behaviour in a group. Peaceful and undemanding, it's ideal for planted community aquariums.","Keep in a shoal of at least 6 — lone specimens are shy and washed-out. | Offer a varied diet of quality micro-pellets, flakes and frozen foods. | Best in a planted tank with open swimming space and gentle flow.",aqa-micro-pellet-colour-enhancing,aqa-brineshrimp-flakes,,https://care.best4pets.in/fish/neon-tetra-2,https://care.best4pets.in/fish/neon-tetra-2/care/,https://best4pets.in/products/neontetra,Neon Tetra (Pair)
RA-FSH-0696,neon-rainbow,neonrainbow,Neon Rainbow,Rainbowfish,Melanotaeniidae,Australia / New Guinea,Beginner-Intermediate,Peaceful,Middle-Top,115 L,2-5 in (5-13 cm),23-28°C,7.0-8.0,Medium-Hard (8-20 dGH),Omnivore,Shoal of 6 or more,5-8 years,,"Neon Rainbow is an active, peaceful schooling fish whose colours intensify with age and in a group. It prefers neutral-to-hard water and plenty of open swimming space.","Keep 6+ — colour and confidence build in a shoal (and with mature males). | Neutral to slightly alkaline, harder water suits them well. | Give long open swimming lanes; they're fast, active swimmers.",aqa-micro-pellet-colour-enhancing,aqa-brineshrimp-flakes,,https://care.best4pets.in/fish/neon-rainbow,https://care.best4pets.in/fish/neon-rainbow/care/,https://best4pets.in/products/neonrainbow,Neon Rainbow Small (Pair)
RA-FSH-0697,blue-ramirezi-veil-tail,blueramirezixl,Blue Ramirezi Veil Tail,Goldfish,Cyprinidae (coldwater),Selectively bred (China),Beginner-Intermediate,Peaceful,All levels,75-115 L per fish,6-8 in fancy (15-20 cm),18-24°C,7.0-8.4,Medium-Hard (8-20 dGH),Omnivore,Groups,10-15+ years,,"Blue Ramirezi Veil Tail is a hardy coldwater fish that needs no heater but produces a heavy bioload, so strong filtration and space are essential. A long-lived, personable pet.",Coldwater fish — no heater needed; keep below ~24°C. | Big bioload: over-filter and do generous water changes. | Feed sinking foods to fancy types to reduce swim-bladder/buoyancy issues.,aqa-micro-pellet-economy,,Feed a sinking staple plus vegetable matter; avoid overfeeding.,https://care.best4pets.in/fish/blue-ramirezi-veil-tail,https://care.best4pets.in/fish/blue-ramirezi-veil-tail/care/,https://best4pets.in/products/blueramirezixl,Blue Ramirezi XL Veil Tail
RA-FSH-0698,albino-pristella-tetra,albinopristellatetra,Albino Pristella Tetra,Tetra/Characin,Characidae,South America,Beginner,Peaceful,Middle,75 L,1.5-2.5 in (4-6 cm),22-27°C,5.5-7.5,Soft-Medium (2-15 dGH),Omnivore,Shoal of 6 or more,3-5 years,,"Albino Pristella Tetra is a small, active schooling characin that shows its best colour and behaviour in a group. Peaceful and undemanding, it's ideal for planted community aquariums.","Keep in a shoal of at least 6 — lone specimens are shy and washed-out. | Offer a varied diet of quality micro-pellets, flakes and frozen foods. | Best in a planted tank with open swimming space and gentle flow.",aqa-micro-pellet-colour-enhancing,aqa-brineshrimp-flakes,,https://care.best4pets.in/fish/albino-pristella-tetra,https://care.best4pets.in/fish/albino-pristella-tetra/care/,https://best4pets.in/products/albinopristellatetra,Albino Pristella Tetra (Pair)
RA-FSH-0699,glass-bloodfin-tetra-l,glassbloodfin,Glass Bloodfin Tetra L,Tetra/Characin,Characidae,South America,Beginner,Peaceful,Middle,75 L,1.5-2.5 in (4-6 cm),22-27°C,5.5-7.5,Soft-Medium (2-15 dGH),Omnivore,Shoal of 6 or more,3-5 years,,"Glass Bloodfin Tetra L is a small, active schooling characin that shows its best colour and behaviour in a group. Peaceful and undemanding, it's ideal for planted community aquariums.","Keep in a shoal of at least 6 — lone specimens are shy and washed-out. | Offer a varied diet of quality micro-pellets, flakes and frozen foods. | Best in a planted tank with open swimming space and gentle flow.",aqa-micro-pellet-colour-enhancing,aqa-brineshrimp-flakes,,https://care.best4pets.in/fish/glass-bloodfin-tetra-l,https://care.best4pets.in/fish/glass-bloodfin-tetra-l/care/,https://best4pets.in/products/glassbloodfin,Glass Bloodfin Tetra L (Pair)
RA-FSH-0700,columbian-tetra,columbiantetralarge,Columbian Tetra,Tetra/Characin,Characidae,South America,Beginner,Peaceful,Middle,75 L,1.5-2.5 in (4-6 cm),22-27°C,5.5-7.5,Soft-Medium (2-15 dGH),Omnivore,Shoal of 6 or more,3-5 years,,"Columbian Tetra is a small, active schooling characin that shows its best colour and behaviour in a group. Peaceful and undemanding, it's ideal for planted community aquariums.","Keep in a shoal of at least 6 — lone specimens are shy and washed-out. | Offer a varied diet of quality micro-pellets, flakes and frozen foods. | Best in a planted tank with open swimming space and gentle flow.",aqa-micro-pellet-colour-enhancing,aqa-brineshrimp-flakes,,https://care.best4pets.in/fish/columbian-tetra,https://care.best4pets.in/fish/columbian-tetra/care/,https://best4pets.in/products/columbiantetralarge,Columbian Tetra (Pair)
RA-FSH-0701,boesemani-rainbow-3,boesemanirainbow,Boesemani Rainbow,Rainbowfish,Melanotaeniidae,Australia / New Guinea,Beginner-Intermediate,Peaceful,Middle-Top,115 L,2-5 in (5-13 cm),23-28°C,7.0-8.0,Medium-Hard (8-20 dGH),Omnivore,Shoal of 6 or more,5-8 years,1.25 in,"Boesemani Rainbow is an active, peaceful schooling fish whose colours intensify with age and in a group. It prefers neutral-to-hard water and plenty of open swimming space.","Keep 6+ — colour and confidence build in a shoal (and with mature males). | Neutral to slightly alkaline, harder water suits them well. | Give long open swimming lanes; they're fast, active swimmers.",aqa-micro-pellet-colour-enhancing,aqa-brineshrimp-flakes,,https://care.best4pets.in/fish/boesemani-rainbow-3,https://care.best4pets.in/fish/boesemani-rainbow-3/care/,https://best4pets.in/products/boesemanirainbow,Boesemani Rainbow 1.25inch
RA-FSH-0702,black-phantom-tetra,blackphantom,Black Phantom Tetra,Tetra/Characin,Characidae,South America,Beginner,Peaceful,Middle,75 L,1.5-2.5 in (4-6 cm),22-27°C,5.5-7.5,Soft-Medium (2-15 dGH),Omnivore,Shoal of 6 or more,3-5 years,,"Black Phantom Tetra is a small, active schooling characin that shows its best colour and behaviour in a group. Peaceful and undemanding, it's ideal for planted community aquariums.","Keep in a shoal of at least 6 — lone specimens are shy and washed-out. | Offer a varied diet of quality micro-pellets, flakes and frozen foods. | Best in a planted tank with open swimming space and gentle flow.",aqa-micro-pellet-colour-enhancing,aqa-brineshrimp-flakes,,https://care.best4pets.in/fish/black-phantom-tetra,https://care.best4pets.in/fish/black-phantom-tetra/care/,https://best4pets.in/products/blackphantom,Black Phantom Tetra (Pair)
RA-FSH-0703,australian-rainbow,australianrainbow,Australian Rainbow,Rainbowfish,Melanotaeniidae,Australia / New Guinea,Beginner-Intermediate,Peaceful,Middle-Top,115 L,2-5 in (5-13 cm),23-28°C,7.0-8.0,Medium-Hard (8-20 dGH),Omnivore,Shoal of 6 or more,5-8 years,,"Australian Rainbow is an active, peaceful schooling fish whose colours intensify with age and in a group. It prefers neutral-to-hard water and plenty of open swimming space.","Keep 6+ — colour and confidence build in a shoal (and with mature males). | Neutral to slightly alkaline, harder water suits them well. | Give long open swimming lanes; they're fast, active swimmers.",aqa-micro-pellet-colour-enhancing,aqa-brineshrimp-flakes,,https://care.best4pets.in/fish/australian-rainbow,https://care.best4pets.in/fish/australian-rainbow/care/,https://best4pets.in/products/australianrainbow,Australian Rainbow (Pair)
RA-FSH-0704,filament-barb,puntiusfilamentbarb,Filament Barb,Barb,Cyprinidae,Asia,Beginner-Intermediate,Semi-aggressive,Middle,115 L,2-3 in (5-8 cm),22-26°C,6.0-7.5,Soft-Medium (4-15 dGH),Omnivore,Shoal of 6 or more,5 years,2.5-3 in,"Filament Barb is an active, hardy barb. Kept in good numbers it's a lively community fish, but small groups can turn nippy toward long-finned tankmates.","Keep a shoal of 6+ to spread out natural nipping behaviour. | Avoid slow, long-finned tankmates (e.g. bettas, angelfish, guppies). | Provide open swimming space for this fast, energetic fish.",aqa-micro-pellet-colour-enhancing,aqa-brineshrimp-flakes,,https://care.best4pets.in/fish/filament-barb,https://care.best4pets.in/fish/filament-barb/care/,https://best4pets.in/products/puntiusfilamentbarb,"Filament Barb 2.5-3"""
RA-FSH-0705,albino-tiger-barb,albinotigerbarb,Albino Tiger Barb,Barb,Cyprinidae,Asia,Beginner-Intermediate,Semi-aggressive,Middle,115 L,2-3 in (5-8 cm),22-26°C,6.0-7.5,Soft-Medium (4-15 dGH),Omnivore,Shoal of 6 or more,5 years,,"Albino Tiger Barb is an active, hardy barb. Kept in good numbers it's a lively community fish, but small groups can turn nippy toward long-finned tankmates.","Keep a shoal of 6+ to spread out natural nipping behaviour. | Avoid slow, long-finned tankmates (e.g. bettas, angelfish, guppies). | Provide open swimming space for this fast, energetic fish.",aqa-micro-pellet-colour-enhancing,aqa-brineshrimp-flakes,,https://care.best4pets.in/fish/albino-tiger-barb,https://care.best4pets.in/fish/albino-tiger-barb/care/,https://best4pets.in/products/albinotigerbarb,Albino Tiger Barb
RA-FSH-0706,red-white-ryukin-2,redwhiteryukin,Red White Ryukin,Goldfish,Cyprinidae (coldwater),Selectively bred (China),Beginner-Intermediate,Peaceful,All levels,75-115 L per fish,6-8 in fancy (15-20 cm),18-24°C,7.0-8.4,Medium-Hard (8-20 dGH),Omnivore,Groups,10-15+ years,3 in,"Red White Ryukin is a hardy coldwater fish that needs no heater but produces a heavy bioload, so strong filtration and space are essential. A long-lived, personable pet.",Coldwater fish — no heater needed; keep below ~24°C. | Big bioload: over-filter and do generous water changes. | Feed sinking foods to fancy types to reduce swim-bladder/buoyancy issues.,aqa-micro-pellet-economy,,Feed a sinking staple plus vegetable matter; avoid overfeeding.,https://care.best4pets.in/fish/red-white-ryukin-2,https://care.best4pets.in/fish/red-white-ryukin-2/care/,https://best4pets.in/products/redwhiteryukin,"Red White Ryukin 3"" (Pair)"
RA-FSH-0707,calico-ryukin-big,calicogoldmediumlarge,Calico Ryukin Big,Goldfish,Cyprinidae (coldwater),Selectively bred (China),Beginner-Intermediate,Peaceful,All levels,75-115 L per fish,6-8 in fancy (15-20 cm),18-24°C,7.0-8.4,Medium-Hard (8-20 dGH),Omnivore,Groups,10-15+ years,,"Calico Ryukin Big is a hardy coldwater fish that needs no heater but produces a heavy bioload, so strong filtration and space are essential. A long-lived, personable pet.",Coldwater fish — no heater needed; keep below ~24°C. | Big bioload: over-filter and do generous water changes. | Feed sinking foods to fancy types to reduce swim-bladder/buoyancy issues.,aqa-micro-pellet-economy,,Feed a sinking staple plus vegetable matter; avoid overfeeding.,https://care.best4pets.in/fish/calico-ryukin-big,https://care.best4pets.in/fish/calico-ryukin-big/care/,https://best4pets.in/products/calicogoldmediumlarge,Calico Ryukin Big
RA-FSH-0708,calico-telescope-eye-goldfish,calicogoldmedium,Calico Telescope Eye Goldfish,Goldfish,Cyprinidae (coldwater),Selectively bred (China),Beginner-Intermediate,Peaceful,All levels,75-115 L per fish,6-8 in fancy (15-20 cm),18-24°C,7.0-8.4,Medium-Hard (8-20 dGH),Omnivore,Groups,10-15+ years,2.5 in,"Calico Telescope Eye Goldfish is a hardy coldwater fish that needs no heater but produces a heavy bioload, so strong filtration and space are essential. A long-lived, personable pet.",Coldwater fish — no heater needed; keep below ~24°C. | Big bioload: over-filter and do generous water changes. | Feed sinking foods to fancy types to reduce swim-bladder/buoyancy issues.,aqa-micro-pellet-economy,,Feed a sinking staple plus vegetable matter; avoid overfeeding.,https://care.best4pets.in/fish/calico-telescope-eye-goldfish,https://care.best4pets.in/fish/calico-telescope-eye-goldfish/care/,https://best4pets.in/products/calicogoldmedium,"Calico Telescope Eye Goldfish 2.5"""
RA-FSH-0709,red-white-red-ranchu-gold-mix,redwhiteranchugold,Red White & Red Ranchu Gold Mix,Goldfish,Cyprinidae (coldwater),Selectively bred (China),Beginner-Intermediate,Peaceful,All levels,75-115 L per fish,6-8 in fancy (15-20 cm),18-24°C,7.0-8.4,Medium-Hard (8-20 dGH),Omnivore,Groups,10-15+ years,1.5 in,"Red White & Red Ranchu Gold Mix is a hardy coldwater fish that needs no heater but produces a heavy bioload, so strong filtration and space are essential. A long-lived, personable pet.",Coldwater fish — no heater needed; keep below ~24°C. | Big bioload: over-filter and do generous water changes. | Feed sinking foods to fancy types to reduce swim-bladder/buoyancy issues.,aqa-micro-pellet-economy,,Feed a sinking staple plus vegetable matter; avoid overfeeding.,https://care.best4pets.in/fish/red-white-red-ranchu-gold-mix,https://care.best4pets.in/fish/red-white-red-ranchu-gold-mix/care/,https://best4pets.in/products/redwhiteranchugold,Red White & Red Ranchu Gold Mix 1.5inch (A Grade Imports)
RA-FSH-0710,oranda-goldfish,orandagoldmediumlarge,Oranda Goldfish,Goldfish,Cyprinidae (coldwater),Selectively bred (China),Beginner-Intermediate,Peaceful,All levels,75-115 L per fish,6-8 in fancy (15-20 cm),18-24°C,7.0-8.4,Medium-Hard (8-20 dGH),Omnivore,Groups,10-15+ years,,"Oranda Goldfish is a hardy coldwater fish that needs no heater but produces a heavy bioload, so strong filtration and space are essential. A long-lived, personable pet.",Coldwater fish — no heater needed; keep below ~24°C. | Big bioload: over-filter and do generous water changes. | Feed sinking foods to fancy types to reduce swim-bladder/buoyancy issues.,aqa-micro-pellet-economy,,Feed a sinking staple plus vegetable matter; avoid overfeeding.,https://care.best4pets.in/fish/oranda-goldfish,https://care.best4pets.in/fish/oranda-goldfish/care/,https://best4pets.in/products/orandagoldmediumlarge,Oranda Goldfish Medium (Pair)
RA-FSH-0711,clown-loach-2,clownloach2,Clown Loach,Loach,Cobitidae / Botiidae,Asia,Beginner-Intermediate,Peaceful (with care),Bottom,280 L,10-12 in (25-30 cm),24-28°C,6.0-7.5,Soft-Medium (3-15 dGH),Omnivore,Groups of 5+,10-15 years,3 in,Clown Loach is a social bottom-dwelling loach that does best in groups and appreciates smooth substrate and hiding spots. Some stay small; clown loaches grow large and long-lived.,Keep in groups of 5+ — loaches are social and pine when kept singly. | Use smooth substrate and provide caves/tunnels for security. | Many relish snails; confirm adult size (clown loach reaches ~30 cm).,aqa-micro-pellet-economy,aqa-brineshrimp-flakes,Use a sinking food; many also relish snails.,https://care.best4pets.in/fish/clown-loach-2,https://care.best4pets.in/fish/clown-loach-2/care/,https://best4pets.in/products/clownloach2,Clown Loach 3inch
RA-FSH-0712,baloon-blue-ramirezi,baloonblueramirezi,Baloon Blue Ramirezi,Dwarf Cichlid (Apisto/Ram),Cichlidae,South America,Intermediate,Peaceful (with care),Bottom-Middle,75-115 L,2-3.5 in (5-9 cm),26-29°C,5.5-7.0,Soft (2-10 dGH),Carnivore/Omnivore,Pairs,2-4 years,,"Baloon Blue Ramirezi is a colourful dwarf cichlid best kept as a pair in warm, soft water with caves and territory. Peaceful in a community, but defends a small breeding territory.","Warm, soft, slightly acidic water suits dwarf cichlids best. | Provide caves and broken sight-lines so a pair can hold territory. | Rams (Mikrogeophagus) want the warm end (28-30°C) and stable water.",aqa-cichlid-colour-enhancer,aqa-brineshrimp-flakes,,https://care.best4pets.in/fish/baloon-blue-ramirezi,https://care.best4pets.in/fish/baloon-blue-ramirezi/care/,https://best4pets.in/products/baloonblueramirezi,Baloon Blue Ramirezi  (Pair)
RA-FSH-0713,baloon-electric-blue-ramirezi,baloongoldenramirezi,Baloon Electric Blue Ramirezi,Dwarf Cichlid (Apisto/Ram),Cichlidae,South America,Intermediate-Advanced,Peaceful (with care),Bottom-Middle,75-115 L,2-3.5 in (5-9 cm),28-30°C,5.5-7.0,Soft (2-10 dGH),Carnivore/Omnivore,Pairs,2-4 years,,"Baloon Electric Blue Ramirezi is a colourful dwarf cichlid best kept as a pair in warm, soft water with caves and territory. Peaceful in a community, but defends a small breeding territory.","Warm, soft, slightly acidic water suits dwarf cichlids best. | Provide caves and broken sight-lines so a pair can hold territory. | Rams (Mikrogeophagus) want the warm end (28-30°C) and stable water.",aqa-cichlid-colour-enhancer,aqa-brineshrimp-flakes,,https://care.best4pets.in/fish/baloon-electric-blue-ramirezi,https://care.best4pets.in/fish/baloon-electric-blue-ramirezi/care/,https://best4pets.in/products/baloongoldenramirezi,Baloon Electric Blue Ramirezi (Pair)
RA-FSH-0714,german-blue-ramirezi-2,blueramirezi,German Blue Ramirezi,Dwarf Cichlid (Apisto/Ram),Cichlidae,South America,Intermediate-Advanced,Peaceful (with care),Bottom-Middle,75-115 L,2-3.5 in (5-9 cm),28-30°C,5.5-7.0,Soft (2-10 dGH),Carnivore/Omnivore,Pairs,2-4 years,,"German Blue Ramirezi is a colourful dwarf cichlid best kept as a pair in warm, soft water with caves and territory. Peaceful in a community, but defends a small breeding territory.","Warm, soft, slightly acidic water suits dwarf cichlids best. | Provide caves and broken sight-lines so a pair can hold territory. | Rams (Mikrogeophagus) want the warm end (28-30°C) and stable water.",aqa-cichlid-colour-enhancer,aqa-brineshrimp-flakes,,https://care.best4pets.in/fish/german-blue-ramirezi-2,https://care.best4pets.in/fish/german-blue-ramirezi-2/care/,https://best4pets.in/products/blueramirezi,German Blue Ramirezi (Pair)
RA-FSH-0715,golden-ramirezi,goldenramirezi,Golden Ramirezi,Dwarf Cichlid (Apisto/Ram),Cichlidae,South America,Intermediate,Peaceful (with care),Bottom-Middle,75-115 L,2-3.5 in (5-9 cm),26-29°C,5.5-7.0,Soft (2-10 dGH),Carnivore/Omnivore,Pairs,2-4 years,,"Golden Ramirezi is a colourful dwarf cichlid best kept as a pair in warm, soft water with caves and territory. Peaceful in a community, but defends a small breeding territory.","Warm, soft, slightly acidic water suits dwarf cichlids best. | Provide caves and broken sight-lines so a pair can hold territory. | Rams (Mikrogeophagus) want the warm end (28-30°C) and stable water.",aqa-cichlid-colour-enhancer,aqa-brineshrimp-flakes,,https://care.best4pets.in/fish/golden-ramirezi,https://care.best4pets.in/fish/golden-ramirezi/care/,https://best4pets.in/products/goldenramirezi,Golden Ramirezi (Pair)
RA-FSH-0716,electric-blue-ramirezi-2,electricblueramirezi,Electric Blue Ramirezi,Dwarf Cichlid (Apisto/Ram),Cichlidae,South America,Intermediate-Advanced,Peaceful (with care),Bottom-Middle,75-115 L,2-3.5 in (5-9 cm),28-30°C,5.5-7.0,Soft (2-10 dGH),Carnivore/Omnivore,Pairs,2-4 years,,"Electric Blue Ramirezi is a colourful dwarf cichlid best kept as a pair in warm, soft water with caves and territory. Peaceful in a community, but defends a small breeding territory.","Warm, soft, slightly acidic water suits dwarf cichlids best. | Provide caves and broken sight-lines so a pair can hold territory. | Rams (Mikrogeophagus) want the warm end (28-30°C) and stable water.",aqa-cichlid-colour-enhancer,aqa-brineshrimp-flakes,,https://care.best4pets.in/fish/electric-blue-ramirezi-2,https://care.best4pets.in/fish/electric-blue-ramirezi-2/care/,https://best4pets.in/products/electricblueramirezi,Electric Blue Ramirezi (Pair)
RA-FSH-0717,oranda-gold-fish,xlorandagoldfishimport,Oranda Gold fish,Goldfish,Cyprinidae (coldwater),Selectively bred (China),Beginner-Intermediate,Peaceful,All levels,75-115 L per fish,6-8 in fancy (15-20 cm),18-24°C,7.0-8.4,Medium-Hard (8-20 dGH),Omnivore,Groups,10-15+ years,4-5 in,"Oranda Gold fish is a hardy coldwater fish that needs no heater but produces a heavy bioload, so strong filtration and space are essential. A long-lived, personable pet.",Coldwater fish — no heater needed; keep below ~24°C. | Big bioload: over-filter and do generous water changes. | Feed sinking foods to fancy types to reduce swim-bladder/buoyancy issues.,aqa-micro-pellet-economy,,Feed a sinking staple plus vegetable matter; avoid overfeeding.,https://care.best4pets.in/fish/oranda-gold-fish,https://care.best4pets.in/fish/oranda-gold-fish/care/,https://best4pets.in/products/xlorandagoldfishimport,"Oranda Gold fish Large, 4-5 inch (Pair)"
RA-FSH-0718,gymnothorax-tile-freshwater-moray-eel,moreyeel,"Gymnothorax tile, Freshwater Moray Eel",Oddball/Predator,Various,Varies,Intermediate-Advanced,Aggressive,All levels,280-1140+ L (species-dependent),6-48 in — varies hugely by species,24-28°C,6.5-7.5,Soft-Medium (5-15 dGH),Carnivore,Solitary or species-dependent,10-20 years,,"Gymnothorax tile, Freshwater Moray Eel is a specialist 'oddball' predator (such as bichirs, arowana, gar, knifefish or eels). Most grow large and hunt, so the exact species dictates tank size and tankmates.","Use a tight, weighted lid — most oddball predators jump or climb. | Predatory: never house with fish small enough to be swallowed. | Research the exact species — many outgrow standard aquariums dramatically.",aqa-brineshrimp-flakes,,Predatory — feed meaty foods sized to the fish; large species need large prey items.,https://care.best4pets.in/fish/gymnothorax-tile-freshwater-moray-eel,https://care.best4pets.in/fish/gymnothorax-tile-freshwater-moray-eel/care/,https://best4pets.in/products/moreyeel,"Gymnothorax tile, 'Freshwater' Moray Eel"
RA-FSH-0719,veil-tail-serpae-tetra,veiltailserpaetetralarge,Veil Tail Serpae Tetra,Goldfish,Cyprinidae (coldwater),Selectively bred (China),Beginner-Intermediate,Peaceful,All levels,75-115 L per fish,6-8 in fancy (15-20 cm),18-24°C,7.0-8.4,Medium-Hard (8-20 dGH),Omnivore,Groups,10-15+ years,,"Veil Tail Serpae Tetra is a hardy coldwater fish that needs no heater but produces a heavy bioload, so strong filtration and space are essential. A long-lived, personable pet.",Coldwater fish — no heater needed; keep below ~24°C. | Big bioload: over-filter and do generous water changes. | Feed sinking foods to fancy types to reduce swim-bladder/buoyancy issues.,aqa-micro-pellet-economy,,Feed a sinking staple plus vegetable matter; avoid overfeeding.,https://care.best4pets.in/fish/veil-tail-serpae-tetra,https://care.best4pets.in/fish/veil-tail-serpae-tetra/care/,https://best4pets.in/products/veiltailserpaetetralarge,Veil Tail Serpae Tetra (Pair)
RA-FSH-0720,albino-platinum-red-eye-guppy,albinoplatinumredeyeguppy,Albino Platinum Red Eye Guppy,Guppy/Endler,Poeciliidae,Central/South America (livebearer),Beginner,Peaceful,Top-Middle,40-75 L,1-2.5 in (2.5-6 cm),22-28°C,7.0-8.0,Medium-Hard (8-20 dGH),Omnivore,Groups (more females than males),2-3 years,,"Albino Platinum Red Eye Guppy is a colourful, hardy livebearer and one of the easiest fish in the hobby. It breeds readily and thrives in harder, alkaline water.","Prefers harder, alkaline water — avoid soft, acidic setups. | Keep 2-3 females per male to reduce harassment of females. | Breeds prolifically; provide plant cover for fry or expect a growing colony.",aqa-micro-pellet-colour-enhancing,aqa-brineshrimp-flakes,,https://care.best4pets.in/fish/albino-platinum-red-eye-guppy,https://care.best4pets.in/fish/albino-platinum-red-eye-guppy/care/,https://best4pets.in/products/albinoplatinumredeyeguppy,Albino Platinum Red Eye Guppy (Pairs)
RA-FSH-0721,platinum-red-tail-dumbo-ear-guppy,dumboearguppy,Platinum Red Tail Dumbo Ear Guppy,Betta,Osphronemidae,Southeast Asia,Beginner,Aggressive,Top-Middle,20 L,2.5-3 in (6-8 cm),24-28°C,6.0-7.5,Soft-Medium (2-15 dGH),Carnivore,Solitary (one male per tank),3-5 years,,"Platinum Red Tail Dumbo Ear Guppy is a labyrinth fish that breathes air from the surface. Males are beautiful but territorial and must be kept one to a tank; they prefer warm, still water.","One male per tank — males fight, sometimes to the death. | Warm, stable water and gentle flow (strong currents stress them). | Carnivore: feed betta pellets plus frozen bloodworms/brine shrimp.",aqa-micro-pellet-colour-enhancing,aqa-brineshrimp-flakes,,https://care.best4pets.in/fish/platinum-red-tail-dumbo-ear-guppy,https://care.best4pets.in/fish/platinum-red-tail-dumbo-ear-guppy/care/,https://best4pets.in/products/dumboearguppy,Platinum Red Tail Dumbo Ear Guppy (Pair)
RA-FSH-0722,stone-catfish,stonecatfish,Stone Catfish,Catfish (other),Siluriformes,Varies,Intermediate,Peaceful (with care),Bottom,150-475 L (species-dependent),3-24 in — varies by species,22-28°C,6.0-7.8,Soft-Medium (5-15 dGH),Omnivore/Carnivore,Species-dependent,8-15 years,,"Stone Catfish is a catfish whose needs depend heavily on species. Many are nocturnal and appreciate caves; some (e.g. Synodontis) stay moderate while others (shovelnose, redtail) grow very large.",Provide caves and shaded retreats — many catfish are nocturnal. | Confirm the species' adult size before buying; some grow far too large for home tanks. | Feed after lights-out with sinking foods to ensure they get enough.,aqa-micro-pellet-economy,aqa-brineshrimp-flakes,Feed after lights-out; larger/predatory species need meaty foods.,https://care.best4pets.in/fish/stone-catfish,https://care.best4pets.in/fish/stone-catfish/care/,https://best4pets.in/products/stonecatfish,Stone Catfish (Pair)
RA-FSH-0723,scar-diamond-angel-veil-tail-l,scardiamondangelxl,Scar Diamond Angel Veil Tail L,Goldfish,Cyprinidae (coldwater),Selectively bred (China),Beginner-Intermediate,Peaceful,All levels,75-115 L per fish,6-8 in fancy (15-20 cm),18-24°C,7.0-8.4,Medium-Hard (8-20 dGH),Omnivore,Groups,10-15+ years,,"Scar Diamond Angel Veil Tail L is a hardy coldwater fish that needs no heater but produces a heavy bioload, so strong filtration and space are essential. A long-lived, personable pet.",Coldwater fish — no heater needed; keep below ~24°C. | Big bioload: over-filter and do generous water changes. | Feed sinking foods to fancy types to reduce swim-bladder/buoyancy issues.,aqa-micro-pellet-economy,,Feed a sinking staple plus vegetable matter; avoid overfeeding.,https://care.best4pets.in/fish/scar-diamond-angel-veil-tail-l,https://care.best4pets.in/fish/scar-diamond-angel-veil-tail-l/care/,https://best4pets.in/products/scardiamondangelxl,Scar Diamond Angel Veil Tail L (Pair)
RA-FSH-0724,black-ruby-barb,blackrubybarb,Black Ruby Barb,Barb,Cyprinidae,Asia,Beginner-Intermediate,Semi-aggressive,Middle,115 L,2-3 in (5-8 cm),22-26°C,6.0-7.5,Soft-Medium (4-15 dGH),Omnivore,Shoal of 6 or more,5 years,,"Black Ruby Barb is an active, hardy barb. Kept in good numbers it's a lively community fish, but small groups can turn nippy toward long-finned tankmates.","Keep a shoal of 6+ to spread out natural nipping behaviour. | Avoid slow, long-finned tankmates (e.g. bettas, angelfish, guppies). | Provide open swimming space for this fast, energetic fish.",aqa-micro-pellet-colour-enhancing,aqa-brineshrimp-flakes,,https://care.best4pets.in/fish/black-ruby-barb,https://care.best4pets.in/fish/black-ruby-barb/care/,https://best4pets.in/products/blackrubybarb,Black Ruby Barb (Pair)
RA-FSH-0725,harlequin-rasbora,harlequin-rasbora,Harlequin Rasbora,Rasbora,Cyprinidae,Southeast Asia,Beginner,Peaceful,Middle,40-75 L,0.75-2 in (2-5 cm),23-27°C,5.5-7.0,Soft-Medium (2-12 dGH),Omnivore,Shoal of 8 or more,3-5 years,,Harlequin Rasbora is a peaceful nano cyprinid that shoals tightly and suits planted and nano aquascapes. Its small size and calm nature make it a community favourite.,"Keep 8+ together for a confident, colourful shoal. | Soft, slightly acidic water and planted cover bring out the best colour. | Feed small foods — micro-pellets, crushed flake and frozen daphnia/cyclops.",aqa-micro-pellet-colour-enhancing,aqa-brineshrimp-flakes,,https://care.best4pets.in/fish/harlequin-rasbora,https://care.best4pets.in/fish/harlequin-rasbora/care/,https://best4pets.in/products/harlequin-rasbora,Harlequin Rasbora (Pair)
RA-FSH-0726,mix-hi-fin-platy,hifinplaty,Mix Hi-Fin Platy,Molly/Platy/Swordtail,Poeciliidae,Central America (livebearer),Beginner,Peaceful,Middle,75-115 L,2-5 in (5-13 cm),22-28°C,7.0-8.2,Medium-Hard (10-25 dGH),Omnivore (veg-leaning),Groups,3-5 years,,"Mix Hi-Fin Platy is a hardy, peaceful livebearer that does best in hard, alkaline water with plenty of vegetable matter in its diet. An easy, active community fish.","Hard, alkaline water keeps these livebearers healthiest (mollies especially). | Include algae/veg-based foods — blanched vegetables and spirulina. | Keep in groups; expect regular broods of live young.",aqa-micro-pellet-colour-enhancing,aqa-brineshrimp-flakes,Add algae/vegetable matter for this veg-leaning livebearer.,https://care.best4pets.in/fish/mix-hi-fin-platy,https://care.best4pets.in/fish/mix-hi-fin-platy/care/,https://best4pets.in/products/hifinplaty,Mix Hi-Fin Platy (Pair)
RA-FSH-0727,albino-bristlenose,albinobristlenose,Albino Bristlenose,Pleco (L-number/Bristlenose),Loricariidae,South America,Beginner-Intermediate,Peaceful (with care),Bottom,115 L,4-5 in (10-13 cm),24-28°C,6.0-7.5,Soft-Medium (2-15 dGH),Omnivore,Solitary (can be territorial),10-15 years,1.5-2 in,"Albino Bristlenose is a loricariid catfish. Sizes range from a 12 cm bristlenose to an 45 cm+ common pleco, so confirm the species. Most graze biofilm and need driftwood and sinking foods.","Provide driftwood — many species rasp on wood as part of their diet. | Don't rely on tank algae alone; offer sinking wafers and vegetables (Hypancistrus are carnivores). | Confirm adult size before buying — bristlenose stay ~12 cm, common/sailfin plecos exceed 40 cm.",aqa-micro-pellet-economy,,"Supplement with algae wafers, vegetables and driftwood (Hypancistrus need meaty food).",https://care.best4pets.in/fish/albino-bristlenose,https://care.best4pets.in/fish/albino-bristlenose/care/,https://best4pets.in/products/albinobristlenose,Albino Bristlenose 1.5-2inch
RA-FSH-0728,red-mandarin-discus,redmandarindiscus3,Red Mandarin Discus,Discus,Cichlidae,"Amazon, South America",Advanced,Peaceful,Middle,200+ L (group),6-8 in (15-20 cm),28-31°C,5.5-7.0,Soft (1-8 dGH),Omnivore/Carnivore,Groups of 6+,10-15 years,3 in,"Red Mandarin Discus is the 'king of the aquarium' — a stunning but demanding cichlid needing very warm, soft, pristine water and a group for security. Best for experienced keepers.","Keep very warm (28-31°C) — warmer than most community fish. | Soft, acidic, spotless water with frequent large water changes. | Keep 6+ to reduce bullying; feed high-quality varied foods often.",aqa-cichlid-colour-enhancer,aqa-brineshrimp-flakes,Feed several small meals of high-protein food daily.,https://care.best4pets.in/fish/red-mandarin-discus,https://care.best4pets.in/fish/red-mandarin-discus/care/,https://best4pets.in/products/redmandarindiscus3,"Red Mandarin Discus 3"""
RA-FSH-0729,blue-diamond-discus-4,bluediamonddiscus3,Blue Diamond Discus 4,Discus,Cichlidae,"Amazon, South America",Advanced,Peaceful,Middle,200+ L (group),6-8 in (15-20 cm),28-31°C,5.5-7.0,Soft (1-8 dGH),Omnivore/Carnivore,Groups of 6+,10-15 years,,"Blue Diamond Discus 4 is the 'king of the aquarium' — a stunning but demanding cichlid needing very warm, soft, pristine water and a group for security. Best for experienced keepers.","Keep very warm (28-31°C) — warmer than most community fish. | Soft, acidic, spotless water with frequent large water changes. | Keep 6+ to reduce bullying; feed high-quality varied foods often.",aqa-cichlid-colour-enhancer,aqa-brineshrimp-flakes,Feed several small meals of high-protein food daily.,https://care.best4pets.in/fish/blue-diamond-discus-4,https://care.best4pets.in/fish/blue-diamond-discus-4/care/,https://best4pets.in/products/bluediamonddiscus3,Blue Diamond Discus 4”
RA-FSH-0730,lemon-yellow-discus-3,lemonyellowdiscus3,Lemon Yellow Discus 3,Discus,Cichlidae,"Amazon, South America",Advanced,Peaceful,Middle,200+ L (group),6-8 in (15-20 cm),28-31°C,5.5-7.0,Soft (1-8 dGH),Omnivore/Carnivore,Groups of 6+,10-15 years,,"Lemon Yellow Discus 3 is the 'king of the aquarium' — a stunning but demanding cichlid needing very warm, soft, pristine water and a group for security. Best for experienced keepers.","Keep very warm (28-31°C) — warmer than most community fish. | Soft, acidic, spotless water with frequent large water changes. | Keep 6+ to reduce bullying; feed high-quality varied foods often.",aqa-cichlid-colour-enhancer,aqa-brineshrimp-flakes,Feed several small meals of high-protein food daily.,https://care.best4pets.in/fish/lemon-yellow-discus-3,https://care.best4pets.in/fish/lemon-yellow-discus-3/care/,https://best4pets.in/products/lemonyellowdiscus3,Lemon Yellow Discus 3”
RA-FSH-0731,denisoni-barb,sahayadriadenisonibarblarge,Denisoni Barb,Barb,Cyprinidae,Asia,Beginner-Intermediate,Semi-aggressive,Middle,115 L,2-3 in (5-8 cm),22-26°C,6.0-7.5,Soft-Medium (4-15 dGH),Omnivore,Shoal of 6 or more,5 years,5 in,"Denisoni Barb is an active, hardy barb. Kept in good numbers it's a lively community fish, but small groups can turn nippy toward long-finned tankmates.","Keep a shoal of 6+ to spread out natural nipping behaviour. | Avoid slow, long-finned tankmates (e.g. bettas, angelfish, guppies). | Provide open swimming space for this fast, energetic fish.",aqa-micro-pellet-colour-enhancing,aqa-brineshrimp-flakes,,https://care.best4pets.in/fish/denisoni-barb,https://care.best4pets.in/fish/denisoni-barb/care/,https://best4pets.in/products/sahayadriadenisonibarblarge,Denisoni Barb 5inch
RA-FSH-0732,denisoni-barb-2,sahayadriadenisonibarbsmall,Denisoni Barb,Barb,Cyprinidae,Asia,Beginner-Intermediate,Semi-aggressive,Middle,115 L,2-3 in (5-8 cm),22-26°C,6.0-7.5,Soft-Medium (4-15 dGH),Omnivore,Shoal of 6 or more,5 years,2 in,"Denisoni Barb is an active, hardy barb. Kept in good numbers it's a lively community fish, but small groups can turn nippy toward long-finned tankmates.","Keep a shoal of 6+ to spread out natural nipping behaviour. | Avoid slow, long-finned tankmates (e.g. bettas, angelfish, guppies). | Provide open swimming space for this fast, energetic fish.",aqa-micro-pellet-colour-enhancing,aqa-brineshrimp-flakes,,https://care.best4pets.in/fish/denisoni-barb-2,https://care.best4pets.in/fish/denisoni-barb-2/care/,https://best4pets.in/products/sahayadriadenisonibarbsmall,"Denisoni Barb 2"""
RA-FSH-0733,tyre-track-eel,tyretrackeel,Tyre-Track Eel,Oddball/Predator,Various,Varies,Intermediate-Advanced,Aggressive,All levels,280-1140+ L (species-dependent),6-48 in — varies hugely by species,24-28°C,6.5-7.5,Soft-Medium (5-15 dGH),Carnivore,Solitary or species-dependent,10-20 years,7-8 in,"Tyre-Track Eel is a specialist 'oddball' predator (such as bichirs, arowana, gar, knifefish or eels). Most grow large and hunt, so the exact species dictates tank size and tankmates.","Use a tight, weighted lid — most oddball predators jump or climb. | Predatory: never house with fish small enough to be swallowed. | Research the exact species — many outgrow standard aquariums dramatically.",aqa-brineshrimp-flakes,,Predatory — feed meaty foods sized to the fish; large species need large prey items.,https://care.best4pets.in/fish/tyre-track-eel,https://care.best4pets.in/fish/tyre-track-eel/care/,https://best4pets.in/products/tyretrackeel,Tyre-Track Eel 7-8inch (Pair)
RA-FSH-0734,tropheus-duboisi,spottedduboisi,Tropheus duboisi,Tanganyikan Cichlid,Cichlidae,"Lake Tanganyika, East Africa",Intermediate,Territorial,All levels,115-200 L (species-dependent),2-14 in — varies by species,24-28°C,7.8-9.0,Hard / Alkaline (10-20 dGH),Carnivore/Omnivore,Colony or pair (species-dependent),8-15 years,1 in,"Tropheus duboisi is a Lake Tanganyika cichlid needing hard, alkaline water. This group ranges from tiny shell-dwellers to large Frontosa, so check the specific species' adult size and setup.","Hard, alkaline water with the right decor — shells for shell-dwellers, rock for others. | Adult size varies enormously across this group — confirm the species before stocking. | Feed appropriately: many are micro-predators; avoid excess for the smaller species.",aqa-cichlid-colour-enhancer,aqa-brineshrimp-flakes,,https://care.best4pets.in/fish/tropheus-duboisi,https://care.best4pets.in/fish/tropheus-duboisi/care/,https://best4pets.in/products/spottedduboisi,"Tropheus duboisi 1"""
RA-FSH-0368,electric-blue-neon-dwarf-goby-stiphodon-atropurpureus,indonesian-dragon-micro-goby-rare,Electric Blue Dwarf Goby (Stiphodon atropurpureus) (Pair),Goby,Gobiidae,Varies,Intermediate,Peaceful (with care),Bottom,40-75 L,1-3 in (2.5-8 cm),22-26°C,7.0-8.0,Medium-Hard (8-15 dGH),Carnivore,Pairs or single,3-5 years,,"Indonesian Dragon Micro Goby is a small bottom goby, often territorial over a favourite cave. Some are strictly freshwater grazers while others (e.g. bumblebee gobies) prefer brackish water — check the species.",Confirm freshwater vs. brackish needs for the exact species. | Offer small live/frozen foods; many ignore dry flake. | Provide caves/territories — gobies defend a small patch.,aqa-brineshrimp-flakes,,Offer small live/frozen foods; many ignore flake.,,https://care.best4pets.in/fish/indonesian-dragon-micro-goby/care/,https://best4pets.in/products/electric-blue-neon-dwarf-goby-stiphodon-atropurpureus,Indonesian Dragon Micro Goby *Rare*
,triangularis-loach,,Zodiac loach,,,,,,,,,,,,,,,,,,,,,,,https://best4pets.in/products/triangularis-loach,
RA-FSH-0031,zebra-lace-angelfish,Zebra Lace Angelfish,Zebra Lace Angelfish,Angelfish,Cichlidae,"Amazon, South America",Intermediate,Semi-aggressive,Middle,115 L (tall),"6 in tall, to 8 in (15-20 cm)",25-29°C,6.0-7.5,Soft-Medium (3-15 dGH),Omnivore,Pairs / small groups,4-10 years,,"Zebra Lace Angelfish is a graceful South American cichlid with a tall body that needs a deep tank. Peaceful for a cichlid, but pairs get territorial when breeding and may eat very small fish.","Use a tall tank to accommodate the fins and body shape. | May eat very small fish (e.g. neon tetras) — choose tankmates by size. | Warm, soft-to-neutral water; pairs become territorial when spawning.",aqa-cichlid-colour-enhancer,aqa-brineshrimp-flakes,,,https://care.best4pets.in/fish/red-shoulder-angelfish-ml/care/,https://best4pets.in/products/zebra-lace-angelfish,Zebra Lace Angelfish (Pair)
